--
-- PostgreSQL database dump
--

-- Dumped from database version 16.4 (Debian 16.4-1.pgdg120+2)
-- Dumped by pg_dump version 16.3

SET statement_timeout = 0;
SET lock_timeout = 0;
SET idle_in_transaction_session_timeout = 0;
SET client_encoding = 'UTF8';
SET standard_conforming_strings = on;
SELECT pg_catalog.set_config('search_path', '', false);
SET check_function_bodies = false;
SET xmloption = content;
SET client_min_messages = warning;
SET row_security = off;

--
-- Name: unaccent; Type: EXTENSION; Schema: -; Owner: -
--

CREATE EXTENSION IF NOT EXISTS unaccent WITH SCHEMA public;


--
-- Name: EXTENSION unaccent; Type: COMMENT; Schema: -; Owner: 
--

COMMENT ON EXTENSION unaccent IS 'text search dictionary that removes accents';


SET default_tablespace = '';

SET default_table_access_method = heap;

--
-- Name: account_enterprises; Type: TABLE; Schema: public; Owner: postgres
--

CREATE TABLE public.account_enterprises (
    id bigint NOT NULL,
    create_at timestamp(6) without time zone,
    update_at timestamp(6) without time zone,
    address text,
    email character varying(200),
    enterprise_name text,
    password character varying(200),
    phone_number character varying(15),
    representative character varying(100),
    status boolean,
    tax_code character varying(20),
    username character varying(20),
    image_id bigint,
    type_detail_id bigint,
    role_id bigint DEFAULT 3,
    city_id character varying(20)
);


ALTER TABLE public.account_enterprises OWNER TO postgres;

--
-- Name: account_enterprises_id_seq; Type: SEQUENCE; Schema: public; Owner: postgres
--

ALTER TABLE public.account_enterprises ALTER COLUMN id ADD GENERATED BY DEFAULT AS IDENTITY (
    SEQUENCE NAME public.account_enterprises_id_seq
    START WITH 1
    INCREMENT BY 1
    NO MINVALUE
    NO MAXVALUE
    CACHE 1
);


--
-- Name: admins; Type: TABLE; Schema: public; Owner: postgres
--

CREATE TABLE public.admins (
    id bigint NOT NULL,
    email character varying(200),
    full_name character varying(50),
    password character varying(100),
    username character varying(20),
    role_id bigint DEFAULT 2
);


ALTER TABLE public.admins OWNER TO postgres;

--
-- Name: admins_id_seq; Type: SEQUENCE; Schema: public; Owner: postgres
--

ALTER TABLE public.admins ALTER COLUMN id ADD GENERATED BY DEFAULT AS IDENTITY (
    SEQUENCE NAME public.admins_id_seq
    START WITH 1
    INCREMENT BY 1
    NO MINVALUE
    NO MAXVALUE
    CACHE 1
);


--
-- Name: areas; Type: TABLE; Schema: public; Owner: postgres
--

CREATE TABLE public.areas (
    id character varying(20) NOT NULL,
    description text,
    name character varying(50),
    status boolean
);


ALTER TABLE public.areas OWNER TO postgres;

--
-- Name: banner; Type: TABLE; Schema: public; Owner: postgres
--

CREATE TABLE public.banner (
    id bigint NOT NULL,
    forward_link text,
    is_active boolean,
    name character varying(100),
    image_id bigint
);


ALTER TABLE public.banner OWNER TO postgres;

--
-- Name: banner_id_seq; Type: SEQUENCE; Schema: public; Owner: postgres
--

ALTER TABLE public.banner ALTER COLUMN id ADD GENERATED BY DEFAULT AS IDENTITY (
    SEQUENCE NAME public.banner_id_seq
    START WITH 1
    INCREMENT BY 1
    NO MINVALUE
    NO MAXVALUE
    CACHE 1
);


--
-- Name: booking_hotels; Type: TABLE; Schema: public; Owner: postgres
--

CREATE TABLE public.booking_hotels (
    id bigint NOT NULL,
    create_at timestamp(6) without time zone,
    update_at timestamp(6) without time zone,
    status character varying(255),
    total_price numeric(38,2),
    payment_id bigint,
    user_id bigint,
    CONSTRAINT booking_hotels_status_check CHECK (((status)::text = ANY ((ARRAY['Pending'::character varying, 'Complete'::character varying, 'Cancelled'::character varying])::text[])))
);


ALTER TABLE public.booking_hotels OWNER TO postgres;

--
-- Name: booking_hotels_details; Type: TABLE; Schema: public; Owner: postgres
--

CREATE TABLE public.booking_hotels_details (
    booking_hotel_detail_id uuid NOT NULL,
    check_in_time timestamp(6) without time zone,
    check_out_time timestamp(6) without time zone,
    create_at timestamp(6) without time zone,
    total_price numeric(10,2),
    update_at timestamp(6) without time zone,
    booking_id bigint,
    room_id bigint,
    price numeric(10,2),
    status character varying(255),
    CONSTRAINT booking_hotels_details_status_check CHECK (((status)::text = ANY ((ARRAY['Pending'::character varying, 'Complete'::character varying, 'Cancelled'::character varying])::text[])))
);


ALTER TABLE public.booking_hotels_details OWNER TO postgres;

--
-- Name: booking_hotels_id_seq; Type: SEQUENCE; Schema: public; Owner: postgres
--

ALTER TABLE public.booking_hotels ALTER COLUMN id ADD GENERATED BY DEFAULT AS IDENTITY (
    SEQUENCE NAME public.booking_hotels_id_seq
    START WITH 1
    INCREMENT BY 1
    NO MINVALUE
    NO MAXVALUE
    CACHE 1
);


--
-- Name: car_company; Type: TABLE; Schema: public; Owner: postgres
--

CREATE TABLE public.car_company (
    id integer NOT NULL,
    name character varying(100),
    phone_number character varying(20),
    rating numeric(2,1),
    enterprise_id bigint
);


ALTER TABLE public.car_company OWNER TO postgres;

--
-- Name: car_company_id_seq; Type: SEQUENCE; Schema: public; Owner: postgres
--

ALTER TABLE public.car_company ALTER COLUMN id ADD GENERATED BY DEFAULT AS IDENTITY (
    SEQUENCE NAME public.car_company_id_seq
    START WITH 1
    INCREMENT BY 1
    NO MINVALUE
    NO MAXVALUE
    CACHE 1
);


--
-- Name: car_images; Type: TABLE; Schema: public; Owner: postgres
--

CREATE TABLE public.car_images (
    car_id integer NOT NULL,
    image_id bigint NOT NULL
);


ALTER TABLE public.car_images OWNER TO postgres;

--
-- Name: checkin_images; Type: TABLE; Schema: public; Owner: postgres
--

CREATE TABLE public.checkin_images (
    id bigint NOT NULL,
    checkin_id bigint NOT NULL,
    image_id bigint NOT NULL
);


ALTER TABLE public.checkin_images OWNER TO postgres;

--
-- Name: checkin_images_id_seq; Type: SEQUENCE; Schema: public; Owner: postgres
--

ALTER TABLE public.checkin_images ALTER COLUMN id ADD GENERATED BY DEFAULT AS IDENTITY (
    SEQUENCE NAME public.checkin_images_id_seq
    START WITH 1
    INCREMENT BY 1
    NO MINVALUE
    NO MAXVALUE
    CACHE 1
);


--
-- Name: checkins; Type: TABLE; Schema: public; Owner: postgres
--

CREATE TABLE public.checkins (
    id bigint NOT NULL,
    create_at timestamp(6) without time zone DEFAULT CURRENT_TIMESTAMP,
    update_at timestamp(6) without time zone DEFAULT CURRENT_TIMESTAMP,
    address text,
    latitude numeric(9,6),
    longitude numeric(9,6),
    name character varying(200),
    pay_fee numeric(10,2),
    city_id character varying(20)
);


ALTER TABLE public.checkins OWNER TO postgres;

--
-- Name: checkins_id_seq; Type: SEQUENCE; Schema: public; Owner: postgres
--

ALTER TABLE public.checkins ALTER COLUMN id ADD GENERATED BY DEFAULT AS IDENTITY (
    SEQUENCE NAME public.checkins_id_seq
    START WITH 1
    INCREMENT BY 1
    NO MINVALUE
    NO MAXVALUE
    CACHE 1
);


--
-- Name: cities; Type: TABLE; Schema: public; Owner: postgres
--

CREATE TABLE public.cities (
    id character varying(20) NOT NULL,
    description text,
    name_city character varying(50),
    area_id character varying(20),
    image_id bigint
);


ALTER TABLE public.cities OWNER TO postgres;

--
-- Name: coupon_room; Type: TABLE; Schema: public; Owner: postgres
--

CREATE TABLE public.coupon_room (
    id bigint NOT NULL,
    coupon_id integer NOT NULL,
    room_id bigint NOT NULL
);


ALTER TABLE public.coupon_room OWNER TO postgres;

--
-- Name: coupon_room_id_seq; Type: SEQUENCE; Schema: public; Owner: postgres
--

ALTER TABLE public.coupon_room ALTER COLUMN id ADD GENERATED BY DEFAULT AS IDENTITY (
    SEQUENCE NAME public.coupon_room_id_seq
    START WITH 1
    INCREMENT BY 1
    NO MINVALUE
    NO MAXVALUE
    CACHE 1
);


--
-- Name: coupons; Type: TABLE; Schema: public; Owner: postgres
--

CREATE TABLE public.coupons (
    id integer NOT NULL,
    create_at timestamp(6) without time zone,
    update_at timestamp(6) without time zone,
    code character varying(50),
    discount_type character varying(255),
    discount_value numeric(10,2),
    end_date date,
    is_active boolean,
    start_date date,
    use_count integer,
    use_limit integer,
    account_enterprise_id bigint,
    CONSTRAINT coupons_discount_type_check CHECK (((discount_type)::text = ANY ((ARRAY['PERCENT'::character varying, 'FIXED_AMOUNT'::character varying])::text[])))
);


ALTER TABLE public.coupons OWNER TO postgres;

--
-- Name: coupons_id_seq; Type: SEQUENCE; Schema: public; Owner: postgres
--

ALTER TABLE public.coupons ALTER COLUMN id ADD GENERATED BY DEFAULT AS IDENTITY (
    SEQUENCE NAME public.coupons_id_seq
    START WITH 1
    INCREMENT BY 1
    NO MINVALUE
    NO MAXVALUE
    CACHE 1
);


--
-- Name: feedbacks; Type: TABLE; Schema: public; Owner: postgres
--

CREATE TABLE public.feedbacks (
    id uuid NOT NULL,
    create_at timestamp(6) without time zone,
    update_at timestamp(6) without time zone,
    content character varying(1000),
    rating integer,
    enterprise_id bigint NOT NULL,
    user_id bigint NOT NULL
);


ALTER TABLE public.feedbacks OWNER TO postgres;

--
-- Name: hotel_amenities; Type: TABLE; Schema: public; Owner: postgres
--

CREATE TABLE public.hotel_amenities (
    id integer NOT NULL,
    description character varying(255),
    fee numeric(10,2),
    name character varying(100),
    status boolean,
    hotel_id bigint,
    icon_id bigint
);


ALTER TABLE public.hotel_amenities OWNER TO postgres;

--
-- Name: hotel_amenities_id_seq; Type: SEQUENCE; Schema: public; Owner: postgres
--

ALTER TABLE public.hotel_amenities ALTER COLUMN id ADD GENERATED BY DEFAULT AS IDENTITY (
    SEQUENCE NAME public.hotel_amenities_id_seq
    START WITH 1
    INCREMENT BY 1
    NO MINVALUE
    NO MAXVALUE
    CACHE 1
);


--
-- Name: hotel_images; Type: TABLE; Schema: public; Owner: postgres
--

CREATE TABLE public.hotel_images (
    id bigint NOT NULL,
    hotel_id bigint,
    image_id bigint
);


ALTER TABLE public.hotel_images OWNER TO postgres;

--
-- Name: hotel_images_id_seq; Type: SEQUENCE; Schema: public; Owner: postgres
--

ALTER TABLE public.hotel_images ALTER COLUMN id ADD GENERATED BY DEFAULT AS IDENTITY (
    SEQUENCE NAME public.hotel_images_id_seq
    START WITH 1
    INCREMENT BY 1
    NO MINVALUE
    NO MAXVALUE
    CACHE 1
);


--
-- Name: hotel_users; Type: TABLE; Schema: public; Owner: postgres
--

CREATE TABLE public.hotel_users (
    hotel_id bigint NOT NULL,
    user_id bigint NOT NULL
);


ALTER TABLE public.hotel_users OWNER TO postgres;

--
-- Name: hotels; Type: TABLE; Schema: public; Owner: postgres
--

CREATE TABLE public.hotels (
    id bigint NOT NULL,
    create_at timestamp(6) without time zone,
    update_at timestamp(6) without time zone,
    address text NOT NULL,
    description text,
    name character varying(255),
    phone_number character varying(255),
    rating integer,
    enterprise_id bigint,
    status boolean DEFAULT true
);


ALTER TABLE public.hotels OWNER TO postgres;

--
-- Name: hotels_id_seq; Type: SEQUENCE; Schema: public; Owner: postgres
--

ALTER TABLE public.hotels ALTER COLUMN id ADD GENERATED BY DEFAULT AS IDENTITY (
    SEQUENCE NAME public.hotels_id_seq
    START WITH 1
    INCREMENT BY 1
    NO MINVALUE
    NO MAXVALUE
    CACHE 1
);


--
-- Name: images; Type: TABLE; Schema: public; Owner: postgres
--

CREATE TABLE public.images (
    id bigint NOT NULL,
    url text
);


ALTER TABLE public.images OWNER TO postgres;

--
-- Name: images_id_seq; Type: SEQUENCE; Schema: public; Owner: postgres
--

ALTER TABLE public.images ALTER COLUMN id ADD GENERATED BY DEFAULT AS IDENTITY (
    SEQUENCE NAME public.images_id_seq
    START WITH 1
    INCREMENT BY 1
    NO MINVALUE
    NO MAXVALUE
    CACHE 1
);


--
-- Name: payments; Type: TABLE; Schema: public; Owner: postgres
--

CREATE TABLE public.payments (
    id bigint NOT NULL,
    description character varying(255),
    fee double precision,
    payment_method character varying(50) NOT NULL
);


ALTER TABLE public.payments OWNER TO postgres;

--
-- Name: payments_id_seq; Type: SEQUENCE; Schema: public; Owner: postgres
--

ALTER TABLE public.payments ALTER COLUMN id ADD GENERATED BY DEFAULT AS IDENTITY (
    SEQUENCE NAME public.payments_id_seq
    START WITH 1
    INCREMENT BY 1
    NO MINVALUE
    NO MAXVALUE
    CACHE 1
);


--
-- Name: plan; Type: TABLE; Schema: public; Owner: postgres
--

CREATE TABLE public.plan (
    id integer NOT NULL,
    budget numeric(10,2),
    destination character varying(50),
    end_date date,
    number_people integer,
    origin_location character varying(50),
    plan_name character varying(50),
    start_date date,
    status character varying(20),
    status_payment character varying(20),
    total_price numeric(10,2),
    payment_id bigint,
    user_id bigint,
    discount_price numeric(10,2),
    final_price numeric(10,2),
    CONSTRAINT plan_status_check CHECK (((status)::text = ANY ((ARRAY['NOT_STARTED'::character varying, 'IN_PROGRESS'::character varying, 'COMPLETE'::character varying, 'CANCELLED'::character varying])::text[]))),
    CONSTRAINT plan_status_payment_check CHECK (((status_payment)::text = ANY ((ARRAY['Pending'::character varying, 'Complete'::character varying, 'Cancelled'::character varying])::text[])))
);


ALTER TABLE public.plan OWNER TO postgres;

--
-- Name: plan_details; Type: TABLE; Schema: public; Owner: postgres
--

CREATE TABLE public.plan_details (
    id integer NOT NULL,
    end_date timestamp(6) without time zone,
    service_id text,
    start_date timestamp(6) without time zone,
    status character varying(255),
    ticket_id integer,
    total_price numeric(10,2),
    plan_id integer,
    type_ede bigint,
    CONSTRAINT plan_details_status_check CHECK (((status)::text = ANY ((ARRAY['NOT_STARTED'::character varying, 'IN_PROGRESS'::character varying, 'COMPLETE'::character varying, 'CANCELLED'::character varying])::text[])))
);


ALTER TABLE public.plan_details OWNER TO postgres;

--
-- Name: plan_details_id_seq; Type: SEQUENCE; Schema: public; Owner: postgres
--

ALTER TABLE public.plan_details ALTER COLUMN id ADD GENERATED BY DEFAULT AS IDENTITY (
    SEQUENCE NAME public.plan_details_id_seq
    START WITH 1
    INCREMENT BY 1
    NO MINVALUE
    NO MAXVALUE
    CACHE 1
);


--
-- Name: plan_id_seq; Type: SEQUENCE; Schema: public; Owner: postgres
--

ALTER TABLE public.plan ALTER COLUMN id ADD GENERATED BY DEFAULT AS IDENTITY (
    SEQUENCE NAME public.plan_id_seq
    START WITH 1
    INCREMENT BY 1
    NO MINVALUE
    NO MAXVALUE
    CACHE 1
);


--
-- Name: roles; Type: TABLE; Schema: public; Owner: postgres
--

CREATE TABLE public.roles (
    id bigint NOT NULL,
    name character varying(50) NOT NULL
);


ALTER TABLE public.roles OWNER TO postgres;

--
-- Name: roles_id_seq; Type: SEQUENCE; Schema: public; Owner: postgres
--

ALTER TABLE public.roles ALTER COLUMN id ADD GENERATED BY DEFAULT AS IDENTITY (
    SEQUENCE NAME public.roles_id_seq
    START WITH 1
    INCREMENT BY 1
    NO MINVALUE
    NO MAXVALUE
    CACHE 1
);


--
-- Name: room_amenities; Type: TABLE; Schema: public; Owner: postgres
--

CREATE TABLE public.room_amenities (
    id integer NOT NULL,
    description character varying(255),
    fee numeric(10,2),
    name character varying(100),
    status boolean,
    icon_id bigint,
    room_id bigint
);


ALTER TABLE public.room_amenities OWNER TO postgres;

--
-- Name: room_amenities_id_seq; Type: SEQUENCE; Schema: public; Owner: postgres
--

ALTER TABLE public.room_amenities ALTER COLUMN id ADD GENERATED BY DEFAULT AS IDENTITY (
    SEQUENCE NAME public.room_amenities_id_seq
    START WITH 1
    INCREMENT BY 1
    NO MINVALUE
    NO MAXVALUE
    CACHE 1
);


--
-- Name: room_images; Type: TABLE; Schema: public; Owner: postgres
--

CREATE TABLE public.room_images (
    id bigint NOT NULL,
    image_id bigint NOT NULL,
    room_id bigint NOT NULL
);


ALTER TABLE public.room_images OWNER TO postgres;

--
-- Name: room_images_id_seq; Type: SEQUENCE; Schema: public; Owner: postgres
--

ALTER TABLE public.room_images ALTER COLUMN id ADD GENERATED BY DEFAULT AS IDENTITY (
    SEQUENCE NAME public.room_images_id_seq
    START WITH 1
    INCREMENT BY 1
    NO MINVALUE
    NO MAXVALUE
    CACHE 1
);


--
-- Name: rooms; Type: TABLE; Schema: public; Owner: postgres
--

CREATE TABLE public.rooms (
    id bigint NOT NULL,
    description text,
    is_available boolean,
    max_size integer NOT NULL,
    price numeric(10,2),
    rating integer,
    room_name character varying(100),
    type_of_room character varying(255),
    hotel_id bigint,
    CONSTRAINT rooms_type_of_room_check CHECK (((type_of_room)::text = ANY ((ARRAY['Standard'::character varying, 'Superior'::character varying, 'Deluxe'::character varying, 'Suite'::character varying])::text[])))
);


ALTER TABLE public.rooms OWNER TO postgres;

--
-- Name: rooms_id_seq; Type: SEQUENCE; Schema: public; Owner: postgres
--

ALTER TABLE public.rooms ALTER COLUMN id ADD GENERATED BY DEFAULT AS IDENTITY (
    SEQUENCE NAME public.rooms_id_seq
    START WITH 1
    INCREMENT BY 1
    NO MINVALUE
    NO MAXVALUE
    CACHE 1
);


--
-- Name: routes; Type: TABLE; Schema: public; Owner: postgres
--

CREATE TABLE public.routes (
    id character varying(10) NOT NULL,
    destination_station_id integer,
    origin_station_id integer
);


ALTER TABLE public.routes OWNER TO postgres;

--
-- Name: schedule_seats; Type: TABLE; Schema: public; Owner: postgres
--

CREATE TABLE public.schedule_seats (
    id integer NOT NULL,
    status character varying(255),
    schedule_id integer,
    seat_id integer,
    seat_number character varying(255),
    CONSTRAINT schedule_seats_status_check CHECK (((status)::text = ANY ((ARRAY['Empty'::character varying, 'Full'::character varying])::text[])))
);


ALTER TABLE public.schedule_seats OWNER TO postgres;

--
-- Name: schedule_seats_id_seq; Type: SEQUENCE; Schema: public; Owner: postgres
--

ALTER TABLE public.schedule_seats ALTER COLUMN id ADD GENERATED BY DEFAULT AS IDENTITY (
    SEQUENCE NAME public.schedule_seats_id_seq
    START WITH 1
    INCREMENT BY 1
    NO MINVALUE
    NO MAXVALUE
    CACHE 1
);


--
-- Name: schedules; Type: TABLE; Schema: public; Owner: postgres
--

CREATE TABLE public.schedules (
    id integer NOT NULL,
    create_at timestamp(6) without time zone,
    update_at timestamp(6) without time zone,
    arrival_time timestamp without time zone,
    departure_time timestamp without time zone,
    route_id character varying(10),
    vehicle_code character varying(10),
    price_for_one_seat numeric(10,2)
);


ALTER TABLE public.schedules OWNER TO postgres;

--
-- Name: schedules_id_seq; Type: SEQUENCE; Schema: public; Owner: postgres
--

ALTER TABLE public.schedules ALTER COLUMN id ADD GENERATED BY DEFAULT AS IDENTITY (
    SEQUENCE NAME public.schedules_id_seq
    START WITH 1
    INCREMENT BY 1
    NO MINVALUE
    NO MAXVALUE
    CACHE 1
);


--
-- Name: seats; Type: TABLE; Schema: public; Owner: postgres
--

CREATE TABLE public.seats (
    id integer NOT NULL,
    seat_number character varying(5),
    status_seat character varying(255),
    vehicle_code character varying(10),
    CONSTRAINT seats_status_seat_check CHECK (((status_seat)::text = ANY ((ARRAY['Empty'::character varying, 'Full'::character varying])::text[])))
);


ALTER TABLE public.seats OWNER TO postgres;

--
-- Name: seats_id_seq; Type: SEQUENCE; Schema: public; Owner: postgres
--

ALTER TABLE public.seats ALTER COLUMN id ADD GENERATED BY DEFAULT AS IDENTITY (
    SEQUENCE NAME public.seats_id_seq
    START WITH 1
    INCREMENT BY 1
    NO MINVALUE
    NO MAXVALUE
    CACHE 1
);


--
-- Name: social_accounts; Type: TABLE; Schema: public; Owner: postgres
--

CREATE TABLE public.social_accounts (
    id bigint NOT NULL,
    provider character varying(30) NOT NULL,
    provider_id character varying(30) NOT NULL,
    user_id bigint NOT NULL
);


ALTER TABLE public.social_accounts OWNER TO postgres;

--
-- Name: social_accounts_id_seq; Type: SEQUENCE; Schema: public; Owner: postgres
--

ALTER TABLE public.social_accounts ALTER COLUMN id ADD GENERATED BY DEFAULT AS IDENTITY (
    SEQUENCE NAME public.social_accounts_id_seq
    START WITH 1
    INCREMENT BY 1
    NO MINVALUE
    NO MAXVALUE
    CACHE 1
);


--
-- Name: stations; Type: TABLE; Schema: public; Owner: postgres
--

CREATE TABLE public.stations (
    id integer NOT NULL,
    city_id character varying(20),
    country character varying(50),
    name character varying(100),
    city character varying(50)
);


ALTER TABLE public.stations OWNER TO postgres;

--
-- Name: stations_id_seq; Type: SEQUENCE; Schema: public; Owner: postgres
--

ALTER TABLE public.stations ALTER COLUMN id ADD GENERATED BY DEFAULT AS IDENTITY (
    SEQUENCE NAME public.stations_id_seq
    START WITH 1
    INCREMENT BY 1
    NO MINVALUE
    NO MAXVALUE
    CACHE 1
);


--
-- Name: tags; Type: TABLE; Schema: public; Owner: postgres
--

CREATE TABLE public.tags (
    id integer NOT NULL,
    description character varying(255),
    name character varying(255)
);


ALTER TABLE public.tags OWNER TO postgres;

--
-- Name: tags_id_seq; Type: SEQUENCE; Schema: public; Owner: postgres
--

ALTER TABLE public.tags ALTER COLUMN id ADD GENERATED BY DEFAULT AS IDENTITY (
    SEQUENCE NAME public.tags_id_seq
    START WITH 1
    INCREMENT BY 1
    NO MINVALUE
    NO MAXVALUE
    CACHE 1
);


--
-- Name: ticket_coupons; Type: TABLE; Schema: public; Owner: postgres
--

CREATE TABLE public.ticket_coupons (
    ticket_id integer NOT NULL,
    coupon_id integer NOT NULL
);


ALTER TABLE public.ticket_coupons OWNER TO postgres;

--
-- Name: ticket_seats; Type: TABLE; Schema: public; Owner: postgres
--

CREATE TABLE public.ticket_seats (
    ticket_id integer NOT NULL,
    seat_id integer NOT NULL
);


ALTER TABLE public.ticket_seats OWNER TO postgres;

--
-- Name: tickets; Type: TABLE; Schema: public; Owner: postgres
--

CREATE TABLE public.tickets (
    id integer NOT NULL,
    create_at timestamp(6) without time zone,
    update_at timestamp(6) without time zone,
    status character varying(255),
    total_price numeric(10,2),
    payment_id bigint,
    schedule_id integer,
    user_id bigint,
    CONSTRAINT tickets_status_check CHECK (((status)::text = ANY ((ARRAY['Pending'::character varying, 'Canceled'::character varying, 'Complete'::character varying, 'Cancelled'::character varying])::text[])))
);


ALTER TABLE public.tickets OWNER TO postgres;

--
-- Name: tickets_id_seq; Type: SEQUENCE; Schema: public; Owner: postgres
--

ALTER TABLE public.tickets ALTER COLUMN id ADD GENERATED BY DEFAULT AS IDENTITY (
    SEQUENCE NAME public.tickets_id_seq
    START WITH 1
    INCREMENT BY 1
    NO MINVALUE
    NO MAXVALUE
    CACHE 1
);


--
-- Name: tour_tag; Type: TABLE; Schema: public; Owner: postgres
--

CREATE TABLE public.tour_tag (
    tour_id integer NOT NULL,
    tag_id integer NOT NULL
);


ALTER TABLE public.tour_tag OWNER TO postgres;

--
-- Name: tours; Type: TABLE; Schema: public; Owner: postgres
--

CREATE TABLE public.tours (
    id integer NOT NULL,
    create_at timestamp(6) without time zone,
    update_at timestamp(6) without time zone,
    day integer,
    description text,
    is_active boolean NOT NULL,
    night integer,
    note character varying(255),
    number_people integer,
    rating double precision,
    title character varying(255),
    total_price double precision,
    admin_id bigint,
    car_company_id integer,
    checkin_id bigint,
    hotel_id bigint,
    route_id character varying(10)
);


ALTER TABLE public.tours OWNER TO postgres;

--
-- Name: tours_id_seq; Type: SEQUENCE; Schema: public; Owner: postgres
--

ALTER TABLE public.tours ALTER COLUMN id ADD GENERATED BY DEFAULT AS IDENTITY (
    SEQUENCE NAME public.tours_id_seq
    START WITH 1
    INCREMENT BY 1
    NO MINVALUE
    NO MAXVALUE
    CACHE 1
);


--
-- Name: tours_images; Type: TABLE; Schema: public; Owner: postgres
--

CREATE TABLE public.tours_images (
    tour_id integer NOT NULL,
    images_id bigint NOT NULL
);


ALTER TABLE public.tours_images OWNER TO postgres;

--
-- Name: tours_user_used; Type: TABLE; Schema: public; Owner: postgres
--

CREATE TABLE public.tours_user_used (
    tour_id integer NOT NULL,
    user_used_id bigint NOT NULL
);


ALTER TABLE public.tours_user_used OWNER TO postgres;

--
-- Name: type_enterprise_details; Type: TABLE; Schema: public; Owner: postgres
--

CREATE TABLE public.type_enterprise_details (
    id bigint NOT NULL,
    description text,
    name character varying(50),
    id_type_enterprise bigint NOT NULL
);


ALTER TABLE public.type_enterprise_details OWNER TO postgres;

--
-- Name: type_enterprise_details_id_seq; Type: SEQUENCE; Schema: public; Owner: postgres
--

ALTER TABLE public.type_enterprise_details ALTER COLUMN id ADD GENERATED BY DEFAULT AS IDENTITY (
    SEQUENCE NAME public.type_enterprise_details_id_seq
    START WITH 1
    INCREMENT BY 1
    NO MINVALUE
    NO MAXVALUE
    CACHE 1
);


--
-- Name: type_enterprises; Type: TABLE; Schema: public; Owner: postgres
--

CREATE TABLE public.type_enterprises (
    id bigint NOT NULL,
    description character varying(500),
    name_type character varying(50)
);


ALTER TABLE public.type_enterprises OWNER TO postgres;

--
-- Name: type_enterprises_id_seq; Type: SEQUENCE; Schema: public; Owner: postgres
--

ALTER TABLE public.type_enterprises ALTER COLUMN id ADD GENERATED BY DEFAULT AS IDENTITY (
    SEQUENCE NAME public.type_enterprises_id_seq
    START WITH 1
    INCREMENT BY 1
    NO MINVALUE
    NO MAXVALUE
    CACHE 1
);


--
-- Name: users; Type: TABLE; Schema: public; Owner: postgres
--

CREATE TABLE public.users (
    id bigint NOT NULL,
    create_at timestamp(6) without time zone DEFAULT CURRENT_TIMESTAMP,
    update_at timestamp(6) without time zone DEFAULT CURRENT_TIMESTAMP,
    address text,
    birthdate date NOT NULL,
    email character varying(100) NOT NULL,
    fullname character varying(50) NOT NULL,
    gender character varying(5),
    is_active boolean DEFAULT true,
    facebook_account_id character varying(255),
    google_account_id character varying(255),
    password character varying(100) NOT NULL,
    phonenumber character varying(20) NOT NULL,
    username character varying(50) NOT NULL,
    image_id bigint,
    role_id bigint DEFAULT 1,
    facebook_id character varying(255),
    google_id character varying(255)
);


ALTER TABLE public.users OWNER TO postgres;

--
-- Name: users_id_seq; Type: SEQUENCE; Schema: public; Owner: postgres
--

ALTER TABLE public.users ALTER COLUMN id ADD GENERATED BY DEFAULT AS IDENTITY (
    SEQUENCE NAME public.users_id_seq
    START WITH 1
    INCREMENT BY 1
    NO MINVALUE
    NO MAXVALUE
    CACHE 1
);


--
-- Name: vehicles; Type: TABLE; Schema: public; Owner: postgres
--

CREATE TABLE public.vehicles (
    code character varying(10) NOT NULL,
    capacity integer,
    driver_name character varying(50),
    driver_phone character varying(20),
    plate_number character varying(20),
    type_vehicle character varying(255),
    car_company_id integer,
    CONSTRAINT vehicles_type_vehicle_check CHECK (((type_vehicle)::text = ANY ((ARRAY['Vip'::character varying, 'Standard'::character varying])::text[])))
);


ALTER TABLE public.vehicles OWNER TO postgres;

--
-- Data for Name: account_enterprises; Type: TABLE DATA; Schema: public; Owner: postgres
--

COPY public.account_enterprises (id, create_at, update_at, address, email, enterprise_name, password, phone_number, representative, status, tax_code, username, image_id, type_detail_id, role_id, city_id) FROM stdin;
350	2024-10-27 00:18:03.435945	2024-10-27 00:18:03.435945	Phường Xuân Yên, TP. Tuy Hòa	homestayxuanyen@gmail.com	Homestay Xuân Yên	$2a$12$r3m1yGaOfsp3HOgeI0Q6OumJlc2doHSYbuExTim2.aXKfNoEf/ro2	02573817777	Nguyễn Văn Đức	t	null	homestayxuanyen	\N	5	3	PY257
582	2024-10-27 00:24:09.811811	2024-10-27 00:24:09.811811	Xã Tân Thành, Huyện An Dương	homestaytanthanh@gmail.com	Homestay Tân Thành	$2a$12$UJ/g8oM8rRyhvjujrh/LFehqxynnrq324we6NLwsHXi36tsKjzlSi	02253856555	Trần Văn Thành	t	null	homestaytanthanh	\N	5	3	HP225
584	2024-10-27 00:24:12.899902	2024-10-27 00:24:12.899902	Xã Đông Hải, Huyện Hải An	homestaydonghai@gmail.com	Homestay Đông Hải	$2a$12$V9bb3iUyACRFJ2v8LBrfLOir4hqYyqlDFAXKlbj2JX0MU0nqlvkua	02253856777	Lê Thị Hải	t	null	homestaydonghai	\N	5	3	HP225
580	2024-10-27 00:24:06.626536	2024-10-27 00:24:06.626536	Đường Trần Hưng Đạo, Ngô Quyền	khachsanstarsity@gmail.com	Khách Sạn Starcity	$2a$12$IE4OS/uTHlYjuO91fuXxxOA.YeNmbtIHURLJAAR0FZEMpI1GkZvEy	02253856333	Lê Văn Đạo	t	null	khachsanstarsity	\N	4	3	HP225
2	2024-10-14 08:04:36	2024-12-15 15:44:09.681931	\N	huynhhaonam1204@gmail.com	Homestay Babyboo	$2a$12$IqMpwOEYR6LeQt7VVKfcA.EWb6UgY93tfHQjWBcjFQ5Fd1J5A0Gja	0456123789	Lê Thị B	t	\N	babyboo	\N	5	3	\N
146	\N	2024-11-27 22:01:29.458638	Xã Mỹ An, Huyện Tháp Mười, Đồng Tháp	homestaymyan@gmail.com	Homestay Mỹ An	hsmyan123	02773878222	Dương Thị Quỳnh	t	\N	hsmyan	\N	5	3	DT277
4	2024-10-14 08:06:55	2024-11-27 21:51:32.647148	\N	causeul@gmail.com	Causeul Resort	causeul123	0753159852	Hồ Thị C	t	\N	causeul	\N	6	3	\N
10	\N	\N	9 Hoang Hoa Tham, Vung Tau, Vietnam	anhoaresidence123@gmail.com	An Hoa Residence	anhoaresidence123	0254355088	Lê Thị C	t	\N	anhoaresidence	\N	5	3	BR254
6	\N	\N	Thôn Hạnh Trí 1, xã Quảng Sơn, Huyện Ninh Sơn, Tỉnh Ninh Thuận	ananh123@gmail.com	Công ty TNHH Thương mại và Vận tải An Anh Quê Hương	ananh123	0987650122	Huỳnh Thị Tường Vân	t	4500619317	ananh	\N	1	3	NT259
9	\N	\N	126 Hùng Vương, tổ 5, KP Sê nhắc, TT. Đinh Văn, H. Lâm Hà, T. Lâm Đồng	congtytnhhdienlinh@gmail.com	CÔNG TY TNHH ĐIỀN LINH	dienlinh123	0822765329	Nguyễn Điền Linh	t	5800968014	dienlinh	\N	1	3	LD263
150	\N	\N	Đường Nguyễn Thái Học, TP. Vĩnh Long	khachsanvinhlong@gmail.com	Khách Sạn Vĩnh Long	ksvinhlong123	02703841111	Vũ Thị Hạnh	t	\N	ksvinhlong	\N	4	3	VL270
153	\N	\N	Xã Tân Ngãi, TP. Vĩnh Long	homestaytangaid@gmail.com	Homestay Tân Ngãi	hstanngai101	02703843444	Đỗ Thị Trâm	t	\N	hstanngai1	\N	5	3	VL270
143	\N	2024-11-27 22:01:21.899153	Xã Mỹ Hiệp, Huyện Cao Lãnh, Đồng Tháp	homestaymyhiep@gmail.com	Homestay Mỹ Hiệp	hsmyhiep123	02773866222	Trần Thị Hiền	t	\N	hsmyhiep	\N	5	3	DT277
151	\N	\N	Đường Trần Phú, TP. Vĩnh Long	khachsankhaihoan@gmail.com	Khách Sạn Khải Hoàn	kskhaihoan456	02703841222	Bùi Văn Lộc	t	\N	kskhaihoan	\N	4	3	VL270
140	\N	\N	Đường 30/4, TP. Cao Lãnh, Đồng Tháp	khachsansaigondongthap@gmail.com	Khách Sạn Sài Gòn - Đồng Tháp	kssaigon123 	02773855555	Hoàng Thị Hằng	t	\N	kssaigon	\N	4	3	DT277
148	\N	\N	Đường 30/4, TP. Sa Đéc, Đồng Tháp	resorttruongthinh@gmail.com	Resort Trường Thịnh	rstruongthinh123	02773933666	Trịnh Văn Tuấn	t	\N	rstruongthinh	\N	6	3	DT277
344	2024-10-27 00:17:53.989587	2024-10-27 00:17:53.989587	Đường Lê Duẩn, TP. Tuy Hòa	khachsagoinpy@gmail.com	Khách Sạn Sài Gòn - Phú Yên	$2a$12$okxHbicaQEG4mIdpC9Ubeea9iGEB4zLUJtgQWCT//4y6qa8q4Jwcq	02573811111	Nguyễn Văn Bình	f	null	khachsagoinpy	\N	4	3	PY257
149	\N	\N	Đường Quốc Lộ 1A, TP. Cao Lãnh, Đồng Tháp	resortdongthap@gmail.com	Resort Đồng Tháp	rsdongthap123	02773855888	Phan Thị Tình	t	\N	rsdongthap	\N	6	3	DT277
145	\N	\N	Xã Tân Hòa, Huyện Lai Vung, Đồng Tháp	homestaytanhoa@gmail.com	Homestay Tân Hòa	hstanhoa123	02773840333	Lý Thị Ngọc	t	\N	hstanhoa	\N	5	3	DT277
7	\N	\N	168 Trần Hưng Đạo, khóm 8 Phường 5, TP. Cà Mau	hoangho123@gmail.com	Khách sạn Hoàng Hổ	hoangho123	0919525268	Nguyễn Văn B	t	\N	hoangho	\N	4	3	CM290
32	\N	\N	456 Lê Duẩn, TP. Cà Mau	khachsanhuonggiang@gmail.com	Khách sạn Hương Giang	huonggiang123	0290765432	Bùi Quang Hùng	t	\N	huonggiang	\N	4	3	CM290
36	\N	\N	303 Lê Lợi, TP. Cà Mau	homestayculao123@gmail.com	Homestay Cù Lao	culao123	0290567890	Lê Văn Cường	t	\N	rsculao	\N	6	3	CM290
38	\N	\N	505 Phan Đình Phùng, TP. Cà Mau	resortbiencamau@gmail.com	Resort Biển Cà Mau	biencamau123	0290789012	Võ Thị Lan	t	\N	rscamau	\N	6	3	CM290
37	\N	\N	404 Trần Phú, TP. Cà Mau	resortsangtrong123@gmail.com	Resort Sang Trọng	sangtrong123	0290678901	Phan Thanh Long	t	\N	rssantrong	\N	6	3	CM290
34	\N	\N	101 Hồ Tùng Mậu, TP. Cà Mau	homstaycamau123@gmail.com	Homestay Cà Mau Đẹp	camaudep123	0290345678	Hoàng Minh Đức	t	\N	hscamau	\N	5	3	CM290
33	\N	\N	789 Trần Hưng Đạo, TP. Cà Mau	khachsancamau@gmail.com	Khách sạn Cà Mau	camau123	0290234567	Vũ Thị Hà	t	\N	kscamau	\N	4	3	CM290
35	\N	\N	202 Nguyễn Thị Minh Khai, TP. Cà Mau	homestaytinhban123@gmail.com	Homestay Tình Bạn	tinhban123	0290456789	Phạm Thị Dung	t	\N	hstinhban	\N	5	3	CM290
31	\N	\N	Số 49 Nguyễn Trãi, P. Thành Công, TP. Buôn Ma Thuột, Đắk Lắk	longvanlimousinecs@gmail.com	Công ty TNHH Vận tải Thương mại Long Vân Limousine	longvan123	0983389779	Lê Long Vân	t	6001620751	longvan	\N	1	3	DL262
3	2024-10-14 08:05:38	2024-11-27 21:52:59.390883	\N	lala@gmail.com	Lala Hotel	lala123	0789456852	Huỳnh Văn L	t	\N	lala	\N	4	3	\N
30	\N	2024-11-26 21:40:03.939319	Ngã 4 Amata, Kp4, P, Tam Hoà, Thành phố Biên Hòa	xetannien19009208@gmail.com	Công ty TNHH Tân Niên	tannien123	0842769998	Huỳnh Tân Niên	t	3601428677	tannien	\N	1	3	DN251
587	2024-10-27 00:24:17.646633	2024-10-27 00:24:17.646633	Xã Minh Khai, Huyện Thủy Nguyên	resortminhkai@gmail.com	Resort Minh Khai	$2a$12$VcdKU/IaqZoNDGBnBTS3SugdearcfeQJ91C09p4NkgJMjtl6sLXw.	02253857000	Lê Văn Khai	t	null	resortminhkai	\N	6	3	HP225
586	2024-10-27 00:24:16.075594	2024-10-27 00:24:16.075594	Xã Vũ Yên, Huyện Thủy Nguyên	resortvuyen@gmail.com	Resort Vũ Yên	$2a$12$r4TrqNYmhwJwzb7p0YrVfOJxzEQ.Hnu/WbSEnF/S57X2NGyrPvkG6	02253856999	Nguyễn Thị Yên	t	null	resortvuyen	\N	6	3	HP225
593	2024-10-27 00:24:27.111211	2024-10-27 00:24:27.111211	Xã Thái Tân, Huyện Kim Thành	homestaythaitan@gmail.com	Homestay Thái Tân	$2a$12$5BsSG8N4jhLmvUaWPw0nBuy/JWik7IxQ0XcoOVf7F95p314yiBT7i	02203856666	Nguyễn Văn Tân	t	null	homestaythaitan	\N	5	3	HD220
563	2024-10-27 00:23:39.647541	2024-10-27 00:23:39.647541	Xã Tây Tiến, Huyện Hưng Hà	homestaytaytien@gmail.com	Homestay Tây Tiến	$2a$12$iojdlRKOIMyFsii4FFSD3.8gBfgWxGQnTgUIi/.eF4O6pMozwS5/u	02273856666	Nguyễn Văn Hòa	t	null	homestaytaytien	\N	5	3	TB227
564	2024-10-27 00:23:41.273605	2024-10-27 00:23:41.273605	Xã Văn Lương, Huyện Kiến Xương	homestayvanluong@gmail.com	Homestay Văn Lương	$2a$12$eS3GtPqRXTj7y28caxe2s.4CZhXN70cKcTKCZ4ptgR1cM46rGrjIG	02273856777	Lê Thị Lan	t	null	homestayvanluong	\N	5	3	TB227
569	2024-10-27 00:23:49.278408	2024-10-27 00:23:49.278408	Đường Nguyễn Văn Linh, TP. Hưng Yên	khachsanuan@gmail.com	Khách Sạn Phú An	$2a$12$Nfmx6RPLBpMMNlznfUBdguRrMrD51T1dWPFXlNYGppB8vLQPFO6qO	02213856222	Trần Thị An	t	null	khachsanuan	\N	4	3	HY221
567	2024-10-27 00:23:46.08044	2024-10-27 00:23:46.08044	Xã Bắc Sơn, Huyện Quỳnh Phụ	resortbacson@gmail.com	Resort Bắc Sơn	$2a$12$hbxt9GPI4LOwqYV31IU0yOxAAfYoiwOOrIkxIGNLYdNxdybTdzAQm	02273857000	Lê Văn Tuấn	t	null	resortbacson	\N	6	3	TB227
90	\N	2024-11-16 14:16:24.18556	Đường Lê Lợi, TP. Cần Thơ	khachsannambo123@gmail.com	Khách Sạn Nam Bộ	$2a$12$lcV6x3OlLsxzfeBUHFx27eRCONnA8oFsQM3EJTy.xFaqaq.U29vzG	02923730999	Đặng Văn Thành	t	\N	ksnambo	\N	4	3	CT292
154	\N	\N	Xã Long Phước, Huyện Long Hồ, Vĩnh Long	homestaylongphuoc@gmail.com	Homestay Long Phước	hslongphuoc202	02703844555	Võ Văn Vượng	t	\N	hslongphuoc2	\N	5	3	VL270
39	\N	\N	606 Đinh Tiên Hoàng, TP. Cà Mau	homestaysongnuoc@gmail.com	Homestay Sông Nước	songnuoc123	0290890123	Đỗ Văn Hoàng	t	\N	hssongnuoc	\N	5	3	CM290
43	\N	\N	789 Trần Phú, TP. Bạc Liêu	khachsanhoanghon123@gmail.com	Khách sạn Hoàng Hôn	hoanghon123	0291234567	Phan Thanh Long	t	\N	kshoanghon	\N	4	3	BL291
41	\N	\N	123 Nguyễn Huệ, TP. Bạc Liêu	khachsanbaclieu123@gmail.com	Khách sạn Bạc Liêu	baclieu123	0291123456	Đỗ Văn Hoàng	t	\N	ksbaclieu	\N	4	3	BL291
64	\N	\N	101 Đường 30/4, TP. Sóc Trăng	homestaynhuy123@gmail.com	Homestay Như Ý	nhuy123	0292345678	Vũ Văn Kiên	t	\N	hsnhuy	\N	5	3	ST299
73	\N	\N	Đường 19 Tháng 8, TP. Vị Thanh, Hậu Giang	khachsanhaugiang@gmail.com	Khách Sạn Hậu Giang	haugiang123	02933850777	Dương Văn Lâm	t	\N	kshaugiang	\N	4	3	HG293
80	\N	\N	Xã Long Bình, Huyện Long Mỹ, Hậu Giang	homestaylongbinh@gmail.com	Homestay Long Bình	longbinh123	02933888888	Bùi Thị Cẩm	t	\N	hslongbinh	\N	5	3	HG293
77	\N	\N	Xã Tân Phú, Huyện Châu Thành A, Hậu Giang	homestaytanphu@gmail.com	Homestay Tân Phú"	tanphu123	02933865555	Võ Thị Hồng	t	\N	hstanphu	\N	5	3	HG293
79	\N	\N	Đường Ngô Thì Nhậm, TP. Vị Thanh, Hậu Giang	homestayvithanh123@gmail.com	Homestay Vị Thanh	vithanh123	02933860888	Đặng Minh Châu	t	\N	hsvithanh	\N	5	3	HG293
82	\N	\N	Xã Lương Nghĩa, Huyện Long Mỹ, Hậu Giang	resortngocsuong123@gmail.com	Resort Ngọc Sương	ngocsuong123	02933878777	Hoàng Văn Việt	t	\N	rsngocsuong	\N	6	3	HG293
81	\N	\N	Đường Trần Quang Khải, TP. Vị Thanh, Hậu Giang	resorthaugiang123@gmail.com	Resort Hậu Giang	haugiang123	02933859999	Vũ Văn Bình	t	\N	rshaugiang	\N	6	3	HG293
78	\N	\N	Xã Phú Hữu, Huyện Châu Thành A, Hậu Giang	homestayphuhuu123@gmail.com	Homestay Phú Hữu	phuhuu123	02933821222	Đỗ Văn Dương	t	\N	hsphuhuu	\N	5	3	HG293
76	\N	\N	Xã Nhơn Nghĩa, Huyện Châu Thành, Hậu Giang	homestaynhonnghia123@gmail.com	Homestay Nhơn Nghĩa	nhonnghia123	02933831111	Phan Văn Hùng	t	\N	hsnhonnghia	\N	5	3	HG293
72	\N	\N	Quốc lộ 14, Buôn Lê B, Thị Trấn Ea Drăng, Huyện Ea H'leo, Tỉnh Đắk Lắk, Việt Nam	xecuongny@gmail.com	CÔNG TY CỔ PHẦN THƯƠNG MẠI PHƯỚC THỊNH	cuongny123	0974403403	LÊ VĂN HÙNG	t	6001770718	cuongny	\N	1	3	DL262
95	\N	\N	Xã Giai Xuân, Huyện Phong Điền, Cần Thơ	homestaygiaixuan@gmail.com	Homestay Giai Xuân	hsgiaixuan123	02923655444	Lê Thị Phương	t	\N	hsgiaixuan	\N	5	3	CT292
91	\N	\N	Đường Nguyễn Trãi, TP. Cần Thơ	khachsanninhkieu@gmail.com	Khách Sạn Ninh Kiều	ksninhkieu123	02923828666	Bùi Thị Thảo	t	\N	ksninhkieu	\N	4	3	CT292
92	\N	\N	Xã Mỹ Khánh, Huyện Phong Điền, Cần Thơ	homestarymykhanh@gmail.com	Homestay Mỹ Khánh	hsmykhanh123	02923650222	Vũ Văn Sáng	t	\N	hsmykhanh	\N	5	3	CT292
93	\N	\N	Xã Tân Thới, Huyện Phong Điền, Cần Thơ	homestaytanthoi@gmail.com	Homestay Tân Thới	hstanthoi123	02923651111	Hoàng Thị Quỳnh	t	\N	hstanthoi	\N	5	3	CT292
96	\N	\N	Đường 30 Tháng 4, TP. Cần Thơ	homestayhanhphuc@gmail.com	Homestay Hạnh Phúc	hshanhphuc123	02923735222	Trần Thị Nhàn	t	\N	hshanhphuc	\N	5	3	CT292
89	\N	\N	Đường Hùng Vương, TP. Cần Thơ	khachsancantho123@gmail.com	Khách Sạn Vinpearl Cần Thơ	kscantho123	02923738888	Đỗ Minh Thắng	t	\N	kscantho	\N	4	3	CT292
51	\N	\N	18 Nguyễn Thái Bình, Phường Nguyễn Thái Bình, Quận 1	anhquoclms@gmail.com	CÔNG TY TNHH DỊCH VỤ VẬN TẢI ANH QUỐC	anhquoc123	0822703845	NGUYỄN THÀNH TIẾN	t	3502358323	anhquoc	\N	1	3	HCM28
52	\N	\N	79  Nguyễn Thái Bình, Quận 1	huyhoanglms@gmail.com	HUY HOÀNG LIMOUSINE	huyhoang123	0961555544	Nguyễn Huy Hoàng	t	0313724226	huyhoang	\N	1	3	HCM28
53	\N	\N	Số 14 đường số 3, khu dân cư Mega Ruby Khang Điền, Phường Phú Hữu, Thành phố Thủ Đức, TP Hồ Chí Minh	benthanhtravel.com@gmail.com	CÔNG TY CP DỊCH VỤ DU LỊCH QUỐC TẾ BẾN THÀNH	benthanh123	0822139211	Thạch Huỳnh Thành Bến	t	0318384541	benthanhtravel	\N	1	3	HCM28
544	2024-10-27 00:23:09.728547	2024-10-27 00:23:09.728547	Xã Yên Sơn, Huyện Yên Khánh	homestayyenson@gmail.com	Homestay Yên Sơn	$2a$12$jiXu240bQ1CxoBV9kuR3NOXZe5Om4D9jezyokBDCwet3B6XZ2jIkC	02293856777	Nguyễn Thị Lâm	t	null	homestayyenson	\N	5	3	NB229
554	2024-10-27 00:23:25.476446	2024-10-27 00:23:25.476446	Xã Ngọc Sơn, Huyện Kim Bảng	homestayngocson@gmail.com	Homestay Ngọc Sơn	$2a$12$spY0SjDAP3o7qOSYkyO0p.zbJfHJtk8nMETJE2207hiQPTVCdIiE6	02263856777	Trần Văn Minh	t	null	homestayngocson	\N	5	3	HN226
542	2024-10-27 00:23:06.634336	2024-10-27 00:23:06.634336	Xã Ninh Xuân, Huyện Hoa Lư	homestayninhxuan@gmail.com	Homestay Ninh Xuân	$2a$12$C7PQfv2lhTl5J6wjutr0recNJYUnVNeoTO0zuR05.jQxKCYEGGbvq	02293856555	Lê Thị Mai	t	null	homestayninhxuan	\N	5	3	NB229
552	2024-10-27 00:23:22.337977	2024-10-27 00:23:22.337977	Xã Liên Sơn, Huyện Thanh Liêm	homestaylienson@gmail.com	Homestay Liên Sơn	$2a$12$.rXxV.lHAoQ98JJcp4lt1uq88WkgfDS0SmppTF0NCGhCrTfXLFk3G	02263856555	Trần Văn Tuấn	t	null	homestaylienson	\N	5	3	HN226
551	2024-10-27 00:23:20.778384	2024-10-27 00:23:20.778384	Xã Bảo Toàn, Huyện Bình Lục	homestaybaotoan@gmail.com	Homestay Bảo Toàn	$2a$12$kt0rhBWNrJhFJ7PPLQHUGumSeaqscjYzM5yPpnFXdj5v8tFYWRUQi	02263856444	Nguyễn Thị Thu	t	null	homestaybaotoan	\N	5	3	HN226
537	2024-10-27 00:22:58.683944	2024-10-27 00:22:58.683944	Xã Hồng Quang, Huyện Nam Trực	resorthongquang@gmail.com	Resort Hồng Quang	$2a$12$GPDsI0u3ityJgdYjUfUmjO8O7tl/4z23NSN.PWNRIYq6ykZJNmyae	02283857000	Nguyễn Thị Bích	t	null	resorthongquang	\N	6	3	ND228
533	2024-10-27 00:22:52.31632	2024-10-27 00:22:52.31632	Xã Xuân Trường, Huyện Xuân Trường	homestayxuantruong@gmail.com	Homestay Xuân Trường	$2a$12$wQ4MbpSr0o0q5qStRfwDZe3vqZs9PZDYsZNp76KQ/2OAjLAZnInY2	02283856666	Trần Văn Tuấn	t	null	homestayxuantruong	\N	5	3	ND228
534	2024-10-27 00:22:53.904312	2024-10-27 00:22:53.904312	Xã Hải Minh, Huyện Hải Hậu	homestayhaiminh@gmail.com	Homestay Hải Minh	$2a$12$VZT9ThPk6EOhxlzmoQR.vOjBhvn3RwXBkGtOYjogZ28KQpI7qXBeu	02283856777	Nguyễn Văn Sơn	t	null	homestayhaiminh	\N	5	3	ND228
126	\N	\N	525 Đ. An Dương Vương, Phường 8, Quận 5, Hồ Chí Minh	xelienhung@gmail.com	CÔNG TY TNHH DU LỊCH VÀ THƯƠNG MẠI LIÊN HƯNG	lienhung123	0905988982	NGUYỄN ĐỨC HƯNG	t	4201219374	lienhung	\N	1	3	HCM28
127	\N	\N	685 Đ. Hồng Bàng, Phường 6, Quận 6, TP Hồ Chí Minh	toankhaitravel@gmail.com	Toàn Khải Travel	toankhai123	0813878999	Nguyễn Toàn Khải	t	0317999415	toankhai	\N	1	3	HCM28
99	\N	\N	Đường 3/2, TP. Rạch Giá, Kiên Giang	khachsanrachgia@gmail.com	Khách Sạn Victoria Rạch Giá	ksvictoriarachgia123	02973853888	Dương Văn Nam	t	\N	ksvictoriarachgia	\N	4	3	KG297
97	\N	\N	Đường Trần Hưng Đạo, TP. Cần Thơ	resortcantho@gmail.com	Resort Cần Thơ	rscantho123	02923747888	Nguyễn Văn Minh	t	\N	rscantho	\N	6	3	CT292
98	\N	\N	Xã Tân Thới, Huyện Phong Điền, Cần Thơ	resortvuonco@gmail.com	Resort Vườn Cò	rsvuonco123	02923652777	Lý Thị Linh	t	\N	rsvuonco	\N	6	3	CT292
160	\N	\N	Đường Nguyễn Huệ, TP. Trà Vinh\t	khachsantravin123@gmail.com	Khách Sạn Trà Vinh	kstravinh123	02943852111	Võ Minh Ngọc	t	\N	kstravinh1	\N	4	3	TV294
162	\N	\N	Đường Hùng Vương, TP. Trà Vinh\t	khachsanmekong1@gmail.com	Khách Sạn Mekong	ksmekong789	02943852333	Đặng Thị Lệ	t	\N	ksmekong7	\N	4	3	TV294
124	\N	\N	270 Trần Phú, phường 8, Quận 5, TP.HCM	dlcaolam@gmail.com	Công ty TNHH Vận tải Cao Lâm	caolam123	0907831831	CAO THỊ TOÀN	t	3400524187	caolam	\N	1	3	HCM28
107	\N	\N	Đường Trần Hưng Đạo, TP. Phú Quốc, Kiên Giang	Resortjwmarriottphuquoc@gmail.com	Resort JW Marriott Phú Quốc	rsjwmarriottphuquoc123	02973990888	Vũ Văn Bình	t	\N	rsjwmarriottphuquoc	\N	6	3	KG297
101	\N	\N	Đường Trần Hưng Đạo, TP. Phú Quốc, Kiên Giang	khachsannovotelphuquoc@gmail.com	Khách Sạn Novotel Phú Quốc	kssannovotelphuquoc123	02973991111	Trịnh Văn Lâm	t	\N	kssannovotelphuquoc	\N	4	3	KG297
108	\N	\N	Xã Dương Tơ, TP. Phú Quốc, Kiên Giang	resortvuonco@gmail.comesortvinpearlphuquoc@gmail.com	Resort Vinpearl Phú Quốc	rsvinpearlphuquoc123	02973991222	Hoàng Thị Anh	t	\N	rsvinpearlphuquoc	\N	6	3	KG297
104	\N	\N	Xã An Hòa, Huyện An Biên, Kiên Giang	homestayanhoa@gmail.com	Homestay An Hòa	hsanhoa123	02973890222	Đỗ Minh Hiếu	t	\N	hsanhoa	\N	5	3	KG297
100	\N	\N	Đường Nguyễn Công Trứ, TP. Rạch Giá, Kiên Giang	khachsanngocha@gmail.com	Khách Sạn Ngọc Hà	kssanngocha123	02973899999	Cao Thị Mai	t	\N	kssanngocha	\N	4	3	KG297
132	\N	\N	Đường Nguyễn Thái Học, TP. Châu Đốc, An Giang	khachsanvictoriachaudoc@gmail.com	Khách Sạn Victoria Châu Đốc	chaudoc123	02963883333	Đặng Văn Khang	t	\N	kschaudoc	\N	4	3	AG296
130	\N	\N	Đường Lê Lợi, TP. Long Xuyên, An Giang	khachsanhoabinh@gmail.com	Khách Sạn Hòa Bình	hoabinh123	02963868888	Võ Minh Tâm	t	\N	kshoabinh	\N	4	3	AG296
131	\N	\N	Đường Trần Hưng Đạo, TP. Long Xuyên, An Giang	khachsansaigonangiang@gmail.com	Khách Sạn Sài Gòn - An Giang	angiang123	02963868999	Đỗ Thị Kim	t	\N	ksangiang	\N	4	3	AG296
158	\N	\N	Đường Quốc Lộ 1A, Huyện Long Hồ, Vĩnh Long	resortvinhlong@gmail.com	Resort Vĩnh Long	rsvinhlong606	02703848999	Dương Văn Phong	t	\N	rsvinhlong	\N	6	3	VL270
156	\N	\N	Xã Thanh Đức, Huyện Long Hồ, Vĩnh Long	homestaythanhluc@gmail.com	Homestay Thanh Đức	hsthanhduc404	02703846777	Trịnh Minh Anh	t	\N	hsthanhduc4	\N	5	3	VL270
159	\N	\N	Đường 30/4, Huyện Mang Thít, Vĩnh Long	resortthanbinh@gmail.com	Resort Thanh Bình	rsthanhbinh707	02703849000	Lý Thị Cường	t	\N	rsthanhbinh	\N	6	3	VL270
155	\N	\N	Xã Bình Minh, Huyện Bình Minh, Vĩnh Long	homestaybinhminh@gmail.com	Homestay Bình Minh	hsbinhminh303	02703845666	Phan Thị Xuân	t	\N	hsbinhminh3	\N	5	3	VL270
157	\N	\N	Đường Trần Đề, TP. Vĩnh Long	homestayvinhlong@gmail.com	Homestay Vĩnh Long	hsvinhlong505	02703847888	Cao Thị Ánh	t	\N	hsvinhlong	\N	5	3	VL270
442	2024-10-27 00:20:28.765227	2024-10-27 00:20:28.765227	Xã Hương Nộn, Huyện Tam Nông	homestayhuongnon@gmail.com	Homestay Hương Nộn	$2a$12$2I1WriS642R2uS5pMeArjO3qWFYogy2Agpc6spmRPI4XWVAMt4v1S	02103856444	Nguyễn Thị Lệ	t	null	homestayhuongnon	\N	5	3	PT210
452	2024-10-27 00:20:44.642141	2024-10-27 00:20:44.642141	Xã Tiên Sơn, Huyện Việt Yên	homestaytienson@gmail.com	Homestay Tiên Sơn	$2a$12$GLQrSq4/I2KKIa3GQicC1eYT4TKuE558/LReVbXyRkq3T5gKslf.y	02043856555	Trần Văn Dũng	t	null	homestaytienson	\N	5	3	BG204
441	2024-10-27 00:20:27.212795	2024-10-27 00:20:27.212795	Đường Lê Quý Đôn, TP. Việt Trì	khachsanvanxuan@gmail.com	Khách Sạn Vạn Xuân	$2a$12$5ly8oBSbxF08pc2zfY90zuWetmDIAsOFTSyKnHhhgxFUKg4Q7nf/i	02103856333	Lê Văn Bình	t	null	khachsanvanxuan	\N	4	3	PT210
422	2024-10-27 00:19:56.820693	2024-10-27 00:19:56.820693	Đường Quốc lộ 43, Huyện Mường La	resortmuongla@gmail.com	Resort Mường La	$2a$12$EPzR2t9fQDXLXCB1zzzZFu..Iob8eCfVr1G16lJiIL/iskbgrxdvi	02123856999	Nguyễn Văn Hải	t	null	resortmuongla	\N	6	3	SL212
503	2024-10-27 00:22:04.969784	2024-10-27 00:22:04.969784	Xã Yên Thịnh, Huyện Chợ Đồn	homestayyenthinh@gmail.com	Homestay Yên Thịnh	$2a$12$r1Z7LfxC84DWhDRbNFkx/OzRSWs2EfQaC5uRB4Ma.LBPkKSPE0/fG	02063856666	Trần Thị Thu	t	null	homestayyenthinh	\N	5	3	BK209
174	\N	\N	Đường Lê Văn Khương, TP. Bến Tre	khachsanhungvuong12@gmail.com	Khách Sạn Hùng Vương	kshungvuong456	02753835222	Phạm Văn Yên	t	\N	kshungvuong4	\N	4	3	BT275
182	\N	\N	Đường 30/4, TP. Bến Tre	resortbentreriver1@gmail.com	Resort Bến Tre River	rsbentree707	02753842000	Phan Văn Sang	t	\N	rsbentree7	\N	6	3	BT275
173	\N	\N	Đường Nguyễn Huệ, TP. Bến Tre	khachsanbentre12@gmail.com	Khách Sạn Bến Tre	ksbentree123	02753835111\n	Hoàng Thị An	t	\N	ksbentree1	\N	4	3	BT275
179	\N	\N	Xã Tân Thành, Huyện Mỏ Cày Nam, Bến Tre	homestaytanthanh12@gmail.com	Homestay Tân Thành	hstathanthanh404\n\n	02753839777	Dương Văn Toàn	t	\N	hstathanthanh4	\N	5	3	BT275
177	\N	\N	Xã Phú Nhuận, Huyện Bến Tre, Bến Tre	homestayphunhuan12@gmail.com	Homestay Phú Nhuận	hsphunhuan202	02753837555	Nguyễn Thị Uyên	t	\N	hsphunhuan2	\N	5	3	BT275
191	\N	\N	Đường Quốc Lộ 50, TP. Mỹ Tho	resortmythoriverside12@gmail.com\t	Resort Mỹ Tho Riverside	rsmythoriverside123	02733888999	Trần Thị Nga	t	\N	rsmythoriverside1	\N	6	3	TG273
183	\N	\N	Đường Nguyễn Huệ, TP. Mỹ Tho	ksmytho12@gmail.com	Khách Sạn Mỹ Tho	ksmytho123	02733882111	Võ Văn Thắng	t	\N	ksmytho1	\N	4	3	TG273
186	\N	\N	Xã Tân Phong, TP. Mỹ Tho	homestaytanphong12@gmail.com\t	Homestay Tân Phong	homestaytanphong123	02733883444	Bùi Văn Quân	t	\N	hstanphong1	\N	5	3	TG273
185	\N	\N	Đường Trần Hưng Đạo, TP. Mỹ Tho	ksdongnai12@gmail.com\t	Khách Sạn Đồng Na	ksdongnai123	02733882333	Đặng Minh Quyết	t	\N	ksdongnai1	\N	4	3	TG273
184	\N	\N	Đường Lê Lợi, TP. Mỹ Tho	kstrungan12@gmail.com\t	Khách Sạn Trung An	kstrungan123	02733882222	Đỗ Thị Sang	t	\N	kstrungan1	\N	4	3	TG273
169	\N	\N	Đường 30/4, TP. Trà Vinh\t	resortmylong1@gmail.com	Resort Mỹ Long	rsmylong707	02943859000	Nguyễn Thị Đan	t	\N	rsmylong7	\N	6	3	TV294
168	\N	\N	Đường Quốc Lộ 60, Huyện Trà Cú, Trà Vinh\t	resorttravinbeach1@gmail.com	Resort Trà Vinh Beach	rstvbeach606	02943858999	Trần Văn Đông	t	\N	rstvbeach6	\N	6	3	TV294
167	\N	\N	Đường Nguyễn Trãi, TP. Trà Vinh\t	homestaytravin1@gmail.com	Homestay Trà Vinh	hstravinh505	02943857888	Lê Thị Gấm	t	\N	hstravinh5	\N	5	3	TV294
166	\N	\N	Xã Long Đức, Huyện Long Hồ, Trà Vinh\t	homestaylongduc1@gmail.com	Homestay Long Đức	hslongduc404	02943856777	Phạm Văn Hậu	t	\N	hslongduc4	\N	5	3	TV294
165	\N	\N	Xã Mỹ Long, Huyện Cầu Ngang, Trà Vinh\t	homestaymylong1@gmail.com	Homestay Mỹ Long	hsmylong303	02943855666	Hoàng Văn Hiệp	t	\N	hsmylong3	\N	5	3	TV294
163	\N	\N	Xã Hòa Tân, Huyện Càng Long, Trà Vinh\t	homestayhoatan1@gmail.com	Homestay Hòa Tân	hshoatan101	02943853444	Bùi Thị Lan	t	\N	hshoatan1	\N	5	3	TV294
121	\N	\N	Đường Dương Đông, TP. Phú Quốc, Kiên Giang	homestaybaisao123@gmail.com	Homestay Bãi Sao	hsbaisao1234	02973992424	Trần Thị Sang	t	\N	hsbaisao1	\N	5	3	KG297
123	\N	\N	Xã Dương Tơ, TP. Phú Quốc, Kiên GiangXã Dương Tơ, TP. Phú Quốc, Kiên Giang	resortvinearlphuquoc@gmail.com	Resort Vinpearl Phú Quốc	rsvinpearlphuquoc1234	02973991322	Lý Văn Phát	t	\N	rsvinpearlphuquoc1	\N	6	3	KG297
136	\N	\N	Xã Tân Trung, Huyện Châu Thành, An Giang	homestaytantrung123@gmail.com	Homestay Tân Trung	tantrung123	02963865333	Phạm Thị Duyên	t	\N	hstantrung	\N	5	3	AG296
138	\N	\N	Đường Trần Hưng Đạo, TP. Châu Đốc, An Giang	resortvictoriachaudoc@gmail.com	Resort Victoria Châu Đốc	chaudoc12	02963883444	Trần Minh Bảo	t	\N	rschaudoc	\N	6	3	AG296
134	\N	\N	Xã Khánh An, Huyện An Phú, An Giang	homestaykhanhan@gmaial.com	Homestay Khánh An	khanhan123	02963855111	Vũ Thị Diễm	t	\N	hskhanhan	\N	5	3	AG296
133	\N	\N	Xã Tân An, Huyện Tịnh Biên, An Giang	homestaytanan@gmail.com	Homestay Tân An	tanan123	02963855222	Bùi Văn Hòa	t	\N	hstanan	\N	5	3	AG296
137	\N	\N	Đường Nguyễn Thị Minh Khai, TP. Long Xuyên, An Giang	homestaylongxuyen@gmail.com	Homestay Long Xuyên	longxuyen123	02963868666	Lê Thị Châu	t	\N	hslongxuyen	\N	5	3	AG296
139	\N	\N	Đường Quốc Lộ 91, TP. Châu Đốc, An Giang	resortphuquoc12@gmail.com	Resort Phú Quốc An Giang	angiang12	02963880888	Nguyễn Thị Ánh	t	\N	rsphuquocangiang	\N	6	3	AG296
135	\N	\N	Xã Vĩnh Hội Đông, Huyện An Phú, An Giang	homestayvinhhoi@gmail.com	Homestay Vĩnh Hội	vinhhoi123	02963880222	Hoàng Văn Đông	t	\N	hsvinhhoi	\N	5	3	AG296
524	2024-10-27 00:22:38.165384	2024-10-27 00:22:38.165384	Xã Thượng Phùng, Huyện Mèo Vạc	homestaythuongphung@gmail.com	Homestay Thượng Phùng	$2a$12$4FL7cjggbGG5h7J6p/o2K.KgJzG0gz28stqk0iI2q5qs.dbIQAwv.	02193856777	Phạm Văn Cường	t	null	homestaythuongphung	\N	5	3	HG219
525	2024-10-27 00:22:39.726929	2024-10-27 00:22:39.726929	Xã Lũng Cú, Huyện Đồng Văn	homestaylungcu@gmail.com	Homestay Lũng Cú	$2a$12$J4UO0410ELyKyDwEuZtSLeaQUcy0uSZgbnJKzKBh0EMIGbzOe2kG6	02193856888	Nguyễn Văn Hưng	t	null	homestaylungcu	\N	5	3	HG219
70	\N	\N	606 Hồ Chí Minh, TP. Sóc Trăng	homestaymuahe@gmail.com	Homestay Mùa Hè	muahe123	0292901234	Lý Thị Bình	t	\N	hsmuahe	\N	5	3	ST299
61	\N	\N	123 Nguyễn Huệ, TP. Sóc Trăng	soctrang123@gmail.com	Khách sạn Sóc Trăng	soctrang123	0292123456	Đỗ Thị Ly	t	\N	kssoctrang	\N	4	3	ST299
200	\N	2024-10-27 01:06:09	Số 546 Nguyễn Văn Linh, Phường Phú Lâm, TP Tuy Hoà, Phú Yên	xehongson@gmail.com	CÔNG TY TNHH VẬN TẢI HỒNG SƠN	hongson123	0935935807	NGUYỄN HOÀNG SƠN	t	4400814321	hongson	\N	1	3	PY257
197	\N	\N	201B Nguyễn Thị Nhỏ, Phường 16, Quận 11, Thành phố Hồ Chí Minh	thienthienhuong616@gmail.com	CÔNG TY TNHH MỘT THÀNH VIÊN THIÊN THIÊN HƯƠNG AN GIANG	thienthienhuong123	0963822616	Lý Thiên Hương	t	1600543578-004	thienthienhuong	\N	1	3	HCM28
195	\N	\N	E11 Đường số 8, KDC Nông Thổ Sản II Cần Thơ, Khu vực Thạnh Lợi, Phường Phú Thứ, Quận Cái Răng, Thành phố Cần Thơ	vulinhbuslines@gmail.com	CÔNG TY TNHH MTV KHÁCH SẠN DU LỊCH VẬN TẢI VŨ LINH	vulinh123	0932751093	Tô Ngọc Vũ	t	1801314063	vulinh	\N	1	3	CT292
215	\N	\N	Đường Quốc Lộ 62, Huyện Bến Lức, Long An	resortphuan1@gmail.com	Resort Phú An	phuan123	02723843000	Hoàng Văn Vinh	t	\N	phuan1	\N	6	3	LA272
210	\N	\N	Xã Nhơn Thạnh, Huyện Bến Lức, Long An	homestaynhonthanh1@gmail.com	Homestay Nhơn Thạnh	nhonthanh123	02723838555	Lý Văn Thành	t	\N	nhonthanh1	\N	5	3	LA272
65	\N	\N	202 Nguyễn Thị Minh Khai, TP. Sóc Trăng	homestaybinhyen@gmail.com	Homestay Bình Yên	binhyen123	0292456789	Hoàng Minh Khôi	t	\N	hsbinhyen	\N	5	3	ST299
69	\N	\N	505 Đường 1/5, TP. Sóc Trăng	homestayhoabach@gmail.com	Homestay Hoa Bạch	hoabach123	0292890123	Nguyễn Văn Đạt	t	\N	hshoabach	\N	5	3	ST299
67	\N	\N	404 Trần Phú, TP. Sóc Trăng	resortbaclieu123@gmail.com	Resort Bạc Liêu	baclieu123	0292678901	Lê Thị Giang	t	\N	resortbaclieu	\N	6	3	ST299
63	\N	\N	789 Trần Hưng Đạo, TP. Sóc Trăng	khachsanconong123@gmail.com	Khách sạn Tâm An	taman123	0292234567	Bùi Thị Lệ	t	\N	kstaman	\N	4	3	ST299
202	\N	\N	41 Lê Thánh Tôn, Nghĩa Chánh, TP. Quảng Ngãi, Quảng Ngãi	votruongchinh@gmail.com	CÔNG TY TNHH MTV DVVT TUẤN TÚ	tuantu123	0922337989	Lê Tuấn Tú	t	4300735838	tuantu	\N	1	3	QN255
198	\N	\N	1275C Đường Ba Tháng Hai, Phường 16 Quận 11, TP HCM	lanvu@bentrelimousine.com	CÔNG TY TNHH THƯƠNG MẠI DỊCH VỤ VẬN TẢI LAN VŨ	lanvu123	0897573756	Hồ Lan Vũ	t	1301114027	lanvu	\N	1	3	HCM28
217	2024-10-27 00:14:30.692091	2024-10-27 00:14:30.692091	Đường Trần Hưng Đạo, Quận 1	khachsanmajestic@gmail.com	Khách Sạn Majestic	$2a$12$MEYkEPJJosaxs211u1Nex.yGf7kAPnn/6LXr2dmDEqKZwld9hgGue	02838295517	Phạm Thị Lan	t	null	khachsanmajestic	\N	4	3	HCM28
218	2024-10-27 00:14:32.238598	2024-10-27 00:14:32.238598	Đường Nguyễn Huệ, Quận 1	khachsangrand@gmail.com	Khách Sạn Grand Saigon	$2a$12$fKL2s8HUCqkZsygyGNfHCOCE31AEyaKa3rzF0Unc5ngavgEs0gT4.	02838292002	Lê Văn Sơn	t	null	khachsangrand	\N	4	3	HCM28
216	2024-10-27 00:14:29.105163	2024-10-27 00:14:29.105163	Đường Lê Lai, Quận 1	khachsanrex@gmail.com	Khách Sạn Rex	$2a$12$VSF8tpv2gOQbXXu1MWMlTOEiS0UlwjG89r9.0H0l1gwQsWHprAQfm	02838292185	Trần Văn Hùng	t	null	khachsanrex	\N	4	3	HCM28
193	\N	\N	Số 116, Đường Hùng Vương, Phường 9, Quận 5, TP HCM	ctytnhhduyquy@gmail.com	CÔNG TY TNHH DUY QUÝ	duyquy123	0833868717	Lê Thanh Duy Quý	t	\N	duyquy	\N	1	3	HCM28
196	\N	\N	Số 9, Ấp Bình Thành, Xã Bình Mỹ, Huyện Châu Phú, Tỉnh An Giang, Việt Nam	huenghiahcm123@gmail.com	CÔNG TY TNHH HUỆ NGHĨA	huenghia123	0874663895	LÊ LONG HỒ	t	1600609444	huenghia	\N	1	3	AG296
201	\N	\N	196 Quốc Lộ 13, phường 26, Bình Thạnh	xemocthao@gmail.com	CÔNG TY CỔ PHẦN DỊCH VỤ DU LỊCH MỘC THẢO	mocthao123	0913419580	NGUYỄN HUỲNH ĐOAN TRANG	t	4401081243	mocthao	\N	1	3	HCM28
199	\N	\N	273 Trần Phú, Phường 8, TPHCM	xekimhoang274@gmail.com	DOANH NGHIỆP TƯ NHÂN KIM HOÀNG	kimhoang123	02839242424	VƯƠNG PHƯỚC CHIỂU	t	2100189088	kimhoang	\N	1	3	HCM28
203	\N	\N	Số 87 phố Hoàng Như Tiếp, Bồ Đề, Long Biên	xekhachanhhuy@gmail.com	CÔNG TY CỔ PHẦN VẬN TẢI VÀ THƯƠNG MẠI ANH HUY	anhhuy123	0975636468	Phạm Khải	t	0105301910	anhhuy	\N	1	3	HN24
194	\N	\N	Số 71 Tôn Đức Thắng, khóm 8, Phường 5, Thành phố Cà Mau, Tỉnh Cà Mau, Việt Nam	xekhachtuanhiep@gmail.com	CHI NHÁNH - DNTN TUẤN HIỆP	tuanhiep123	0947491491	LÝ TUẤN HIỆP	t	1900310447	tuanhiep	\N	1	3	CM290
206	\N	\N	Đường Trần Hưng Đạo, TP. Tân An	khachsantan1@gmail.com	Khách Sạn Tân An	tanan123	02723836111	Phan Văn Khánh	t	\N	tanan	\N	4	3	LA272
209	\N	\N	Xã Bình Tâm, TP. Tân An	homestaybinhtam1@gmail.com	Homestay Bình Tâm	binhtam123	02723837444	Dương Văn Tiến	t	\N	binhtam1	\N	5	3	LA272
208	\N	\N	Đường Quốc Lộ 1A, TP. Tân An	khachsanculuong1@gmail.com	Khách Sạn Cửu Long	cuulong123	02723836333	Cao Minh Sang	t	\N	cuulong1	\N	4	3	LA272
213	\N	\N	Xã Lợi Bình Nhơn, TP. Tân An	homestayloibinhnhon1@gmail.com	Homestay Lợi Bình Nhơn	binhnhon123	02723841888	Lê Thị Trâm	t	\N	binhnhon1	\N	5	3	LA272
207	\N	\N	Đường Lê Duẩn, TP. Tân An	khachsanlongan1@gmail.com	Khách Sạn Long An	longan123	02723836222	Trịnh Văn Long	t	\N	longan1	\N	4	3	LA272
477	2024-10-27 00:21:23.918383	2024-10-27 00:21:23.918383	Xã Lương Sơn, Huyện Phú Lương	resortluongson@gmail.com	Resort Lương Sơn	$2a$12$6ieMYGAm4sBgUqqpQ5udjunyhMoK1Tsp7WlAfPedqxzLpy8Ag7wNS	02083857000	Trần Văn Nam	t	null	resortluongson	\N	6	3	TN208
483	2024-10-27 00:21:33.399858	2024-10-27 00:21:33.399858	Xã Nguyên Khê, Huyện Lục Yên	homestaynguyenkhe@gmail.com	Homestay Nguyên Khê	$2a$12$pNx0ksdr.uw9BZGCuF3DSOfcbprUFXFUdy9.ka8PJDidIAVJ/N2ve	02163856666	Trần Văn Hải	t	null	homestaynguyenkhe	\N	5	3	YB216
227	2024-10-27 00:14:48.190417	2024-10-27 00:14:48.190417	Đường Nguyễn Văn Trỗi, TP. Biên Hòa	khachsangolf@gmail.com	Khách Sạn Golf Biên Hòa	$2a$12$Z8WTqgzLkUWCY11p9TYQOOP2QVwNLs6GH4AdycMS3OYmoxZ9MKzyS	02513883333	Phạm Văn Phúc	t	null	khachsangolf	\N	4	3	DN251
233	2024-10-27 00:14:57.786993	2024-10-27 00:14:57.786993	Đường 19/8, TP. Biên Hòa	resortmelia@gmail.com	Resort Melia Hồ Tràm Beach	$2a$12$ceHCUG0MlNd9kT7fUc93b.xjq65ysYAyBv5G3BnOPsCgvwkEww1Ce	02513681111	Lê Minh Quang	t	null	resortmelia	\N	6	3	DN251
234	2024-10-27 00:14:59.348462	2024-10-27 00:14:59.348462	Xã Phước Tân, TP. Biên Hòa	resortvuonvua@gmail.com	Resort Vườn Vua Resort	$2a$12$QhUzo2ok1sYWjumPXc2.CeYq5GOFhN1eBoY.e4xv1z6FOKZGROOf6	02513899000	Nguyễn Văn Hải	t	null	resortvuonvua	\N	6	3	DN251
219	2024-10-27 00:14:33.813763	2024-10-27 00:14:33.813763	Đường Phạm Ngũ Lão, Quận 1	homestayphamngulao@gmail.com	Homestay Phạm Ngũ Lão	$2a$12$kKIffNttc0P5ZxIA3sTjHOCfv4eByeC/Y71ZefrcQjuJFJLh45xfi	02838362045	Nguyễn Thị Hòa	t	null	homestayphamngulao	\N	5	3	HCM28
220	2024-10-27 00:14:35.420873	2024-10-27 00:14:35.420873	Đường Nguyễn Thị Nghĩa, Quận 1	homestaynghia@gmail.com	Homestay Nghĩa	$2a$12$KUauieifPk6JyeHcBEt26.EjFTYQnTZYBmtvSmI/qpKM9SThf.rne	02838373080	Lê Thị Thảo	t	null	homestaynghia	\N	5	3	HCM28
223	2024-10-27 00:14:41.815686	2024-10-27 00:14:41.815686	Đường Võ Nguyên Giáp, Quận 7	resortanlamsaigonriver@gmail.com	Resort An Lam Saigon River	$2a$12$E6tiL06URKc9TzhYN7MNOu7imu3kiY9XBNyCbcJI4Q6jZKpSxo/Om	02837405888	Trần Thị Hoa	t	null	resortanlam	\N	6	3	HCM28
221	2024-10-27 00:14:36.986211	2024-10-27 00:14:36.986211	Đường Lê Văn Sỹ, Quận 3	homestaylevansy@gmail.com	Homestay Lê Văn Sỹ	$2a$12$FudIKnIm8ypWJ8.FQCqpkua5nJTKx3lS4dr0J3t5yJkqBBqHKKQ8y	02839977997	Trần Minh Khoa	t	null	homestaylevansy	\N	5	3	HCM28
222	2024-10-27 00:14:40.254517	2024-10-27 00:14:40.254517	Đường Lê Văn Sỹ, Quận 3	homestaymoi@gmail.com	Homestay Mới	$2a$12$FO1Te0fCSE9Hv6dBew/ePew1zQL9wPAHUkimDIOfYd60wWGt095YG	02839999999	Nguyễn Văn Khánh	t	null	homestaymoi	\N	5	3	HCM28
224	2024-10-27 00:14:43.40144	2024-10-27 00:14:43.40144	Đường Nguyễn Hữu Cảnh, Bình Thạnh	resortthelandmark@gmail.com	Resort The Landmark	$2a$12$7YxbSUIERBbYE8zrqCImluYkAV6tz8JdXXhKCiiDZnsNhZ8KqYXYm	02822530000	Phạm Văn Lâm	t	null	resortlandmark	\N	6	3	HCM28
228	2024-10-27 00:14:49.78203	2024-10-27 00:14:49.78203	Xã Hố Nai 3, Huyện Trảng Bom	homestayhonai3@gmail.com	Homestay Hố Nai 3	$2a$12$LIEZqLywZEJncq7GzX/ez.NyrpqjyXv2Xwea4a.q.uwwdnOI3mhcG	02513894444	Nguyễn Thị Kim	t	null	homestayhonai3	\N	5	3	DN251
231	2024-10-27 00:14:54.632098	2024-10-27 00:14:54.632098	Xã Long Thành, Huyện Long Thành	homestaylongthanh@gmail.com	Homestay Long Thành	$2a$12$P1lu7hZdrNZozvMZV4dn8OAJjQ.ERjV6gRS7axK5a0SeaF42nCy6y	02513897777	Nguyễn Thị Bích	t	null	homestaylongthanh	\N	5	3	DN251
244	2024-10-27 00:15:15.452973	2024-10-27 00:15:15.452973	Đường Nguyễn Văn Tiết, TP. Thủ Dầu Một	resortphunhuan@gmail.com	Resort Phú Nhuận	$2a$12$UgdkJK8J8DrvtOaqpwAo1.yrw8uK0LqEMsOQs4o2FC15IJ92NZSU.	02743821222	Nguyễn Văn Bình	t	null	resortphunhuan	\N	6	3	BD274
243	2024-10-27 00:15:13.814359	2024-10-27 00:15:13.814359	Đường Hùng Vương, TP. Thủ Dầu Một	resortbachdinh@gmail.com	Resort Bạch Dinh	$2a$12$FWXL23M.AyJpn0zUaoo/YeCgoiLuhz.l8qzQXvvl39RXHKBSUyPle	02743856789	Phạm Thị Tuyết	t	null	resortbachdinh	\N	6	3	BD274
239	2024-10-27 00:15:07.411833	2024-10-27 00:15:07.411833	Phường An Bình, TP. Dĩ An	homestayanbinh@gmail.com	Homestay An Bình	$2a$12$LODYjkF/SCO2kRT/PZcfzegbA9sCpafs6qqsYhrb92dlpH93TdzjS	02743789000	Lê Thị Mai	t	null	homestayanbinh	\N	5	3	BD274
237	2024-10-27 00:15:04.173079	2024-10-27 00:15:04.173079	Đường ĐT743, TP. Dĩ An	khachsandian@gmail.com	Khách Sạn Dĩ An	$2a$12$sgGhuu/R6WW.tcT7cf0uAunTy9HGm2DLSbcGIQX6O6NXQjbKTHefy	02743787888	Nguyễn Thị Lan	t	null	khachsandian	\N	4	3	BD274
240	2024-10-27 00:15:08.946061	2024-10-27 00:15:08.946061	Phường Bình Hòa, TP. Thuận An	homestaybinhhoa@gmail.com	Homestay Bình Hòa	$2a$12$BqDiSJvYKxENtW0IgX9YVO9fJPYcVtNWvZCeADguRoXdvwOwTenr6	02743789111	Trần Văn Thịnh	t	null	homestaybinhhoa	\N	5	3	BD274
242	2024-10-27 00:15:12.231062	2024-10-27 00:15:12.231062	Phường Lái Thiêu, TP. Thuận An	homestaylaithieu@gmail.com	Homestay Lái Thiêu	$2a$12$1S3yMISH1kn3Jwt6dvw8huGxjssectuI3WAGZ4/a/pRcHLKfDU5x.	02743791333	Lê Văn Hòa	t	null	homestaylaithieu	\N	5	3	BD274
241	2024-10-27 00:15:10.634545	2024-10-27 00:15:10.634545	Phường Bình Nhâm, TP. Thuận An	homestaybinhnham@gmail.com	Homestay Bình Nhâm	$2a$12$4Lx8rJMd98H.tX1JtwfsqOHbZHizP5MLy9/UKybyQXOKyVCfT3F1S	02743790222	Nguyễn Thị Hoa	t	null	homestaybinhnham	\N	5	3	BD274
248	2024-10-27 00:15:21.845485	2024-10-27 00:15:21.845485	Xã Suối Ngô, Huyện Dương Minh Châu	homestaysuoingo@gmail.com	Homestay Suối Ngô	$2a$12$xgmQTGA5ca7ztwj7rnnnH.jTmHL6J1dkH2XQp6tLXORDUSm4lnDDe	02763823333	Trần Văn Hưng	t	null	homestaysuoingo	\N	5	3	TN276
249	2024-10-27 00:15:23.406769	2024-10-27 00:15:23.406769	Xã Ninh Sơn, Huyện Ninh Sơn	homestayninhson@gmail.com	Homestay Ninh Sơn	$2a$12$NwZ5Pu9bPg7xKTzK3LS7pui2xDmDXC8VSt.yH.yc4alnLEZ.FATki	02763824444	Lê Thị Bích	t	null	homestayninhson	\N	5	3	TN276
455	2024-10-27 00:20:49.357931	2024-10-27 00:20:49.357931	Xã Tân Hưng, Huyện Yên Thế	homestaytanhung@gmail.com	Homestay Tân Hưng	$2a$12$8C8HinFVGssDv4qp26Wr2OL.ceiLhioxJxzLU00BhfHduzyFoJKqC	02043856888	Nguyễn Văn Khải	t	null	homestaytanhung	\N	5	3	BG204
454	2024-10-27 00:20:47.790667	2024-10-27 00:20:47.790667	Xã Quang Thịnh, Huyện Lạng Giang	homestayquangthinh@gmail.com	Homestay Quang Thịnh	$2a$12$JbfWrorHFGJwHt07.usExuWnGtbx69baJokCiaCQ2l7sFTKOcith6	02043856777	Lê Thị Mai	t	null	homestayquangthinh	\N	5	3	BG204
457	2024-10-27 00:20:52.507568	2024-10-27 00:20:52.507568	Xã Hố Nai, Huyện Lục Ngạn	resorthonai@gmail.com	Resort Hố Nai	$2a$12$QKTcfrte10fJxyBbVEBgIecwyRpq/HVykf/xOCE9a0zW9yzJmavUi	02043857000	Trần Văn Hùng	t	null	resorthonai	\N	6	3	BG204
264	2024-10-27 00:15:47.384549	2024-10-27 00:15:47.384549	Đường Hồ Chí Minh, Huyện Bù Gia Mập	resortvuonbaongoc@gmail.com	Resort Vườn Bảo Ngọc	$2a$12$hKt5BYZl5QxszXqYo9UqB.QmAZcwBE2Xgs4yl4jIKn8Z/U7DK2sNi	02713877777	Trần Văn Sơn	t	null	resortvuonbaongoc	\N	6	3	HCM28
254	2024-10-27 00:15:31.318057	2024-10-27 00:15:31.318057	Đường Trường Chinh, TP. Tây Ninh	resorthoanghao@gmail.com	Resort Hoàng Hảo	$2a$12$BAzVPoZioy4rjZuyzWGC0u2kPf8xQdAS6LZvFiHXbRS/reJ27v7G2	02763862333	Trần Minh Đạt	t	null	resorthoanghao	\N	6	3	TN276
250	2024-10-27 00:15:24.983523	2024-10-27 00:15:24.983523	Phường 3, TP. Tây Ninh	homestayphuong3@gmail.com	Homestay Phường 3	$2a$12$SlWUDnfoW0ronsQMxsKax.cfbC9cZQ1P..4LQIJZJjAXWZDgi6gQG	02763858999	Nguyễn Minh Tuấn	t	null	homestayphuong3	\N	5	3	TN276
253	2024-10-27 00:15:29.759552	2024-10-27 00:15:29.759552	Đường Quốc lộ 22, TP. Tây Ninh	resortcattuong@gmail.com	Resort Cát Tường	$2a$12$w3SEtTywSsBL4mVcwhjHbOX2CjlItOUQIvE7zyCaR0gbTls.etOKa	02763861222	Nguyễn Thị Thu	t	null	resortcattuong	\N	6	3	TN276
252	2024-10-27 00:15:28.172899	2024-10-27 00:15:28.172899	Xã Bàu Năng, Huyện Dương Minh Châu	homestaybaunang@gmail.com	Homestay Bàu Năng	$2a$12$A/6kbkL/jyeju5BMpnlUb.URJxgs0nu1xKvo1bFCgj61LVhzRutlq	02763860111	Lê Văn Đức	t	null	homestaybaunang	\N	5	3	TN276
260	2024-10-27 00:15:40.945864	2024-10-27 00:15:40.945864	Phường Tân Bình, TP. Đồng Xoài	homestaytanbinhdx@gmail.com	Homestay Tân Bình	$2a$12$rVzzgA0G/SjYS8mOJYB4ku7sjYyDQho9jzLYMB3INoS48Oh5BphY2	02713873333	Lê Văn Long	t	null	homestaytanbinhdx	\N	5	3	BH254
263	2024-10-27 00:15:45.809765	2024-10-27 00:15:45.809765	Đường Hùng Vương, TP. Đồng Xoài	resortbudang@gmail.com	Resort Bù Đăng	$2a$12$C7ZWAxsnaMcPd8agqpsSEOVqXxYyDgTgT5zqxPG8//mCIhhX/Xk4G	02713876666	Nguyễn Văn Hưng	t	null	resortbudang	\N	6	3	BH254
255	2024-10-27 00:15:32.913404	2024-10-27 00:15:32.913404	Đường Lê Duẩn, TP. Đồng Xoài	khachsandongxoai@gmail.com	Khách Sạn Đông Xoài	$2a$12$Xiew6nYlrVTPm/jfWxp.Je9L97rAvlkCpbkTgt..JoGTvPT7jBL.G	02713867888	Lê Văn Phú	t	null	khachsandongxoai	\N	4	3	BH254
257	2024-10-27 00:15:36.193661	2024-10-27 00:15:36.193661	Đường Quốc lộ 14, TP. Đồng Phú	khachsandongphu@gmail.com	Khách Sạn Đồng Phú	$2a$12$rskm9N8krHKZpHzMB3sEC.0q5VF7mmmAPVVnOhY81SQBfh1uze6cK	02713870000	Trần Văn Hiếu	t	null	khachsandongphu	\N	4	3	BH254
259	2024-10-27 00:15:39.324494	2024-10-27 00:15:39.324494	Xã Thanh Bình, Huyện Bù Đăng	homestaythanhbinh@gmail.com	Homestay Thanh Bình	$2a$12$GqCJH3xl.MVeFBYFo31QX.g/E5GMkpSfT14M7e91zAqB8dnIinxPa	02713872222	Nguyễn Minh Khoa	t	null	homestaythanhbinh	\N	5	3	BH254
258	2024-10-27 00:15:37.783388	2024-10-27 00:15:37.783388	Xã Phú Nghĩa, Huyện Bù Gia Mập	homestayphunghia@gmail.com	Homestay Phú Nghĩa	$2a$12$GxvEIOwZqJ5gIjPNrCQpp.uSG0e7qQ6qWSxZ2mtjOG30jmBhQgCWC	02713871111	Phạm Thị Hạnh	t	null	homestayphunghia	\N	5	3	BH254
262	2024-10-27 00:15:44.146581	2024-10-27 00:15:44.146581	Xã Phú Riềng, Huyện Phú Riềng	homestayphurieng@gmail.com	Homestay Phú Riềng	$2a$12$bWpGJUciFsuLwFdDyf4PhOQnQ/oYTfU9UIaQplkRnatx5y8hxcNMu	02713875555	Lê Thị Hà	t	null	homestayphurieng	\N	5	3	BH254
261	2024-10-27 00:15:42.562664	2024-10-27 00:15:42.562664	Xã Nghĩa Trung, Huyện Bù Đăng	homestaynghiatrung@gmail.com	Homestay Nghĩa Trung	$2a$12$s8nqhGar9Q2KJkCTgeZo2eNd0KWd0tDlh5qfsnybDBQO51osuLx5u	02713874444	Trần Thị Nga	t	null	homestaynghiatrung	\N	5	3	BH254
268	2024-10-27 00:15:53.795679	2024-10-27 00:15:53.795679	Xã Tân Lạc, Huyện Lạc Dương	homestaytanlac@gmail.com	Homestay Tân Lạc	$2a$12$wG66K/l45Fh9AyMtp60CeuJ96NGtIA64kdsPvXjytsbbni7r6UE7.	02633879999	Nguyễn Văn Quốc	t	null	homestaytanlac	\N	5	3	LD263
271	2024-10-27 00:15:58.601297	2024-10-27 00:15:58.601297	Xã Đạ Nhim, Huyện Lạc Dương	homestaydanhim@gmail.com	Homestay Đạ Nhim	$2a$12$NUoyAMVdRjrCPtg9vsc9q.qMU2GB/cZvRpCjIVbPdPhb0orla1gyW	02633881222	Nguyễn Hữu Thanh	t	null	homestaydanhim	\N	5	3	LD263
272	2024-10-27 00:16:00.171617	2024-10-27 00:16:00.171617	Xã Đơn Dương, Huyện Đơn Dương	homestaydonduong@gmail.com	Homestay Đơn Dương	$2a$12$SmTgFAdCjfVhddjtbTifNeXN29M7uogDnuoTKL2WOvHvSgr0Fimfm	02633882333	Bùi Văn Phúc	t	null	homestaydonduong	\N	5	3	LD263
277	2024-10-27 00:16:07.976207	2024-10-27 00:16:07.976207	Xã Đắk Rmoan, TP. Gia Nghĩa	khachdaknong@gmail.com	Khách Sạn Đắk Nông	$2a$12$DH5ynHHOA46jDFTGo.pu1u4tUVyI/Yj8ZQCVqjIfjS7CTZwSOA/8.	02613870777	Lê Thị Xuân	t	null	khachdaknong	\N	4	3	DN261
278	2024-10-27 00:16:09.586579	2024-10-27 00:16:09.586579	Xã Đắk Nia, TP. Gia Nghĩa	homestaydaknia@gmail.com	Homestay Đắk Nia	$2a$12$dNINk/pOGk9d03Rwlgb4meCWMPxa/w9H/iyRUyMGeqI2JKMpP3Zgy	02613871111	Vũ Văn Anh	t	null	homestaydaknia	\N	5	3	DN261
276	2024-10-27 00:16:06.451871	2024-10-27 00:16:06.451871	Đường Lê Hồng Phong, TP. Gia Nghĩa	khachquehuong@gmail.com	Khách Sạn Quê Hương	$2a$12$mGmfVujAWEnhnXu8IVb.2OaqpkTeiddtB.WK4eAa5bjaeSugzzZRe	02613869888	Trần Văn Hoàng	t	null	khachquehuong	\N	4	3	DN261
275	2024-10-27 00:16:04.85739	2024-10-27 00:16:04.85739	Đường Nguyễn Văn Cừ, TP. Gia Nghĩa	khachsgianghia@gmail.com	Khách Sạn Gia Nghĩa	$2a$12$DlOkFIN3NoYaM9v.fZm6f.Bgsc1uvhjUtf2xclcMyq63mdgx4D9bq	02613868999	Nguyễn Minh Tuấn	t	null	khachsgianghia	\N	4	3	DN261
279	2024-10-27 00:16:11.139672	2024-10-27 00:16:11.139672	Xã Đắk Wer, Huyện Đắk R'lấp	homestaydakwer@gmail.com	Homestay Đắk Wer	$2a$12$mBPYkS828AnBSUj5j80Jc.geUy7XN6N27bRZ6dgf3Rcr9AOZWAPaa	02613872222	Nguyễn Thị Lan	t	null	homestaydakwer	\N	5	3	DN261
281	2024-10-27 00:16:14.311499	2024-10-27 00:16:14.311499	Xã Đắk Mol, Huyện Đắk Song	homestaydakmol@gmail.com	Homestay Đắk Mol	$2a$12$PfcaohN2shibWx/Z.04KduvwTV55DxdGa61bj0R2P7llZp0clAFM.	02613874444	Lê Minh Khoa	t	null	homestaydakmol	\N	5	3	DN261
427	2024-10-27 00:20:04.709404	2024-10-27 00:20:04.709404	Xã Mường So, Huyện Phong Thổ	homestaymuongso@gmail.com	Homestay Mường So	$2a$12$Kz8WS/aJsQI7NWTbkhRojeH7GymbtxGKhbSyVU2InjJElMFCOoiJK	02133856444	Nguyễn Thị Hằng	t	null	homestaymuongso	\N	5	3	LC213
432	2024-10-27 00:20:12.594768	2024-10-27 00:20:12.594768	Xã Tà Tổng, Huyện Mường Tè	resorttatong@gmail.com	Resort Tà Tổng	$2a$12$RvmefyYoDU4RQ3yGvBUSbuZyfTh.HcSJUABqYQ866myXB6xiqqp8W	02133856999	Nguyễn Văn Bình	t	null	resorttatong	\N	6	3	LC213
410	2024-10-27 00:19:37.83779	2024-10-27 00:19:37.83779	Xã Mai Châu, Huyện Mai Châu	homestaymaichau@gmail.com	Homestay Mai Châu	$2a$12$AyT/qaxDyLCpxAYRJrU5l.fpdcAF0dMXMYMK8z34NzUj.MdXTE2WO	02183856777	Nguyễn Văn Dũng	t	null	homestaymaichau	\N	5	3	HB218
487	2024-10-27 00:21:39.766162	2024-10-27 00:21:39.766162	Xã Cảm Nhân, Huyện Yên Bình	resortcamnhan@gmail.com	Resort Cảm Nhân	$2a$12$rxeyp/Nlr00wODHM71K8g.T0DRXSe/8GNfAkJyEOqKNn8uL/TrrtC	02163857000	Lê Văn Kiên	t	null	resortcamnhan	\N	6	3	YB216
484	2024-10-27 00:21:34.973603	2024-10-27 00:21:34.973603	Xã Tân Hợp, Huyện Văn Yên	homestaytanhop@gmail.com	Homestay Tân Hợp	$2a$12$NF7J2fVNvWBqbsGz1hOPg.SI6scnCdVSWCkrnD7hQMwP6I8K7sIPa	02163856777	Nguyễn Văn Tài	t	null	homestaytanhop	\N	5	3	YB216
485	2024-10-27 00:21:36.595865	2024-10-27 00:21:36.595865	Xã Phú Thịnh, Huyện Yên Bình	homestayphuthinh@gmail.com	Homestay Phú Thịnh	$2a$12$nHTlgdD/sgVcgBBsb/IcIOWDhsSTZubQPCYV2XMW51I8.Q9o6SG..	02163856888	Trần Thị Dung	t	null	homestayphuthinh	\N	5	3	YB216
283	2024-10-27 00:16:17.485591	2024-10-27 00:16:17.485591	Đường Lê Duẩn, TP. Gia Nghĩa	resortdaknongeco@gmail.com	Resort Đắk Nông Eco	$2a$12$lzC0TgtuLIBEuYAvrN6eUuaLKSu9wd/1qnrDpQMObjoN3jc4L0XiS	02613876666	Nguyễn Văn Bình	t	null	resortdaknongeco	\N	6	3	DN261
282	2024-10-27 00:16:15.88965	2024-10-27 00:16:15.88965	Xã Đắk Ha, Huyện Đắk Glong	homestaydakha@gmail.com	Homestay Đắk Ha	$2a$12$bPpuUDi/ZPBvY.RfgLvl2eBmyHYKD5bSNzW0K5kektXdj1cNPxEt2	02613875555	Bùi Thị Hằng	t	null	homestaydakha	\N	5	3	DN261
288	2024-10-27 00:16:25.407095	2024-10-27 00:16:25.407095	Xã Cư Êbur, TP. Buôn Ma Thuột	homestaycuebur@gmail.com	Homestay Cư Êbur	$2a$12$SsPmA8Y8Rdag/PZVhKYereheGvbwtBdbUFX/DWGIbwgP96n9PGZHS	02623871222	Bùi Thị Hằng	t	null	homestaycuebur	\N	5	3	DL262
292	2024-10-27 00:16:31.747981	2024-10-27 00:16:31.747981	Đường Hùng Vương, TP. Buôn Ma Thuột	resortdaklakgarden@gmail.com	Resort Đắk Lắk Garden	$2a$12$KY//3hdVA3jNqseFBcdLweyWjc/dRMTMLGMYc1KcBGhs7hwxTczF6	02623875666	Nguyễn Thị Bình	t	null	resortdaklakgarden	\N	6	3	DL262
289	2024-10-27 00:16:27.016151	2024-10-27 00:16:27.016151	Phường Tân Lợi, TP. Buôn Ma Thuột	homestaytanloi@gmail.com	Homestay Tân Lợi	$2a$12$zB.K6QYr3IdNeu2rKhGR3uUZqgdtfnwHowGkU8G1TeZ767KT.8TyO	02623872333	Nguyễn Thị Hoa	t	null	homestaytanloi	\N	5	3	DL262
299	2024-10-27 00:16:42.775958	2024-10-27 00:16:42.776958	Phường Yên Thế, TP. Pleiku	homestayyenthe@gmail.com	Homestay Yên Thế	$2a$12$nf0cirBETODl56ADkwXxwuhxzo34VC5zS7Pw.2gfwAcA82zfxf5qy	02693884000	Nguyễn Văn Tài	t	null	homestayyenthe	\N	5	3	GL269
301	2024-10-27 00:16:45.937531	2024-10-27 00:16:45.937531	Xã Biển Hồ, Huyện Pleiku	homestaybienho@gmail.com	Homestay Biển Hồ	$2a$12$JZ5Lnn.F1f9LWD1PX6Xmue7QnCf7F3GuxcKk0UbytrPdQnJ.qgnDe	02693886222	Lê Thị Bích	t	null	homestaybienho	\N	5	3	GL269
287	2024-10-27 00:16:23.864853	2024-10-27 00:16:23.864853	Xã Hòa Khánh, Huyện Buôn Hồ	homestayhoakhanh@gmail.com	Homestay Hòa Khánh	$2a$12$cGpBfiPqN2kpfEK.7jDG2eLtcGAwPtzO7zGWws8PmKHnA1kBBK/h6	02623870111	Vũ Văn Anh	t	null	homestayhoakhanh	\N	5	3	DL262
290	2024-10-27 00:16:28.604971	2024-10-27 00:16:28.604971	Xã Krông Ana, Huyện Krông Ana	homestaykrongana@gmail.com	Homestay Krông Ana	$2a$12$FXTa8qyRknPWqOX.q/Q89.cvL0Zi1K84iGAJg0hMMPALotfgsv1SG	02623873444	Trần Văn Khoa	t	null	homestaykrongana	\N	5	3	DL262
302	2024-10-27 00:16:47.544813	2024-10-27 00:16:47.544813	Đường Trần Hưng Đạo, TP. Pleiku	resortbienho@gmail.com	Resort Biển Hồ	$2a$12$nH8PThB5XiyPPpy4YBSK8O8ZzDWl2dl68wxN453naiOX1N6c9sxnG	02693887333	Nguyễn Thị Mai	t	null	resortbienho	\N	6	3	GL269
303	2024-10-27 00:16:49.1272	2024-10-27 00:16:49.1272	Đường Nguyễn Huệ, TP. Pleiku	resorthoangngoc@gmail.com	Resort Hoàng Ngọc	$2a$12$4854bjEVimUCudqtC3njW.4INeztDRB1Wn6DA9yKM6esj57SpGzbq	02693888444	Trần Minh Tâm	t	null	resorthoangngoc	\N	6	3	GL269
296	2024-10-27 00:16:38.028448	2024-10-27 00:16:38.028448	Đường Nguyễn Thị Minh Khai, TP. Pleiku	khachsaigonpleiku@gmail.com	Khách Sạn Sài Gòn – Pleiku	$2a$12$8wanh.gru8q07z4zsT7LUOTZdho47aJrE8Tm/QGy/pPAvhOLNz5G6	02693881777	Lê Thị Lan	t	null	khachsaigonpleiku	\N	4	3	GL269
294	2024-10-27 00:16:34.860873	2024-10-27 00:16:34.860873	Đường Lê Duẩn, TP. Pleiku	khachpleiku@gmail.com	Khách Sạn Pleiku	$2a$12$s4h59aEgjJNhkC3Z/BmeLOpwTOTc7rXiNkvFPaf0iveCwuN9szAXm	02693822888	Trần Văn Hưng	t	null	khachpleiku	\N	4	3	GL269
297	2024-10-27 00:16:39.63581	2024-10-27 00:16:39.63581	Xã Nghĩa Hưng, Huyện Chư Pah	homestaynghiahung@gmail.com	Homestay Nghĩa Hưng	$2a$12$E1z3tQ.DdPygkzjiqKY1cexIkFQ8bPr.71OsJnSvoQsFGdhurqX9G	02693882888	Vũ Thị Hằng	t	null	homestaynghiahung	\N	5	3	GL269
310	2024-10-27 00:17:00.201601	2024-10-27 00:17:00.201601	Xã Ngọc Linh, Huyện Đắk Glei	homestayngoclinh@gmail.com	Homestay Ngọc Linh	$2a$12$IkDrYOhBqcd7qEViDoq4A.QSoCFgYLDb8iU4h9O6KWf8kumCawFcq	02603874444	Lê Văn Bảo	t	null	homestayngoclinh	\N	5	3	GL269
311	2024-10-27 00:17:01.808937	2024-10-27 00:17:01.808937	Xã Măng Bút, Huyện Kon Plong	homestaymangbut@gmail.com	Homestay Măng Bút	$2a$12$YPJi0XENaa9J2ehnMQL0v.57PSAgCBskS1nf7Fg39pvA2wDw2ICX2	02603875555	Nguyễn Văn Long	t	null	homestaymangbut	\N	5	3	GL269
300	2024-10-27 00:16:44.382071	2024-10-27 00:16:44.382071	Xã Pờ Ê, Huyện Chư Sê	homestaypoe@gmail.com	Homestay Pờ Ê	$2a$12$NBwkT5f.dZDdfenEJNVYMOtawRX4H6phzwTEZe5jaZqhqyjBmDKqG	02693885111	Trần Văn Kiên	t	null	homestaypoe	\N	5	3	GL269
309	2024-10-27 00:16:58.679256	2024-10-27 00:16:58.679256	Xã Đắk Kôi, Huyện Kon Plong	homestaydakoi@gmail.com	Homestay Đắk Kôi	$2a$12$lPnTot7zlg.S7NxSg0VDbOTQa6zm22xAHQMuAaeHTFISqbvPcHp7y	02603873333	Trần Minh Tâm	t	null	homestaydakoi	\N	5	3	GL269
298	2024-10-27 00:16:41.198725	2024-10-27 00:16:41.198725	Xã Ia Kha, Huyện Ia Grai	homestayiakha@gmail.com	Homestay Ia Kha	$2a$12$lvGSAUuuPNRPUgsVkkqD8ergtsaLkhK0ehqgSUkI38auNB.AvjNa6	02693883999	Bùi Văn Minh	t	null	homestayiakha	\N	5	3	GL269
307	2024-10-27 00:16:55.47839	2024-10-27 00:16:55.47839	Xã Đắk Rinh, Huyện Đắk Tô	homestaydakrin@gmail.com	Homestay Đắk Rinh	$2a$12$NjMqm3AqwOHXyABEDfCaEOn9KVJxqI0h1TbwwfPkia22dxd5lImly	02603871111	Bùi Văn An	t	null	homestaydakrin	\N	5	3	GL269
313	2024-10-27 00:17:04.977893	2024-10-27 00:17:04.977893	Xã Đắk Long, Huyện Kon Plong	resortdaklong@gmail.com	Resort Đắk Long	$2a$12$ACkPlP4n9VfIP3wGkVp3dOOoffy4Oc.A9pVa7Bpyy11UGC7XOjZr6	02603877777	Nguyễn Văn Hùng	t	null	resortdaklong	\N	6	3	GL269
1	2024-10-14 08:01:13	2024-12-14 03:26:54.169453	\N	nhaxephuongtrang@gmail.com	Nhà Xe Khách Phương Trang	$2a$12$fTWWRs6aTCOjRxqTzMWvm.BwPYFd9xwn0HCiryTtyVL4NSAmIVwgy	0741852963	Nguyễn Văn T	t	\N	phuongtrang	\N	1	3	\N
317	2024-10-27 00:17:11.387586	2024-10-27 00:17:11.387586	Phường Phú Hài, Mũi Né	homestayphuhai@gmail.com	Homestay Phú Hài	$2a$12$KPiyWtAkBEBnZC/KFQSW6.8BrH1n7cpA4kK0iDnG87DFjvJD6zGtm	02523749999	Nguyễn Thị Minh	t	null	homestayphuhai	\N	5	3	BT252
315	2024-10-27 00:17:08.174662	2024-10-27 00:17:08.174662	Đường Huỳnh Thúc Kháng, Mũi Né	khachsealink@gmail.com	Khách Sạn Sea Links Beach Resort	$2a$12$vimQ5ZtHBeKwbD/NXygBTOKLTgmVARwe4SKfKKLqCEnfvB7k4YNOW	02523747777	Trần Thị Bích	t	null	khachsealink	\N	4	3	BT252
322	2024-10-27 00:17:19.236696	2024-10-27 00:17:19.236696	Đường Lê Lợi, TP. Phan Thiết	resortthecliff@gmail.com	Resort The Cliff Resort & Residences	$2a$12$8FzL8xZm58tbWzuvMpY.N.JbRYdESBpylH3BRk7Q.2ZKB/KxDSIaG	02523754444	Trần Quốc Bảo	t	null	resortthecliff	\N	6	3	BT252
319	2024-10-27 00:17:14.519984	2024-10-27 00:17:14.519984	Xã Tiến Thành, TP. Phan Thiết	homestaytiendinh@gmail.com	Homestay Tiến Thành	$2a$12$cHpp2Qjb1SRgOwgkpQg9B.MFtqm6RuuISCOeXsprDASo.j7wZ.YjG	02523751111	Lê Thị Ngọc	t	null	homestaytiendinh	\N	5	3	BT252
321	2024-10-27 00:17:17.675854	2024-10-27 00:17:17.675854	Phường Phú Tài, TP. Phan Thiết	homestayphutai@gmail.com	Homestay Phú Tài	$2a$12$srMGrlM6LXJGCCiVjf7SGeyNkZ.KSXS7Rwm7WfGUEgYv0rL2F49BO	02523753333	Nguyễn Thế Vinh	t	null	homestayphutai	\N	5	3	BT252
320	2024-10-27 00:17:16.098866	2024-10-27 00:17:16.098866	Phường Hàm Tiến, TP. Phan Thiết	homestayhamtien@gmail.com	Homestay Hàm Tiến	$2a$12$G0pkuT5QjAMZQjfM5KbflexMVK7yKRWKENhxmQCLPGUJjhsrTNwc2	02523752222	Nguyễn Văn Bình	t	null	homestayhamtien	\N	5	3	BT252
330	2024-10-27 00:17:31.937874	2024-10-27 00:17:31.937874	Xã Phước Sơn, Huyện Ninh Phước	homestayphuocson@gmail.com	Homestay Phước Sơn	$2a$12$WVvKV.UaSfLuxdsnHxmOdu0xiaCCyz5vuPqqBWIwExidAnsHABiFm	02593874444	Nguyễn Văn Dũng	t	null	homestayphuocson	\N	5	3	NT259
327	2024-10-27 00:17:27.201857	2024-10-27 00:17:27.201857	Xã Phước Hải, Huyện Ninh Phước	homestayphuochai@gmail.com	Homestay Phước Hải	$2a$12$akh7Fjo/etMB7qxlcpoal.6HQyoIKiYMunE2oqgtYvxK/Nb1DuOOG	02593871111	Nguyễn Thị Lan	t	null	homestayphuochai	\N	5	3	NT259
340	2024-10-27 00:17:47.644915	2024-10-27 00:17:47.644915	Xã Cam Bình, TP. Cam Ranh	homestaycambinh@gmail.com	Homestay Cam Bình	$2a$12$H7cXqsPUDe3COjGIO4QsMuFlMAIhHzKCuUKiuLfetYgDlGIMXb08K	02583872222	Nguyễn Văn Duy	t	null	homestaycambinh	\N	5	3	KH258
341	2024-10-27 00:17:49.255439	2024-10-27 00:17:49.255439	Phường Cam Linh, TP. Cam Ranh	homestaycamlinh@gmail.com	Homestay Cam Linh	$2a$12$qqgGU37Q2o8icBFsuP44W.NWGq8tLU8d9C8/YrRYaSzpbq08XlBk6	02583873333	Trần Thị Nhung	t	null	homestaycamlinh	\N	5	3	KH258
326	2024-10-27 00:17:25.63949	2024-10-27 00:17:25.63949	Đường Lê Quý Đôn, TP. Phan Rang-Tháp Chàm	khachvanan@gmail.com	Khách Sạn Vạn An	$2a$12$ZXK9uDFKQ1w36XwmVrQV1Okf97Y8z9PZdwyZjfX6B93RfHvACcUUW	02593870777	Lê Minh Tâm	t	null	khachvanan	\N	4	3	NT259
332	2024-10-27 00:17:35.103136	2024-10-27 00:17:35.103136	Đường Lê Hồng Phong, TP. Phan Rang-Tháp Chàm	resortninhchu@gmail.com	Resort Ninh Chữ	$2a$12$l8gPXe7hoZms669in9XrFuKo7pDnrtZG1fqYveefGx8On5Ad7BmU6	02593876666	Nguyễn Văn Thanh	t	null	resortninhchu	\N	6	3	NT259
328	2024-10-27 00:17:28.772344	2024-10-27 00:17:28.772344	Phường Mỹ Hải, TP. Phan Rang-Tháp Chàm	homestaymyhai@gmail.com	Homestay Mỹ Hải	$2a$12$BAlRAQi0uGaazz1pZXn9y..oaYp/4etKKEh4bh4TdjEHBaFofPKLO	02593872222	Trần Văn An	t	null	homestaymyhai	\N	5	3	NT259
324	2024-10-27 00:17:22.45932	2024-10-27 00:17:22.45932	Đường Lê Duẩn, TP. Phan Rang-Tháp Chàm	khachcongdoan@gmail.com	Khách Sạn Công Đoàn Ninh Thuận	$2a$12$mfYLv/wnU8tUB/6yqorEYeKM3zbkAXlfxqtKGkjukUEdIA1vJxOlW	02593888888	Nguyễn Văn Hải	t	null	khachcongdoan	\N	4	3	NT259
345	2024-10-27 00:17:55.598951	2024-10-27 00:17:55.598951	Đường Trần Hưng Đạo, TP. Tuy Hòa	khachhoangkhai@gmail.com	Khách Sạn Hoàng Khải	$2a$12$tcQrh7/kf1Y6iZnQqI4XVu6WoUVwpvOmeMx3QBrrH2hkvermIXmmS	02573812222	Trần Thị Lan	t	null	khachhoangkhai	\N	4	3	PY257
353	2024-10-27 00:18:08.185735	2024-10-27 00:18:08.185735	Đường Nguyễn Tất Thành, TP. Tuy Hòa	resortyenhuong@gmail.com	Resort Yến Hương	$2a$12$E72UNNKGIRFG4UO32eiqnO0zV42sdeCcuQ6THs6fNgm3mnCRKfkG2	02573820000	Lê Thị Hoa	t	null	resortyenhuong	\N	6	3	PY257
352	2024-10-27 00:18:06.615183	2024-10-27 00:18:06.615183	Đường Lê Duẩn, TP. Tuy Hòa	resortsala@gmail.com	Resort Sala Tuy Hòa	$2a$12$nmsSGK4NubHTHIoAzTG2J.GxpZrZGBJavcYQipvBXSWDWrW4agYLq	02573819999	Nguyễn Văn Khải	t	null	resortsala	\N	6	3	PY257
371	2024-10-27 00:18:36.407366	2024-10-27 00:18:36.407366	Xã Bình Hải, Huyện Bình Sơn	homestaybinhhai@gmail.com	Homestay Bình Hải	$2a$12$icW46Bvw3o1F6UM2hKFKQ.PsdcIBtP4MYJaxh.NZWFIkYvpFrw4py	02553829888	Lê Thị Hằng	t	null	homestaybinhhai	\N	5	3	QN255
370	2024-10-27 00:18:34.852431	2024-10-27 00:18:34.852431	Xã Tịnh Sơn, Huyện Sơn Tịnh	homestaytinhson@gmail.com	Homestay Tịnh Sơn	$2a$12$YFGn32GirBuwsKbFbQZQp.YIVZqXU6KEhro2KHgdbsnLoD1fqgpDW	02553828777	Nguyễn Văn Hoàng	t	null	homestaytinhson	\N	5	3	QN255
365	2024-10-27 00:18:27.059347	2024-10-27 00:18:27.059347	Đường Hùng Vương, TP. Quảng Ngãi	khachhoangsa@gmail.com	Khách Sạn Hoàng Sa	$2a$12$fvaSz6oRxJulqkKXx7dCA.SiehwIdec81rU18gPUapWvLE06.DR56	02553823222	Trần Thị Hương	t	null	khachhoangsa	\N	4	3	QN255
361	2024-10-27 00:18:20.768818	2024-10-27 00:18:20.768818	Phường Ghềnh Ráng, TP. Quy Nhơn	homestayghenh rang@gmail.com	Homestay Ghềnh Ráng	$2a$12$LcUKfhDxKchOw/AMAhffueTDfhQ0/S7uyqx1uGTIFO1MUjrgJfrZ2	02563828888	Lê Thị Thủy	t	null	homestayghenhrang	\N	5	3	BD256
374	2024-10-27 00:18:41.102507	2024-10-27 00:18:41.102507	Đường Nguyễn Huệ, TP. Hội An	khachsilkvillage@gmail.com	Khách Sạn Silk Village	$2a$12$CyU/CB4xdlGwzL/EjzN9JexIJLYx/nbZsQH0Tx/qDE7VPOogqCmLu	02353911111	Nguyễn Văn An	t	null	khachsilkvillage	\N	4	3	QN235
401	2024-10-27 00:19:23.650537	2024-10-27 00:19:23.650537	Xã Quỳnh Lưu, Huyện Quỳnh Lưu	homestayquynhlu@gmail.com	Homestay Quỳnh Lưu	$2a$12$bqbuQN40iPLjmhJHPwwWqumH/fSnRXXbQMk8pVovHpvNsYCRMAfFu	02383856888	Trần Thị Nhung	t	null	homestayquynhlu	\N	5	3	NA238
400	2024-10-27 00:19:22.055372	2024-10-27 00:19:22.055372	Xã Diễn Kim, Huyện Diễn Châu	homestaydiankim@gmail.com	Homestay Diễn Kim	$2a$12$bXFfzCnCP8qPUh1wPqkZZex57.e/QA0/5vBTamwfapyyaiPhdO41.	02383856777	Nguyễn Văn Phúc	t	null	homestaydiankim	\N	5	3	NA238
625	2024-11-07 23:54:52.388644	2024-11-27 21:53:06.307369	New Address	hello1@example.com	Minh Nhựt - 2	$2a$12$89f4Oz2Z010kN8wjTROk2ufHf2eUG5FdKTn3bRBxRv.hsmMXXE4dm	0912345676	Hồ Minh Nhựt	t	223	nhut1234	\N	2	3	HN24
389	2024-10-27 00:19:04.684675	2024-10-27 00:19:04.684675	Phường Tân Giang, TP. Hà Tĩnh	homestaytangiang@gmail.com	Homestay Tân Giang	$2a$12$izvnlEtCGZE5MJ.5/ziSheel/VRNWSbvIZa9l5mC7QE69QGTqujhC	02393856666	Lê Thị Duyên	t	null	homestaytangiang	\N	5	3	HT239
391	2024-10-27 00:19:07.810364	2024-10-27 00:19:07.810364	Xã Đức Hòa, Huyện Đức Thọ	homestayduchoa@gmail.com	Homestay Đức Hòa	$2a$12$G80HmL2F1BChsiJWnyYbuOzBkS9112k.aR7XUBO3oyPNmblohuEeO	02393856888	Lê Thị Hằng	t	null	homestayduchoa	\N	5	3	HT239
382	2024-10-27 00:18:53.594454	2024-10-27 00:18:53.594454	Đường Nguyễn Tất Thành, TP. Hội An	resortpalmgarden@gmail.com	Resort Palm Garden	$2a$12$jHsohkZCXHJCd2MTVcLjXer5nNuQV3Wkz7KHVghXZ6cfiWdpV0Pxy	02353919999	Trần Văn Bình	t	null	resortpalmgarden	\N	6	3	QN235
380	2024-10-27 00:18:50.474036	2024-10-27 00:18:50.474036	Xã Tam Thanh, Huyện Tam Kỳ	homestaytamthanh@gmail.com	Homestay Tam Thanh	$2a$12$wyXf6RNYaVnoyZhsukcNc.SzmTu1bjXO2lE4oqC.y.7vhWh4jmexa	02353917777	Nguyễn Văn Hoàng	t	null	homestaytamthanh	\N	5	3	QN235
390	2024-10-27 00:19:06.239839	2024-10-27 00:19:06.239839	Xã Kỳ Ninh, Huyện Kỳ Anh	homestaykyninh@gmail.com	Homestay Kỳ Ninh	$2a$12$U5cAu1VZ9idyNbiDQRMM0.3R7pmnLlUhybvU78egpIx5Q354h.O6S	02393856777	Nguyễn Văn Hoàng	t	null	homestaykyninh	\N	5	3	HT239
383	2024-10-27 00:18:55.172594	2024-10-27 00:18:55.172594	Đường Lạc Long Quân, TP. Hội An	resortgoldensand@gmail.com	Resort Golden Sand	$2a$12$Db/bC1tjJD7/w4sMzhZqxeQ0b7D55CN6ghzXyCfZOhXMq3ueEYwfK	02353920000	Nguyễn Thị Mai	t	null	resortgoldensand	\N	6	3	QN235
403	2024-10-27 00:19:26.770601	2024-10-27 00:19:26.770601	Đường Bãi biển, Huyện Nghi Lộc	resortvinpearlcualo@gmail.com	Resort Vinpearl Cửa Lò	$2a$12$8gN5NImBf.wgTtAfU879K.rVZIYj.gcUdNRBb6P1W6ruY4oerXZTW	02383857000	Lê Văn Kiên	t	null	resortvinpearlcualo	\N	6	3	NA238
402	2024-10-27 00:19:25.203506	2024-10-27 00:19:25.203506	Đường Cửa Lò, Huyện Nghi Lộc	resortcualo@gmail.com	Resort Cửa Lò	$2a$12$4Kv0zucamqDLOj2Mi9z/GuG99d4wOCVTYBGOkiJMhwAYCkJTuFMcq	02383856999	Nguyễn Thị Mai	t	null	resortcualo	\N	6	3	NA238
375	2024-10-27 00:18:42.673618	2024-10-27 00:18:42.673618	Đường Cửa Đại, TP. Hội An	khachhanhphuc@gmail.com	Khách Sạn Hạnh Phúc	$2a$12$84o23enpqQWvhCfFTrD/3ueBatGkn.QsmY.hqAMAx.eN5B5z5rkFe	02353912222	Trần Thị Hương	t	null	khachhanhphuc	\N	4	3	QN235
396	2024-10-27 00:19:15.633589	2024-10-27 00:19:15.633589	Đường Nguyễn Văn Cừ, TP. Vinh	khachbachduong@gmail.com	Khách Sạn Bạch Dương	$2a$12$CWrFP0unvNTFkiDtWPnAAO.dFb1OVTSREtcREZfePiUE9vqciDpt.	02383856333	Lê Văn An	t	null	khachbachduong	\N	4	3	NA238
395	2024-10-27 00:19:14.078113	2024-10-27 00:19:14.078113	Đường Lê Lợi, TP. Vinh	khachmuongthangrand@gmail.com	Khách Sạn Mường Thanh Grand	$2a$12$jDLPx51K35dyN03QWAXbu.mFCaanXKx0v197zEeC8FbSYQnzqan5.	02383856222	Trần Thị Minh	t	null	khachmuongthangrand	\N	4	3	NA238
394	2024-10-27 00:19:12.511892	2024-10-27 00:19:12.511892	Đường Hồ Tùng Mậu, TP. Vinh	khachvinpearlnghean@gmail.com	Khách Sạn Vinpearl Nghệ An	$2a$12$ZyNIZ7GIwrN9.nr1oreTleJgD9MdpuJE2CHcM4nGiH0HcQXvi18WG	02383856111	Nguyễn Văn Thành	t	null	khachvinpearlnghean	\N	4	3	NA238
398	2024-10-27 00:19:18.848716	2024-10-27 00:19:18.848716	Xã Nghi Đức, TP. Vinh	homestaynghiduc@gmail.com	Homestay Nghi Đức	$2a$12$eRoJ5VvPzs7KJRHaOKie0uE.qAKoPpqwmOcbHiJ1a6zKVdb0J8EVe	02383856555	Trần Văn Tuấn	t	null	homestaynghiduc	\N	5	3	NA238
399	2024-10-27 00:19:20.435732	2024-10-27 00:19:20.435732	Xã Hưng Đông, TP. Vinh	homestayhungdong@gmail.com	Homestay Hưng Đông	$2a$12$Fkrn2HHZSYyLXMHvH1Ud/Opa1SQkSe4r4/Qgu1bRG0IC4NfByc0/i	02383856666	Lê Thị Lợi	t	null	homestayhungdong	\N	5	3	NA238
377	2024-10-27 00:18:45.768744	2024-10-27 00:18:45.768744	Phường Cẩm Châu, TP. Hội An	homestaycamchau@gmail.com	Homestay Cẩm Châu	$2a$12$teJuYBg5rrLHjFjQ2ybu0OOS8FbAm66R9UcId7CmsaJgj0cx0s19m	02353914444	Nguyễn Thị Kim	t	null	homestaycamchau	\N	5	3	QN235
429	2024-10-27 00:20:07.804731	2024-10-27 00:20:07.804731	Xã Tả Lèng, Huyện Tam Đường	homestaytale@gmail.com	Homestay Tả Lèng	$2a$12$90LcQ6yf2RsuyRScYMLvluAlsHyXabipKbC6k5OgE/f89Y/89ZMx.	02133856666	Lê Thị Thúy	t	null	homestaytale	\N	5	3	PT210
430	2024-10-27 00:20:09.369615	2024-10-27 00:20:09.369615	Xã Bản Bo, Huyện Tam Đường	homestaybanbo@gmail.com	Homestay Bản Bo	$2a$12$eJVS0F40jOKuQ28g/7hUl.W4xktPRnDG5ZQr6PTg1FY6ez0B7jDCS	02133856777	Nguyễn Văn Quang	t	null	homestaybanbo	\N	5	3	PT210
421	2024-10-27 00:19:55.251962	2024-10-27 00:19:55.251962	Xã Mường La, Huyện Mường La	homestaymuongla@gmail.com	Homestay Mường La	$2a$12$4dAubfH6GkFjOr.X6waiNugUj4E0dUQ.xEo31S3aUrtHzxIYvEUsO	02123856888	Trần Thị Huyền	t	null	homestaymuongla	\N	5	3	SL212
417	2024-10-27 00:19:48.932554	2024-10-27 00:19:48.932554	Xã Mường Chiềng, Huyện Mường La	homestaymuongchieang@gmail.com	Homestay Mường Chiềng	$2a$12$ynzv9m4Ug7Vj/jUy4NXf7u3MTV8TvhyFIfAKRsQE1wkkw/uwdUBda	02123856444	Nguyễn Thị Lan	t	null	homestaymuongchieang	\N	5	3	SL212
433	2024-10-27 00:20:14.209947	2024-10-27 00:20:14.209947	Xã Mù Cang Chải, Huyện Mù Cang Chải	resortmucangchai@gmail.com	Resort Mù Cang Chải	$2a$12$Y0pOpP2UsCPf79Rmt/vTOuCUEiXxQV3cOlvI2ihrKj0FNa8gKexUe	02133857000	Lê Thị Lý	t	null	resortmucangchai	\N	6	3	YB216
425	2024-10-27 00:20:01.56356	2024-10-27 00:20:01.56356	Đường 14/3, TP. Lai Châu	khachsanhuunghi@gmail.com	Khách Sạn Hữu Nghị	$2a$12$Pp5zGJYWoU/SMcg555.z7eoYTxE.rXIgKoJYrcPbrhSXvtUO4AgcK	02133856222	Trần Thị Mai	t	null	khachsanhuunghi	\N	4	3	LC213
424	2024-10-27 00:19:59.969769	2024-10-27 00:19:59.969769	Đường Lê Quý Đôn, TP. Lai Châu	khachsanlaichau@gmail.com	Khách Sạn Lai Châu	$2a$12$wEIKHbeaVsC9aldBZgnIoOJQd4FXp9Wqw2oo9lff87UV//3X.DX0y	02133856111	Nguyễn Văn Dũng	t	null	khachsanlaichau	\N	4	3	LC213
415	2024-10-27 00:19:45.759125	2024-10-27 00:19:45.759125	Đường Ngọc Bích, TP. Sơn La	khachsaoimai@gmail.com	Khách Sạn Sao Mai	$2a$12$/ARhFgdF4G.tw48RTJz31ezZForlT/X8NT0N.k9PFLQsMUCEj3UVW	02123856222	Trần Thị Hoa	t	null	khachsaoimai	\N	4	3	SL212
414	2024-10-27 00:19:44.197778	2024-10-27 00:19:44.197778	Đường Lê Văn Lương, TP. Sơn La	khachmuongthanhsonla@gmail.com	Khách Sạn Mường Thanh Sơn La	$2a$12$.X49Uedn7B9ur1UE51Wbo.PPRXCpSUNjeLN98wXyvbgvHWz/Gd62G	02123856111	Nguyễn Văn Tùng	t	null	khachmuongthanhsonla	\N	4	3	SL212
416	2024-10-27 00:19:47.338505	2024-10-27 00:19:47.338505	Đường Chu Văn Thịnh, TP. Sơn La	khachtaihoba@gmail.com	Khách Sạn Thái Hòa	$2a$12$UaFTSjAgeHF.gqw37QlIJetV2taWfyUOwKHYAQPiphulinvaEzcQG	02123856333	Lê Văn An	t	null	khachtaihoba	\N	4	3	SL212
409	2024-10-27 00:19:36.252944	2024-10-27 00:19:36.252944	Xã Vĩnh Đồng, Huyện Đà Bắc	homestayvinhdong@gmail.com	Homestay Vĩnh Đồng	$2a$12$O8RWZLKv9mPlIgHWhSZOtuhiBjFIHQxW9WnKGZPr8VbO8BBSiJmcu	02183856666	Lê Thị Lợi	t	null	homestayvinhdong	\N	5	3	HB218
411	2024-10-27 00:19:39.455694	2024-10-27 00:19:39.455694	Xã Lạc Thủy, Huyện Lạc Thủy	homestaylacthuy@gmail.com	Homestay Lạc Thủy	$2a$12$3/ZeesLm5w7tHXHntioCRuCrJvY0jjtQbXF6e.iGOkjEWPEsIl2eW	02183856888	Trần Thị Nhung	t	null	homestaylacthuy	\N	5	3	HB218
408	2024-10-27 00:19:34.709506	2024-10-27 00:19:34.709506	Xã Kim Bôi, Huyện Kim Bôi	homestaykimboi@gmail.com	Homestay Kim Bôi	$2a$12$h1Mvj0C0oVYpq.H3GJb34uIghlJQR5vsBtl1ZsZ7tRq.Q8ox2anQO	02183856555	Trần Văn Tú	t	null	homestaykimboi	\N	5	3	HB218
418	2024-10-27 00:19:50.541207	2024-10-27 00:19:50.541207	Xã Hát Lót, Huyện Mai Sơn	homestayhatlot@gmail.com	Homestay Hát Lót	$2a$12$PpaMse5xlKbqDYlYfypeVOJ/pZildkhbn7EmFrYD1DqCbjmdRDzaq	02123856555	Trần Văn Bình	t	null	homestayhatlot	\N	5	3	SL212
419	2024-10-27 00:19:52.118115	2024-10-27 00:19:52.118115	Xã Tà Hộc, Huyện Mai Sơn	homestaytahoc@gmail.com	Homestay Tà Hộc	$2a$12$rmSgJ7RvFh4FjLlIv9crvu0VLvBjCFbc2qAScoiLtRLbkx8t6xqVC	02123856666	Lê Thị Hương	t	null	homestaytahoc	\N	5	3	SL212
431	2024-10-27 00:20:10.94519	2024-10-27 00:20:10.94519	Xã Mường Mít, Huyện Nậm Nhùn	homestaymuongmit@gmail.com	Homestay Mường Mít	$2a$12$D0HHSiaFD9fDO3wNXomJb..8liVTdjozpfB.2mzzwRAzxEIv5sGhG	02133856888	Trần Thị Yến	t	null	homestaymuongmit	\N	5	3	LC213
423	2024-10-27 00:19:58.39874	2024-10-27 00:19:58.39874	Đường Huổi Tà, Huyện Phù Yên	resortphuyent@gmail.com	Resort Phù Yên	$2a$12$nsxLhuRQSh2Of2Dj6nHK/.xaN0xz/9K9GoMFfUDcdTSizexVi7GP2	02123857000	Lê Thị Mai	t	null	resortphuyent	\N	6	3	SL212
420	2024-10-27 00:19:53.683231	2024-10-27 00:19:53.683231	Xã Chiềng An, Huyện Văn Hồ	homestaychieangan@gmail.com	Homestay Chiềng An	$2a$12$QjnAqH94FSXQWPAIeOiFPupzItVLKqp3UQJMk67u2wPW5TGqxWVSq	02123856777	Nguyễn Văn Nam	t	null	homestaychieangan	\N	5	3	SL212
428	2024-10-27 00:20:06.251326	2024-10-27 00:20:06.251326	Xã Sin Suối Hồ, Huyện Phong Thổ	homestaysinsuoiho@gmail.com	Homestay Sin Suối Hồ	$2a$12$JKXg0EyjvPcFKzD4qc11fOwseTMp25kCnjVAMVNLeEX51OnOiDgJG	02133856555	Trần Văn An	t	null	homestaysinsuoiho	\N	5	3	LC213
630	2024-11-27 21:56:07	2024-11-08 00:41:35.891775	New Address	hello2@example.com	Minh Nhựt - 3aa	123456789	0912345677	Hồ Minh Nhựt	t	223	nhut1235	\N	2	\N	HP225
440	2024-10-27 00:20:25.622292	2024-10-27 00:20:25.622292	Đường Hùng Vương, TP. Việt Trì	khachsanhungvuong@gmail.com	Khách Sạn Hùng Vương	$2a$12$zIJNUM5421mnPEJ2WB5d3uOwYOyWbalv5RdXw3pAok/d/n8GnQ.tW	02103856222	Trần Thị Hoa	t	null	khachsanhungvuong	\N	4	3	PT210
453	2024-10-27 00:20:46.208173	2024-10-27 00:20:46.208173	Xã Hương Mai, Huyện Việt Yên	homestayhuongmai@gmail.com	Homestay Hương Mai	$2a$12$ktXMmYaTwsX6RqBk/F0SmOHaYsCyJOr7twilf9/qfMMJL4UDhmp2u	02043856666	Nguyễn Văn Tâm	t	null	homestayhuongmai	\N	5	3	BG204
443	2024-10-27 00:20:30.344771	2024-10-27 00:20:30.344771	Xã Cổ Tiết, Huyện Tam Nông	homestaycotiet@gmail.com	Homestay Cổ Tiết	$2a$12$fRh0Okhiiey9nkY6sjDsAuu5o6KmDFhdTmzFPM9TdK32xSycmR9Ny	02103856555	Trần Văn Minh	t	null	homestaycotiet	\N	5	3	PT210
438	2024-10-27 00:20:22.37396	2024-10-27 00:20:22.37396	Đường 10/3, Huyện Điện Biên	resortdienbien@gmail.com	Resort Điện Biên	$2a$12$kDNaV9bssKiCtfUwVSLYWOE7XWMZ0QxC.E37.VAvyNM3/pNQAtX3G	02153856999	Nguyễn Văn Tâm	t	null	resortdienbien	\N	6	3	DB215
437	2024-10-27 00:20:20.442868	2024-10-27 00:20:20.442868	Xã Mường Phăng, Huyện Điện Biên	homestaymuongphang@gmail.com	Homestay Mường Phăng	$2a$12$00SZMpenNlRE4Tr8BXlUTeQ/JIKsYl48l7dbHWxrg4.5Ew/QMogEK	02153856444	Nguyễn Thị Lan	t	null	homestaymuongphang	\N	5	3	DB215
435	2024-10-27 00:20:17.320052	2024-10-27 00:20:17.320052	Đường Trần Hưng Đạo, TP. Điện Biên Phủ	khachsanmuongthanh@gmail.com	Khách Sạn Muong Thanh	$2a$12$h2RNBIro0Ol9X/pqMq4iFughbOmnK88Q5f5uBPGw8iN3wejskFwX6	02153856222	Trần Thị Hương	t	null	khachsanmuongthanh	\N	4	3	DB215
458	2024-10-27 00:20:54.068076	2024-10-27 00:20:54.068076	Đường Ngô Quyền, TP. Lạng Sơn	khachsandongkinh@gmail.com	Khách Sạn Đông Kinh	$2a$12$sa2tarnq1Kg6W1efoNfKV.moHQM2vGrifvQk9hhKMsZFgmoysaBjy	02053856111	Nguyễn Văn Bình	t	null	khachsandongkinh	\N	4	3	LS205
461	2024-10-27 00:20:58.793963	2024-10-27 00:20:58.793963	Xã Mai Pha, TP. Lạng Sơn	homestaymaipha@gmail.com	Homestay Mai Pha	$2a$12$a/6Wu7vTVbG0/n1/RAMxGOjh4IDfCIFgd96IpRvuAUd97B3x57S7K	02053856444	Nguyễn Thị Hoa	t	null	homestaymaipha	\N	5	3	LS205
460	2024-10-27 00:20:57.224764	2024-10-27 00:20:57.224764	Đường Trần Đăng Ninh, TP. Lạng Sơn	khachsanquocte@gmail.com	Khách Sạn Quốc Tế Lạng Sơn	$2a$12$8EQwDtkGzrSgUoxxCJ8ZneMLl7.a4zxjlqPWgkzSBc3tiBMKCXw.y	02053856333	Lê Văn Sơn	t	null	khachsanquocte	\N	4	3	LS205
444	2024-10-27 00:20:31.904081	2024-10-27 00:20:31.904081	Xã Vĩnh Lộc, Huyện Lâm Thao	homestayvinhloc@gmail.com	Homestay Vĩnh Lộc	$2a$12$GwlkfuARmDq.J774NXmdYe/u3I1ome/1OXi55JDYIv7pL0OWb25fG	02103856666	Nguyễn Văn Sơn	t	null	homestayvinhloc	\N	5	3	VL270
466	2024-10-27 00:21:06.679511	2024-10-27 00:21:06.679511	Xã Lộc Bình, Huyện Lộc Bình	resortlocbinh@gmail.com	Resort Lộc Bình	$2a$12$a.jQOMPlk7Rbe.AmNL5J6eK/UYocTyq64ciHzQTqCzArptPECY9Cu	02053856999	Nguyễn Văn Tài	t	null	resortlocbinh	\N	6	3	LS205
467	2024-10-27 00:21:08.250826	2024-10-27 00:21:08.250826	Xã Mẫu Sơn, Huyện Lộc Bình	resortmauson@gmail.com	Resort Mẫu Sơn	$2a$12$u1tx.JsgXFefp9e2yzA0leusDFw/c6w8Pf3tsLsOqteYvWaOvJYX2	02053857000	Trần Văn Nam	t	null	resortmauson	\N	6	3	LS205
463	2024-10-27 00:21:01.928149	2024-10-27 00:21:01.928149	Xã Hữu Lũng, Huyện Hữu Lũng	homestayhuulung@gmail.com	Homestay Hữu Lũng	$2a$12$gE39OcOfh0JQyFocsxB9K.NRtqTzfisxlLLHH752Arx5gt0AfHxne	02053856666	Nguyễn Thị Lan	t	null	homestayhuulung	\N	5	3	LS205
464	2024-10-27 00:21:03.518843	2024-10-27 00:21:03.518843	Xã Quang Lang, Huyện Văn Lãng	homestayquanglang@gmail.com	Homestay Quang Lang	$2a$12$2z739v0kl0ykI6a2mO3XJuvP//ca.uzW7C2oL4cp8ywzPiY8gQk3S	02053856777	Lê Văn Khôi	t	null	homestayquanglang	\N	5	3	LS205
445	2024-10-27 00:20:33.500853	2024-10-27 00:20:33.500853	Xã Thanh Minh, Huyện Thanh Ba	homestaythanhnha@gmail.com	Homestay Thanh Minh	$2a$12$weBw/kU7gAnFvepAwJTFH.9JYHoSrN4q.R9x5TqArGjbgu7LhYKnq	02103856777	Lê Thị Như	t	null	homestaythanhnha	\N	5	3	PT210
465	2024-10-27 00:21:05.112201	2024-10-27 00:21:05.112201	Xã Thụy Hùng, Huyện Văn Quan	homestaythuyhung@gmail.com	Homestay Thụy Hùng	$2a$12$DCxph6m2IH8YZbryRtnEJuPiGPCnYbXebUCrnkC7bgyCBDLSnhjsi	02053856888	Nguyễn Thị Vân	t	null	homestaythuyhung	\N	5	3	LS205
456	2024-10-27 00:20:50.924919	2024-10-27 00:20:50.924919	Xã Vô Tranh, Huyện Lục Nam	resortvotranh@gmail.com	Resort Vô Tranh	$2a$12$RqW/vOjsdWzpWVfQdrLDV.uX11G.u6RE2EbOrxEBdsgEqTBSCe0u.	02043856999	Nguyễn Thị Thu	t	null	resortvotranh	\N	6	3	BG204
446	2024-10-27 00:20:35.165811	2024-10-27 00:20:35.165811	Đường Quốc lộ 32, Huyện Đoan Hùng	resortdoanhung@gmail.com	Resort Đoan Hùng	$2a$12$8nLkYKtYhxVyEAJ.FMz83uPopxybnmukoExU3PQTjRWslLjL1naVW	02103856999	Lê Văn Phát	t	null	resortdoanhung	\N	6	3	PT210
462	2024-10-27 00:21:00.361492	2024-10-27 00:21:00.361492	Xã Chi Lăng, Huyện Chi Lăng	homestaychilang@gmail.com	Homestay Chi Lăng	$2a$12$hDYNNOe3SSSEUwqEah1/6.CWnoLSEqexaBWd7nmCoMpZzVacaXKzS	02053856555	Trần Văn Dũng	t	null	homestaychilang	\N	5	3	LS205
447	2024-10-27 00:20:36.745572	2024-10-27 00:20:36.745572	Xã Bảo Yên, Huyện Bảo Yên	resortbaoyen@gmail.com	Resort Bảo Yên	$2a$12$ur7tZvTGwC2norPLOqSOE.Z7QCuwdAL7d8/WtSh38kwonCFrGB/KW	02103857000	Nguyễn Thị Tuyết	t	null	resortbaoyen	\N	6	3	LC214
491	2024-10-27 00:21:46.117203	2024-10-27 00:21:46.117203	Xã Sa Pa, Huyện Sa Pa	homestaysapa@gmail.com	Homestay Sa Pa	$2a$12$qSS0vl3LUBwXWTXddsB9PuWjBRPA18Wdr/xrxfT97l8a/0T14TEEu	02143856444	Trần Văn Minh	t	null	homestaysapa	\N	5	3	LC214
497	2024-10-27 00:21:55.621327	2024-10-27 00:21:55.621327	Xã Lao Chải, Huyện Sa Pa	resortlaochai@gmail.com	Resort Lao Chải	$2a$12$e5ARn3VoDoQdOlftn/.VPufdcqaGd1.W7nvZTmSzHgEPhQdyctAjK	02143857000	Trần Văn Kiên	t	null	resortlaochai	\N	6	3	LC214
492	2024-10-27 00:21:47.689733	2024-10-27 00:21:47.689733	Xã Tả Phìn, Huyện Sa Pa	homestaytaphin@gmail.com	Homestay Tả Phìn	$2a$12$kVnd/.3XnLY8cLkDI/rdz.iPe0CWrcUBT4JazQDMAr763DGKD3p2K	02143856555	Nguyễn Thị Hoa	t	null	homestaytaphin	\N	5	3	LC214
496	2024-10-27 00:21:53.976635	2024-10-27 00:21:53.976635	Xã Tả Giàng Phình, Huyện Bát Xát	resorttangiangphinh@gmail.com	Resort Tả Giàng Phình	$2a$12$bvz5dUskrXrU2hE3qcDjauDpv/iwhth1sG6RQhgbHfIS65C1.mBg2	02143856999	Nguyễn Văn Bình	t	null	resorttangiangphinh	\N	6	3	LC214
486	2024-10-27 00:21:38.19312	2024-10-27 00:21:38.19312	Xã Suối Giàng, Huyện Văn Chấn	resortsuoigiang@gmail.com	Resort Suối Giàng	$2a$12$1LpLdrpG3GWvAUsXnrUj0uWgdj69WrDZSZ.rBaELIhrLS218dZWym	02163856999	Nguyễn Văn Bảo	t	null	resortsuoigiang	\N	6	3	YB216
489	2024-10-27 00:21:42.929451	2024-10-27 00:21:42.929451	Đường Trần Hưng Đạo, TP. Lào Cai	khachsanhoanglienson@gmail.com	Khách Sạn Hoàng Liên Sơn	$2a$12$.OzBkmaWDGRylwPMlDO63OaUCGsofpcZY/SB.CDXQE8DH3ME7Z.C6	02143856222	Lê Thị Hằng	t	null	khachsanhoanglienson	\N	4	3	LC214
488	2024-10-27 00:21:41.361509	2024-10-27 00:21:41.361509	Đường Lê Duẩn, TP. Lào Cai	khachsanlaocai@gmail.com	Khách Sạn Lào Cai	$2a$12$a24FpccsolAQmarFNBOUmOpHazUpcxmNFNCYEDoAGg1yUS21pt8de	02143856111	Nguyễn Văn Hùng	t	null	khachsanlaocai	\N	4	3	LC214
468	2024-10-27 00:21:09.864767	2024-10-27 00:21:09.864767	Đường Lương Ngọc Quyến, TP. Thái Nguyên	khachsanthainguyen@gmail.com	Khách Sạn Thái Nguyên	$2a$12$LRpHfhS49DM1fdkxgde6rOJKCbUKyjsI2v/pfhe0mJ4QNWusaBlOG	02083856111	Nguyễn Văn Bình	t	null	khachsanthainguyen	\N	4	3	TN208
471	2024-10-27 00:21:14.579041	2024-10-27 00:21:14.579041	Xã Tân Cương, TP. Thái Nguyên	homestaytancuong@gmail.com	Homestay Tân Cương	$2a$12$VedT2BG4R2sDgu/sHXM5xeF2sp3ar.p2SaRjjzOhxIW2U.cxzhAVG	02083856444	Nguyễn Thị Hoa	t	null	homestaytancuong	\N	5	3	TN208
478	2024-10-27 00:21:25.522641	2024-10-27 00:21:25.522641	Đường Nguyễn Thái Học, TP. Yên Bái	khachsanyenbai@gmail.com	Khách Sạn Yên Bái	$2a$12$H1Dk5QnYNigzWTTgIFCwkOPW3S9jQZsSOMx3mdPsms8K3mpL2tTAq	02163856111	Nguyễn Văn Sơn	t	null	khachsanyenbai	\N	4	3	YB216
481	2024-10-27 00:21:30.219301	2024-10-27 00:21:30.219301	Xã Minh Bảo, TP. Yên Bái	homestayminhbao@gmail.com	Homestay Minh Bảo	$2a$12$VWzQROnEEeQpWKnjlAAfDOslVu.iS3rdG3a0KdVRY5u/sQrYmRvye	02163856444	Nguyễn Thị Lan	t	null	homestayminhbao	\N	5	3	YB216
480	2024-10-27 00:21:28.64949	2024-10-27 00:21:28.64949	Đường Lê Thánh Tông, TP. Yên Bái	khachsanhungthinh@gmail.com	Khách Sạn Hưng Thịnh	$2a$12$4nw.S2yerZ3HxxTLsWAq2unglqkgPiibkYDt6w1RYdFQBorwP0LUm	02163856333	Lê Văn Dũng	t	null	khachsanhungthinh	\N	4	3	YB216
482	2024-10-27 00:21:31.772463	2024-10-27 00:21:31.772463	Xã Văn Phú, TP. Yên Bái	homestayvanphu@gmail.com	Homestay Văn Phú	$2a$12$3h6L.5xeR7ul15.dPZgUL.E9oBxZ8spPOrW01xofhYNRx3NgzVUdS	02163856555	Lê Văn Hòa	t	null	homestayvanphu	\N	5	3	YB216
495	2024-10-27 00:21:52.385591	2024-10-27 00:21:52.385591	Xã Y Tý, Huyện Bát Xát	homestayyty@gmail.com	Homestay Y Tý	$2a$12$lbp60LRIQn6yfSFmcFncNOqgOtHoSA4Lhcs97HSEXbeZrdKB/Qlyu	02143856888	Lê Thị Hương	t	null	homestayyty	\N	5	3	LC214
493	2024-10-27 00:21:49.245739	2024-10-27 00:21:49.245739	Xã Bát Xát, Huyện Bát Xát	homestaybatxat@gmail.com	Homestay Bát Xát	$2a$12$RF3zqDCVoxRnzwy/ahFh2OrN.rrrSufPqXqQ1aRhTQM5sgeVweSX.	02143856666	Trần Văn Hải	t	null	homestaybatxat	\N	5	3	LC214
476	2024-10-27 00:21:22.376522	2024-10-27 00:21:22.376522	Xã Dân Tiến, Huyện Võ Nhai	resortdantien@gmail.com	Resort Dân Tiến	$2a$12$V7dthaMI9vZVJLgX0Ot52uiaE2t0cqIiJN36V7Z22fXPDHxqoU0q.	02083856999	Nguyễn Văn Tài	t	null	resortdantien	\N	6	3	TN208
494	2024-10-27 00:21:50.853413	2024-10-27 00:21:50.853413	Xã Mường Khương, Huyện Mường Khương	homestaymuongkhuong@gmail.com	Homestay Mường Khương	$2a$12$oB71MQTvCLBqB1kN8oVaUujA6KFkQ9PBxCFp7DgJ63pcoYxPlw1o6	02143856777	Nguyễn Văn Tài	t	null	homestaymuongkhuong	\N	5	3	LC214
631	\N	2024-11-08 00:50:35.112947	New Address	hello3@example.com	Minh Nhựt - 5aa	1234567891	0912345678	Hồ Minh Nhựt	f	223	nhut1236	\N	2	\N	HP225
535	2024-10-27 00:22:55.51555	2024-10-27 00:22:55.51555	Xã Kim Thái, Huyện Vụ Bản	homestaykimthai@gmail.com	Homestay Kim Thái	$2a$12$.IzX/YKfUiHKKfJm8UMjTeYiErZ3HXQAzwsr.mGbTqYqfchA0/BTq	02283856888	Phạm Thị Mai	t	null	homestaykimthai	\N	5	3	ND228
504	2024-10-27 00:22:06.566302	2024-10-27 00:22:06.566302	Xã Quang Binh, Huyện Chợ Mới	homestayquangbinh@gmail.com	Homestay Quang Binh	$2a$12$l1eVGTMDt2TbinJlkUbIWe0ECayh.NKkeSzIuSnZHMu.PpaCQ.iuS	02063856777	Hoàng Văn Khánh	t	null	homestayquangbinh	\N	5	3	AG296
536	2024-10-27 00:22:57.077774	2024-10-27 00:22:57.077774	Xã Nam Tiến, Huyện Nam Trực	resortnamtien@gmail.com	Resort Nam Tiến	$2a$12$H4sWqMl2A5G3C/JnU/VAmOXWamzNFU02gQe8jm8rOL6dhm4GlWic2	02283856999	Trần Văn Phúc	t	null	resortnamtien	\N	6	3	ND228
519	2024-10-27 00:22:30.167218	2024-10-27 00:22:30.167218	Đường Trường Chinh, TP. Hà Giang	khachsanhoangnam@gmail.com	Khách Sạn Hoàng Nam	$2a$12$pns8mJ.qrIypBKcDbqXprOuG6K3/23K8ecv7LWBVoDuPKQJC1SJjm	02193856222	Phạm Thị Lan	t	null	khachsanhoangnam	\N	4	3	HG219
520	2024-10-27 00:22:31.732025	2024-10-27 00:22:31.732025	Đường Nguyễn Trãi, TP. Hà Giang	khachsanphuquy@gmail.com	Khách Sạn Phú Quý	$2a$12$Vmg35hH8f5NCuMfZzhkeTORhgGvX6gnKzbygCHPozk0vNQQRqLk9q	02193856333	Nguyễn Văn Phú	t	null	khachsanphuquy	\N	4	3	HG219
529	2024-10-27 00:22:46.017134	2024-10-27 00:22:46.017134	Đường Nguyễn Du, TP. Nam Định	khachsanhoamai@gmail.com	Khách Sạn Hoa Mai	$2a$12$b4huiW0T9wfAZBkSOte/xuOrpUwIPGVOrG//FbBofRq/tGmc4CB6e	02283856222	Lê Văn Minh	t	null	khachsanhoamai	\N	4	3	ND228
528	2024-10-27 00:22:44.446796	2024-10-27 00:22:44.446796	Đường Trần Hưng Đạo, TP. Nam Định	khachsannamdinh@gmail.com	Khách Sạn Nam Định	$2a$12$O1D2InVa4SF3xCnPSko8mur0F15F6VLDNEZ11wD3D/tMBIGwZkHjm	02283856111	Nguyễn Thị Hạnh	t	null	khachsannamdinh	\N	4	3	ND228
538	2024-10-27 00:23:00.336567	2024-10-27 00:23:00.336567	Đường Nguyễn Huệ, TP. Ninh Bình	khachsanninhbinh@gmail.com	Khách Sạn Ninh Bình	$2a$12$jSAdelX0UOd7IFfwhsxc.uonuae1bO2zwe6wxTTLSPfBNnGO5wm1u	02293856111	Nguyễn Thị Vân	t	null	khachsanninhbinh	\N	4	3	NB229
539	2024-10-27 00:23:01.890182	2024-10-27 00:23:01.890182	Đường Trần Hưng Đạo, TP. Ninh Bình	khachsanhoanggianb@gmail.com	Khách Sạn Hoàng Gia	$2a$12$j1olFk.HteT3Dznib0pX5uDkz9DdJHpAQmcapJJ.nxXhTKX1cQwiS	02293856222	Trần Văn Tùng	t	null	khachsanhoanggianb	\N	4	3	NB229
531	2024-10-27 00:22:49.197842	2024-10-27 00:22:49.197842	Xã Nghĩa Minh, Huyện Nghĩa Hưng	homestaynghiaminh@gmail.com	Homestay Nghĩa Minh	$2a$12$.jOSIMoa5Fbo99RD.BAMkOlHbiBkGYBzpM4O1np/VPGVSI3Ta.7f2	02283856444	Nguyễn Thị Lan	t	null	homestaynghiaminh	\N	5	3	ND228
505	2024-10-27 00:22:08.125799	2024-10-27 00:22:08.125799	Xã Phú Lạc, Huyện Na Rì	homestayphulac@gmail.com	Homestay Phú Lạc	$2a$12$f/WPLYncvJiIFEq8Oji1Z.dfeeVpuPTU7/y2Nvzo5rOFPsiQgrtTm	02063856888	Nguyễn Văn Hải	t	null	homestayphulac	\N	5	3	BK209
507	2024-10-27 00:22:11.295486	2024-10-27 00:22:11.295486	Xã Tân Tú, Huyện Chợ Đồn	resorttantu@gmail.com	Resort Tân Tú	$2a$12$x2aDMAFK5ggiOceF0Uk3MOjze2bG4k8DLBlQzoGQeia1yhRax3/y.	02063857000	Nguyễn Văn Hiếu	t	null	resorttantu	\N	6	3	BK209
532	2024-10-27 00:22:50.758209	2024-10-27 00:22:50.758209	Xã Hồng Quang, Huyện Nam Trực	homestayyenninh@gmail.com	Homestay Yên Ninh	$2a$12$jUpmeC714QQnsmRybtAzeePqnhAAnSw.advKLON59laZyfAPhr0v.	02283856555	Lê Thị Bích	t	null	homestayyenninh	\N	5	3	ND228
502	2024-10-27 00:22:03.423653	2024-10-27 00:22:03.423653	Xã Bình Trung, Huyện Chợ Đồn	homestaybinhtrung@gmail.com	Homestay Bình Trung	$2a$12$85MkRCpgSjOw28ZTl9UifuzUTB7BX7n4r8.ghE4EAWkY03K0AcwBy	02063856555	Nguyễn Văn Bình	t	null	homestaybinhtrung	\N	5	3	BK209
523	2024-10-27 00:22:36.607008	2024-10-27 00:22:36.607008	Xã Phố Cáo, Huyện Đồng Văn	homestayphocao@gmail.com	Homestay Phố Cáo	$2a$12$8VKJGgO07f77J6iYOryISuOHVcUS0tp3sc4r485dcTGxMgggZSG4e	02193856666	Nguyễn Thị Bích	t	null	homestayphocao	\N	5	3	HG219
521	2024-10-27 00:22:33.31489	2024-10-27 00:22:33.31489	Xã Tả Van Chư, Huyện Hoàng Su Phì	homestaytavanchu@gmail.com	Homestay Tả Van Chư	$2a$12$ZQYVJZ1LWJjuwDOiHIhmke2orq9vZLFFI3m4bZwuJSPymdBO5otS2	02193856444	Lê Thị Hải	t	null	homestaytavanchu	\N	5	3	HG219
522	2024-10-27 00:22:35.026654	2024-10-27 00:22:35.026654	Xã Sủng Là, Huyện Đồng Văn	homestaysungla@gmail.com	Homestay Sủng Là	$2a$12$z5LAeS92zOvzo/m3TX8ZC.5LA5Ew.ejtPqeIptpq3ZrvH8r7SnyQ2	02193856555	Trần Văn Quý	t	null	homestaysungla	\N	5	3	HG219
527	2024-10-27 00:22:42.87767	2024-10-27 00:22:42.87767	Xã Túng Sán, Huyện Hoàng Su Phì	resorttungsan@gmail.com	Resort Túng Sán	$2a$12$MRZPuoYizgRBzuhWKyhgYeUiW3FO/icP/B.yA8bWdn1Mo/nRkUFuG	02193857000	Nguyễn Văn Tùng	t	null	resorttungsan	\N	6	3	HG219
526	2024-10-27 00:22:41.313212	2024-10-27 00:22:41.313212	Xã Bản Luốc, Huyện Hoàng Su Phì	resortbanluoc@gmail.com	Resort Bản Luốc	$2a$12$iamqmnoZg1B0PLkJlUw51u7Qiw5GSkpQBLmcY5yut1qxllPuLLBne	02193856999	Trần Thị Mai	t	null	resortbanluoc	\N	6	3	HG219
506	2024-10-27 00:22:09.727175	2024-10-27 00:22:09.727175	Xã Bằng Lãng, Huyện Ngân Sơn	resortbanglang@gmail.com	Resort Bằng Lãng	$2a$12$K.yTlbktvBHqlGgl5FNwKu488Gl25PLedYjT5ZQ0lROEFl/Jltg.a	02063856999	Lê Thị Hồng	t	null	resortbanglang	\N	6	3	BK209
632	2024-11-24 18:41:39.895566	2024-11-27 22:01:59.229789	94 Nguyễn Thị Căn	nhaxeductien@heytech.vn	Nhà Xe Đức Tiến	$2a$12$q3yIQMNHL1dpE9YKtodXw.J0m3aputDnwfKEpLGIFLPLR7E9DYj1G	0911201827	Hytech	t	0852789456123	nhaxeductien	\N	2	3	HCM28
566	2024-10-27 00:23:44.472444	2024-10-27 00:23:44.472444	Xã Thái Thịnh, Huyện Thái Thụy	resortthaitinh@gmail.com	Resort Thái Thịnh	$2a$12$1jsiY0W6J0SoiTeEy4aUzOUsZBZCJNcY9qSMApBsiDa.2000YOJZK	02273856999	Nguyễn Thị Kim	t	null	resortthaitinh	\N	6	3	TB227
568	2024-10-27 00:23:47.666724	2024-10-27 00:23:47.666724	Đường An Đà, TP. Hưng Yên	khachsanhungyen@gmail.com	Khách Sạn Hưng Yên	$2a$12$TKzvYSv/66bVIdQKe9KRFutDBZk9BbkBQYWaQBTMFjAkGt0pTMBG.	02213856111	Nguyễn Văn An	t	null	khachsanhungyen	\N	4	3	HY221
565	2024-10-27 00:23:42.877289	2024-10-27 00:23:42.877289	Xã Liên Hiệp, Huyện Tiền Hải	homestaylienhiep@gmail.com	Homestay Liên Hiệp	$2a$12$YDYzh6Aek.w8Io8PF3Mw4.LuCVYhezmTQG/VfBdslTYNOeKuLVnpi	02273856888	Trần Văn Nam	t	null	homestaylienhiep	\N	5	3	TB227
561	2024-10-27 00:23:36.505854	2024-10-27 00:23:36.505854	Xã Đông La, Huyện Đông Hưng	homestaydongla@gmail.com	Homestay Đông La	$2a$12$vtfXg8VH6BJDUZdUFx08Sun/5fepWfF0BGQOmXcS8qU2177uFE6Be	02273856444	Nguyễn Thị Thủy	t	null	homestaydongla	\N	5	3	TB227
558	2024-10-27 00:23:31.797916	2024-10-27 00:23:31.797916	Đường Lê Quý Đôn, TP. Thái Bình	khachsantaibinh@gmail.com	Khách Sạn Thái Bình	$2a$12$UdfF7RGxEdjj3tI81m.WKeoVIdeDmYB5umXBEIVGdC1aVuBzSKXae	02273856111	Nguyễn Văn Hải	t	null	khachsantaibinh	\N	4	3	TB227
560	2024-10-27 00:23:34.947042	2024-10-27 00:23:34.947042	Đường Trần Hưng Đạo, TP. Thái Bình	khachsantphuhung@gmail.com	Khách Sạn Phú Hưng	$2a$12$AYBU894Z8Z/161VVaDnASO.Al4DUkeS0JLMDBAhRd0RRkFomQTr12	02273856333	Lê Văn Hưng	t	null	khachsantphuhung	\N	4	3	TB227
557	2024-10-27 00:23:30.197403	2024-10-27 00:23:30.197403	Xã Liêm Tuyền, TP. Phủ Lý	resortliemtuyen@gmail.com	Resort Liêm Tuyền	$2a$12$O5eBhAeQZWTPxkWhWlXZLODOKAELWixQlvjkHgI8DBOTIYfhqPL/O	02263857000	Lê Thị Nga	t	null	resortliemtuyen	\N	6	3	HN226
549	2024-10-27 00:23:17.606498	2024-10-27 00:23:17.606498	Đường Nguyễn Văn Trỗi, TP. Phủ Lý	khachsanhuonggiangpl@gmail.com	Khách Sạn Hương Giang	$2a$12$ObXnTKL0aTXnoYjbMHTNjO/kUwf5mj3jH7Cnl/1br5w.6vtWZcNAi	02263856222	Trần Thị Hạnh	t	null	khachsanhuonggiangpl	\N	4	3	HN226
548	2024-10-27 00:23:16.001452	2024-10-27 00:23:16.001452	Đường Trần Hưng Đạo, TP. Phủ Lý	khachsanphuly@gmail.com	Khách Sạn Phủ Lý	$2a$12$w0AckbUCJuubfJV78OnRuO9I2zYaBNEQZ1uvXuc4jZHVvMfbavA6e	02263856111	Nguyễn Văn An	t	null	khachsanphuly	\N	4	3	HN226
545	2024-10-27 00:23:11.328188	2024-10-27 00:23:11.328188	Xã Gia Thanh, Huyện Gia Viễn	homestaygiathanh@gmail.com	Homestay Gia Thanh	$2a$12$W8jiFC8/pcYp3kX/1SQw5O/rHACDixgFsMo5B91miJSIIROwoGo4q	02293856888	Trần Văn Tuấn	t	null	homestaygiathanh	\N	5	3	NB229
547	2024-10-27 00:23:14.447542	2024-10-27 00:23:14.447542	Xã Ninh Mỹ, Huyện Hoa Lư	resortninhmy@gmail.com	Resort Ninh Mỹ	$2a$12$/5sVghbjgd7m2B1.UChjzep0hGDEp6sLqZ9KbNcVcKuGtiQN3jNe.	02293857000	Lê Văn Hòa	t	null	resortninhmy	\N	6	3	NB229
553	2024-10-27 00:23:23.901709	2024-10-27 00:23:23.901709	Xã Xuân Khê, Huyện Lý Nhân	homestayxuankhe@gmail.com	Homestay Xuân Khê	$2a$12$z7L3G2tlUnNTKVzvwgf0IeE2uxOez.b1ZKfDwF/z50IoeJ1dTi/IO	02263856666	Nguyễn Thị Lan	t	null	homestayxuankhe	\N	5	3	HN226
543	2024-10-27 00:23:08.166672	2024-10-27 00:23:08.166672	Xã Trường Yên, Huyện Hoa Lư	homestaytruongyen@gmail.com	Homestay Trường Yên	$2a$12$Ldjpd3s8BVxIvofZedH5dOh3rzzkmee.hq.3a57MAl.Of4k9xZU5K	02293856666	Phạm Văn Hùng	t	null	homestaytruongyen	\N	5	3	NB229
555	2024-10-27 00:23:27.024662	2024-10-27 00:23:27.024662	Xã Chân Lý, Huyện Lý Nhân	homestaychanly@gmail.com	Homestay Chân Lý	$2a$12$JYBrXHzQdAVkalH.fI4a8eIpEDeFrig/PZltYRed2w6xjFh37.GJ.	02263856888	Nguyễn Văn Hòa	t	null	homestaychanly	\N	5	3	HN226
556	2024-10-27 00:23:28.626069	2024-10-27 00:23:28.626069	Xã Thanh Sơn, Huyện Thanh Liêm	resortthanhson@gmail.com	Resort Thanh Sơn	$2a$12$JP.9FPjHfWzW/gpdr0.CpudofRgA5qIktkWdwPBigarid189NgNpS	02263856999	Trần Văn Nam	t	null	resortthanhson	\N	6	3	HN226
546	2024-10-27 00:23:12.864637	2024-10-27 00:23:12.864637	Xã Tam Cường, Huyện Tam Điệp	resorttamcuong@gmail.com	Resort Tam Cường	$2a$12$VNY2IA0ALrdYy.iwmAioEO4OIaBsuGF5QdbGamkMIBZ.CZ17EdKca	02293856999	Nguyễn Thị Hoa	t	null	resorttamcuong	\N	6	3	NB229
633	2024-11-25 12:40:09.710517	2024-11-27 22:01:42.247245	Thị Trấn Phước Dân	ductien.mt26@gmail.com	Homstay Hytech	$2a$12$MB27hlasHCm1PkxYQCbKLun3lraVlOxNNeHmW2HrS5dDmlApshnJC	0911201828	Đức Tiến	t		ksductien	\N	5	3	BR254
596	2024-10-27 00:24:31.814942	2024-10-27 00:24:31.814942	Xã Cẩm Đông, Huyện Cẩm Giàng	resortcamdong@gmail.com	Resort Cẩm Đông	$2a$12$7wYTwlA3AcCURlq5cJ.3vORZv5S7jDGglU8OJbHZbXdu0o6XHaM5W	02203856999	Nguyễn Thị Đông	t	null	resortcamdong	\N	6	3	HD220
597	2024-10-27 00:24:33.379173	2024-10-27 00:24:33.379173	Xã Lê Lợi, Huyện Lạc Sách	resortleloi@gmail.com	Resort Lê Lợi	$2a$12$K4Db6/wn8ATCa7oU4/sXQOB8m4m6yq06MSENkdCteshUk3IiaB9CW	02203857000	Lê Văn Lợi	t	null	resortleloi	\N	6	3	LC213
592	2024-10-27 00:24:25.53546	2024-10-27 00:24:25.53546	Xã Gia Xuyên, Huyện Gia Lộc	homestaygiahung@gmail.com	Homestay Gia Xuyên	$2a$12$Clliz6ErxRx12vyV1GJ0aOTtvDQhbK6xaUVkKYo5ehuJwSMEs8gke	02203856555	Trần Thị Xuyên	t	null	homestaygiahung	\N	5	3	HD220
594	2024-10-27 00:24:28.671495	2024-10-27 00:24:28.671495	Xã Nhân Quyền, Huyện Kinh Môn	homestaynhanquyen@gmail.com	Homestay Nhân Quyền	$2a$12$UJAJlJZ4taJMeyGrrPPyz.YAEM91r0D.l0adqmsphKG4TvvrUTit2	02203856777	Lê Thị Quyền	t	null	homestaynhanquyen	\N	5	3	HD220
583	2024-10-27 00:24:11.376995	2024-10-27 00:24:11.376995	Xã Vĩnh Niệm, Huyện An Hải	homestayvinhniệm@gmail.com	Homestay Vĩnh Niệm	$2a$12$1MJ06TbO5YWRR67FRxJm8uUa.vKR1s8m91CFjxPZdj/cFUZOqwSge	02253856666	Nguyễn Văn Niệm	t	null	homestayvinhniệm	\N	5	3	HP225
585	2024-10-27 00:24:14.517853	2024-10-27 00:24:14.517853	Xã Hưng Đạo, Huyện Dương Kinh	homestayhungdao@gmail.com	Homestay Hưng Đạo	$2a$12$WGGCGUKMBPLqRzSSTbGuW..TTZz.PKEetKD2Q8VcnfZR0SwgsGG6a	02253856888	Trần Văn Đạo	t	null	homestayhungdao	\N	5	3	HP225
579	2024-10-27 00:24:04.987064	2024-10-27 00:24:04.987064	Đường Trần Nguyên Hãn, Hồng Bàng	khachsanpearlriver@gmail.com	Khách Sạn Pearl River	$2a$12$tke0JP4JjEscJKbyeNFN..IWvh4VrfjlgkoNbNDGyqA0weQbK6dNi	02253856222	Trần Thị Nguyên	t	null	khachsanpearlriver	\N	4	3	HP225
581	2024-10-27 00:24:08.247467	2024-10-27 00:24:08.247467	Xã An Đồng, Huyện An Dương	homestayanongdong@gmail.com	Homestay An Đồng	$2a$12$85HyCZKcVM/qTcAx9x.j1OcWry8ebdh/Ww3Evb0uy1WTpSHC6sB7q	02253856444	Nguyễn Thị Đồng	t	null	homestayanongdong	\N	5	3	HP225
595	2024-10-27 00:24:30.243965	2024-10-27 00:24:30.243965	Xã Liên Hồng, Huyện Gia Lộc	homestaylienhong@gmail.com	Homestay Liên Hồng	$2a$12$mZaFlPycRpc4rBnwXNU5K.iB0gp5RrKa/U20PV4PCf9KltphcDZtG	02203856888	Trần Văn Hồng	t	null	homestaylienhong	\N	5	3	HD220
577	2024-10-27 00:24:01.81559	2024-10-27 00:24:01.81559	Xã Hòa Bình, Huyện Văn Giang	resorthoabinh@gmail.com	Resort Hòa Bình	$2a$12$hHFi.KbfXh4U.11GFGbDHe0ObqbrBXoKcGJHH8UjbVycTivZkozuq	02213857000	Lê Văn Bình	t	null	resorthoabinh	\N	6	3	HY221
576	2024-10-27 00:24:00.215521	2024-10-27 00:24:00.215521	Xã Như Quỳnh, Huyện Văn Lâm	resortnhuquynh@gmail.com	Resort Như Quỳnh	$2a$12$Jkl9gJT3KX5KseoumOIc3e.25EuDwnh7Lw7RQnzZEb1ilxlU7HC1.	02213856999	Nguyễn Thị Như	t	null	resortnhuquynh	\N	6	3	HY221
573	2024-10-27 00:23:55.519381	2024-10-27 00:23:55.519381	Xã Minh Khai, Huyện Văn Giang	homestayminhkai@gmail.com	Homestay Minh Khai	$2a$12$H7sYT214AyLB6lQKa5.rXOWo4bPobytDmncRUY72u27Q5GaWG9z7.	02213856666	Nguyễn Văn Khai	t	null	homestayminhkai	\N	5	3	HY221
571	2024-10-27 00:23:52.378018	2024-10-27 00:23:52.378018	Xã Liên Phương, Huyện Văn Lâm	homestaylienphuong@gmail.com	Homestay Liên Phương	$2a$12$cybYTB5rFjR73bqph6DG9.E/6.mlAnud5MpRTVblw1oZegWKQYTEu	02213856444	Nguyễn Thị Phương	t	null	homestaylienphuong	\N	5	3	HY221
575	2024-10-27 00:23:58.668651	2024-10-27 00:23:58.668651	Xã Yên Mỹ, Huyện Yên Mỹ	homestayyenu@gmail.com	Homestay Yên Mỹ	$2a$12$VauwEuQSovd6MqhGYddaPuB5NJLjahlOrYRrI4oz51cZECZ5rVqAG	02213856888	Trần Văn Yên	t	null	homestayyenu	\N	5	3	HY221
572	2024-10-27 00:23:53.946109	2024-10-27 00:23:53.946109	Xã Tân Quang, Huyện Văn Lâm	homestaytanquang@gmail.com	Homestay Tân Quang	$2a$12$mZZb1/lQLxczvwj2ywozcuj5b2IPowDFF88d9Y55NxK4J/G5DCLZO	02213856555	Trần Văn Quang	t	null	homestaytanquang	\N	5	3	HY221
574	2024-10-27 00:23:57.06536	2024-10-27 00:23:57.06536	Xã Nhân Hòa, Huyện Mỹ Hào	homestaynhanho@gmail.com	Homestay Nhân Hòa	$2a$12$GXy31Fu0fvbeYIsGWy4tiu5Z5Gvf0zrh747GQv0IEHOdT6umrUQFG	02213856777	Lê Thị Hòa	t	null	homestaynhanho	\N	5	3	HY221
634	2024-11-26 20:55:09.815145	2024-11-27 22:03:55.322918	Nhà Của Nhựt	hnhut1200@gmail.com	Home Sớm Mai	$2a$12$mGDKaKjZDmazR/Sdxp8jLuVBRtXQ4YwFYbDMahMmSKs7R82aysAZ2	0963852741	Hồ Minh Nhựt	t		sommaihome	\N	5	3	BT252
602	2024-10-27 00:24:41.294797	2024-10-27 00:24:41.294797	Xã Tiên Yên, Huyện Tiên Yên	homestaytiyen@gmail.com	Homestay Tiên Yên	$2a$12$U.e1Drzxy8VxFbAv9lkmDuof2eOEJLP4NAtONrPUN33Tt0HgOLHb2	02033842666	Trần Thị Yên	t	null	homestaytiyen	\N	5	3	QN203
604	2024-10-27 00:24:44.531023	2024-10-27 00:24:44.531023	Xã Quảng Ninh, Huyện Quảng Ninh	homestayquangninh@gmail.com	Homestay Quảng Ninh	$2a$12$aMHgU0VGiEP7Vqym2Jx6suc2J0ur8qCRwPAgdRS5tjoorm/JckC8q	02033842888	Nguyễn Thị Ninh	t	null	homestayquangninh	\N	5	3	QN203
141	\N	2024-11-27 22:01:48.498857	Đường Lê Quý Đôn, TP. Cao Lãnh	khachsanmyphuoc@gmail.com	Khách Sạn Mỹ Phước	ksmyphuoc123	02773888888	Phạm Thị Nhung	t	\N	ksmyphuoc	\N	4	3	DT277
620	2024-10-27 00:25:10.226208	2024-10-27 00:25:10.226208	12 Hàng Gai, Hoàn Kiếm, Hà Nội	homestayhanggai@gmail.com	Homestay Hàng Gai	$2a$12$IYpTl4W/DTKsdbMSn/yI7OrfurWRfbm/C25krQhRXvrrnUvA5MlF.	02439385555	Trần Thị Gai	t	null	homestayhanggai	\N	5	3	HN24
609	2024-10-27 00:24:52.445068	2024-10-27 00:24:52.445068	Đường Trần Phú, TP. Vĩnh Yên	khachsanninhphuc@gmail.com	Khách Sạn Vĩnh Phúc	$2a$12$lKiYKKr0nqtVZy8afL.v4uszSCRidQ7RVf8Emv.9hoNEex3GOaktq	02113888999	Trần Thị Phú	t	null	khachsanninhphuc	\N	4	3	VP211
613	2024-10-27 00:24:59.081416	2024-10-27 00:24:59.081416	Xã Đại Đình, Huyện Tam Đảo	resortdaiding@gmail.com	Resort Đại Đình	$2a$12$.YvVKbEOK.9VC.rDMLonau2H9HE7yOOQKPyz/uv4jSTVscBea8k.S	02113889666	Lê Văn Đình	t	null	resortdaiding	\N	6	3	VP211
622	2024-10-27 00:25:13.347188	2024-10-27 00:25:13.347188	Thôn Đoàn Kết, Xã Tam Đảo, Huyện Tam Đảo	resorttamdao@gmail.com	Resort Tam Đảo	$2a$12$YJ4dfkeAr0U9SxIXQSgAQ.J.4EgDHlrNw9k08k83YdvTltO1n8rhW	02113889777	Lê Văn Đảo	t	null	resorttamdao	\N	6	3	VP211
610	2024-10-27 00:24:54.027352	2024-10-27 00:24:54.027352	Đường Hùng Vương, TP. Vĩnh Yên	khachsanhoasen@gmail.com	Khách Sạn Hoa Sen	$2a$12$ooB355l.arpXmK68FHFKyev3kQ9iyus7bBPTTgeuzvpf5BcACzP2C	02113889000	Lê Văn Vương	t	null	khachsanhoasen	\N	4	3	VP211
608	2024-10-27 00:24:50.866581	2024-10-27 00:24:50.866581	Đường Nguyễn Tất Thành, TP. Vĩnh Yên	khachsanpullman@gmail.com	Khách Sạn Pullman Vĩnh Phúc	$2a$12$MxD3rXARgp8g5.QjL4glLuKp8szJGzUIUL1joFmyltSz2FJY2xoya	02113888888	Nguyễn Văn Thành	t	null	khachsanpullman	\N	4	3	VP211
614	2024-10-27 00:25:00.742439	2024-10-27 00:25:00.742439	77 Hàng Bài, Hoàn Kiếm, Hà Nội	khachsansofitel@gmail.com	Khách Sạn Sofitel Legend Metropole	$2a$12$SH72nvzzuEuHtA.KO/6l4e5nO6D9ztGWDRKcBE.TLISVcFQxPoNfi	02438266919	Nguyễn Văn Hòa	t	null	khachsansofitel	\N	4	3	HN24
348	2024-10-27 00:18:00.301142	2024-11-27 22:01:53.405639	Phường 6, TP. Tuy Hòa	homestaytuyhoa@gmail.com	Homestay Tuy Hòa	$2a$12$qsRBr5aYu/3FR140RnZBae.KqvWeiwpaKMiZJ9k5P83KJy3yHZePG	02573815555	Trần Văn Minh	t	null	homestaytuyhoa	\N	5	3	PY257
346	2024-10-27 00:17:57.168123	2024-11-27 21:51:35.7652	Đường Nguyễn Huệ, TP. Tuy Hòa	khachtrungnamhai@gmail.com	Khách Sạn Trung Nam Hải	$2a$12$L7W1ZkUkw8nJTPn05bfn9eGcCEWvfrV8IvNkGNDuNdKDt/ta0gxam	02573813333	Lê Văn Tâm	t	null	khachtrungnamhai	\N	4	3	PY257
266	2024-10-27 00:15:50.601214	2024-10-27 00:15:50.601214	Đường Nguyễn Văn Cừ, TP. Đà Lạt	khachsanngoclan@gmail.com	Khách Sạn Ngọc Lan	$2a$12$mQqS3/F6PhYN.yyDbPol7.4JYR76BAZgKt4xruY1I3EXYsD/WTQpS	02633822999	Trần Văn Hòa	t	null	khachsanngoclan	\N	4	3	LD263
635	2024-12-09 23:12:25.511669	2024-12-09 23:12:44.891007	Thị Trấn Phước Dân	ductien.ky@gmail.com	Khách sạn Hồ Chí Minh	$2a$12$1Tz68uOcBLS.XEoyCDWJIO0Wd3FI1ohHI7A1KYaP.7Pw7xVI2FbAi	0963745385	NGuyễn Văn C	t		kshcm	\N	4	3	HCM28
637	2024-12-14 09:16:31.228141	2024-12-14 09:16:31.229157	Tân thới hiệp, Q.12, Tp.hcm	nhuthmps32162@fpt.edu.vn	Hồ Minh Nhựt	$2a$12$gCmIxPbsPfeIz.C/DetB4.1ob5UT4bj22ZEHunVFEB7N6N2ZBu3CC	0348308951	Nhựt	f	2222333	Nhựt Hello	\N	1	3	BR254
5	\N	2024-12-15 04:37:56.16184	159 Thuy Van, Vung Tau, Vietnam	cadiennaymoiradoingayhomqua@gmail.com	Hotel Imperial Vung Tau	$2a$12$GYW.H9qqvjixO5VET4IMPeA..N/P/hzw7kGtoB1JojGRh8X2F/XNm	0954385115	Nguyễn Văn Quân	t	12345678	hotelimperial	1139	4	3	BR254
638	2024-12-15 16:45:10	2024-12-15 16:45:11	Số 130, Trần Hưng Đạo, Phường Mỹ Bình, TP. Long Xuyên, Tỉnh An Giang.	longxuyenhotel@gmail.com	Khach san Long Xuyen	lx123	02063856778	\N	\N	\N	\N	\N	\N	3	\N
639	2024-12-15 18:33:00	2024-12-15 18:33:01	BINH DINH	bdxe@gmail.com	XE BINH DINH	11	032456789	NGUYEN BINH DINH	t	\N	\N	\N	\N	3	\N
640	2024-12-15 18:34:26	2024-12-15 18:34:27	Phường Lê Lợi 2, TP. Quy Nhơn	XEleloi@gmail.com	XE BINH DINH	$2a$12$OspJCo/qcxI0mIBI0Jx09OnhCUaxroty1zZ5Ri2CELX45EGA8R6Mi	02563824445	Nguyễn Thị XE	t	\N	xebinhdinh	\N	1	3	BD256
71	\N	\N	47 Trưng Nhị, P.1, Tp.Vũng Tàu	hoamai.limousine@gmail.com\n	Công ty TNHH Vận Tải & DVDL Hoa Mai	hoamai123	0889200200	Nguyên Thanh Mai	t	0201159470	hoamai	\N	1	3	BR254
29	\N	\N	1 Thùy Vân Vung Tau 790 Tỉnh Bà Rịa-vũng Tàu	paradiseresort123@gmail.com	Vung Tau Paradise Resort	paradiseresort123	0254385342	Trần Thị Bích	t	\N	paradiseresort	\N	4	3	BR254
12	\N	\N	28 Đường Thi Sách 5.23, Tòa nhà The Sóng, Tầng 5 Vung Tau	cozyhomestay@gmail.com	Cozy Homestay	cozyhomestay123	0933330330	Huỳnh Anh Q	t	\N	cozyhomestay	\N	5	3	BR254
8	\N	\N	09 Thong Nhat Vung Tau	muongthanhvungtau123@gmail.com	Muong Thanh Vung Tau	muongthanhvungtau123	0254355246	Nguyễn Thị T	t	\N	muongthanhvungtau	\N	4	3	BR254
11	\N	\N	123 Tran Phu, Vung Tau, Vietnam	homestayvungtau123@gmail.com	Homestay Vung Tau	homestayvungtau123	0901234567	Hồ thị H	t	\N	homestayvungtau	\N	5	3	BR254
13	\N	\N	789 Le Lai, Vung Tau, Vietnam	vungtauhomestay123@gmail.com	Vung Tau Homestay	vungtauhomestay123	0928765432	Nguyễn Văn Q	t	\N	vungtauhomestay	\N	5	3	BR254
205	\N	\N	Hoàng Phú Tower, Tổ 12 khu tái định cư Thạch Bàn, Long Biên, Hà Nội	info@hoangphutransport.com	Công Ty TNHH Dịch vụ vận tải Hoàng Phú	hoangphu123	0973244078	Lê Hoàng Phú	t	0102248828	hoangphu	\N	1	3	HN24
204	\N	\N	Số 16 Tôn Đức Thắng, Hải Phòng	xakhachhaiau@gmail.com	xe khách Hải Âu	haiau	0894378536	Nguyễn Thanh Nguyên	t	0200421735	haiau	\N	1	3	HP225
449	2024-10-27 00:20:39.875258	2024-10-27 00:20:39.875258	Đường Lê Lợi, TP. Bắc Giang	khachsanmoi@gmail.com	Khách Sạn Mới	$2a$12$VQloUjyAhH6s.Zf2rVWv6OZgyaEpVbOs52DBoVoqvIDNbK6qJRm0y	02043856222	Trần Thị Nga	t	null	khachsanmoi	\N	4	3	BG204
448	2024-10-27 00:20:38.333421	2024-10-27 00:20:38.333421	Đường Nguyễn Thị Minh Khai, TP. Bắc Giang	khachsanbacgiang@gmail.com	Khách Sạn Bắc Giang	$2a$12$uJE6sZekAwUFvj0cPfnzGu3Ok0ntUYm6L61htUomi/5iwYe5exaiC	02043856111	Nguyễn Văn An	t	null	khachsanbacgiang	\N	4	3	BG204
499	2024-10-27 00:21:58.731882	2024-10-27 00:21:58.731882	Đường Ngô Gia Tự, TP. Bắc Kạn	khachsanhoangvanthu@gmail.com	Khách Sạn Hoàng Văn Thụ	$2a$12$vyIVywDGM5I14kMjaydOw.MCXeYJTCUvn1xEH4FjCaCyvw4zXidLO	02063856222	Lê Thị Ngọc	t	null	khachsanhoangvanthu	\N	4	3	BK209
501	2024-10-27 00:22:01.853052	2024-10-27 00:22:01.853052	Xã Nông Thượng, TP. Bắc Kạn	homestaynongthuong@gmail.com	Homestay Nông Thượng	$2a$12$D4XURaFsN91xtXrA8Mt5y.AipZnZSXYyU1mOUzVnDsdKYp/wMxyNy	02063856444	Phạm Thị Hoa	t	null	homestaynongthuong	\N	5	3	BK209
498	2024-10-27 00:21:57.160099	2024-10-27 00:21:57.160099	Đường Trường Chinh, TP. Bắc Kạn	khachsanbackan@gmail.com	Khách Sạn Bắc Kạn	$2a$12$LmoywzBQAordJVOuu9Tf.u4vjCG0zEWeuoNps4YyzIqnmKUghOGfW	02063856111	Nguyễn Văn Đức	t	null	khachsanbackan	\N	4	3	BK209
500	2024-10-27 00:22:00.309226	2024-10-27 00:22:00.309226	Đường Lê Thị Hồng Gấm, TP. Bắc Kạn	khachsankimbang@gmail.com	Khách Sạn Kim Bảng	$2a$12$9hTxMmvSgvM4ogHdrjyMn.BZkpQi1d1kaxWvaNgtdGulCKq8L/NxW	02063856333	Trần Văn Dũng	t	null	khachsankimbang	\N	4	3	BK209
434	2024-10-27 00:20:15.752756	2024-10-27 00:20:15.752756	Đường 7/5, TP. Điện Biên Phủ	khachsandienbien@gmail.com	Khách Sạn Điện Biên	$2a$12$tnfNQiD27j16ftM/Vnw1F.tk77xQLRd4PuTBNJPhfta9xoKGJxfiC	02153856111	Nguyễn Văn Lâm	t	null	khachsandienbien	\N	4	3	DB215
518	2024-10-27 00:22:28.586243	2024-10-27 00:22:28.586243	Đường 1/4, TP. Hà Giang	khachsanhagiang@gmail.com	Khách Sạn Hà Giang	$2a$12$g0TTRJ9w92j4vSK6tUgun.iX/hLfckFCgRQDRGnzjNcQI2M0/XjfS	02193856111	Nguyễn Văn Long	t	null	khachsanhagiang	\N	4	3	HG219
412	2024-10-27 00:19:41.032028	2024-10-27 00:19:41.032028	Đường Hòa Bình, Huyện Mai Châu	resortmaichau@gmail.com	Resort Mai Châu Ecolodge	$2a$12$PKpx/qDmaWciaRGuia5SHeRLe7o5wWsMttCAg61ux6SsAPUSBZ52i	02183856999	Nguyễn Văn Sơn	t	null	resortmaichau	\N	6	3	HB218
405	2024-10-27 00:19:29.898034	2024-10-27 00:19:29.898034	Đường Hòa Bình, TP. Hòa Bình	khachvictoriahoabinh@gmail.com	Khách Sạn Victoria Hòa Bình	$2a$12$0BxmNEj6T5TJRYQ9PUaco.xD5r8APGBz.f0.wNHm/fJU1DLKGT.VG	02183856222	Trần Thị Bích	t	null	khachvictoriahoabinh	\N	4	3	HB218
426	2024-10-27 00:20:03.123564	2024-10-27 00:20:03.123564	Đường Đoàn Kết, TP. Lai Châu	khachsan tansong@gmail.com	Khách Sạn Tân Sơn	$2a$12$OpCo4flcn6cfIVcrwA3lOuy/Y7io76xnbeVaE5NNo0y2bshaY5EGm	02133856333	Lê Văn Hoàng	t	null	khachsantanson	\N	4	3	LC213
541	2024-10-27 00:23:05.085158	2024-10-27 00:23:05.085158	Xã Ninh Nhất, Huyện Ninh Bình	homestayninhnhat@gmail.com	Homestay Ninh Nhất	$2a$12$B1QdDycx/d1QW31bNb.1x.gGJ0DSJkdM28wqmH1DmFI6MyJ.XvD5G	02293856444	Nguyễn Văn Bình	t	null	homestayninhnhat	\N	5	3	NB229
540	2024-10-27 00:23:03.499653	2024-10-27 00:23:03.499653	Đường Lê Đại Hành, TP. Ninh Bình	khachsanhoangson@gmail.com	Khách Sạn Hoàng Sơn	$2a$12$xvzgCZJtpqPUvO0yX.k5Hudzrazc1lYkaXdLMU0nF/wrgzUcGJjei	02293856333	Phạm Thị Lan	t	null	khachsanhoangson	\N	4	3	NB229
559	2024-10-27 00:23:33.362355	2024-10-27 00:23:33.362355	Đường Nguyễn Huệ, TP. Thái Bình	khachsantinhkhai@gmail.com	Khách Sạn Minh Khai	$2a$12$eJSo004kmhZiHDwkoZTBtOZ5FszIBYqcR/aot./rE9gJqTAja4XSy	02273856222	Trần Thị Hoa	t	null	khachsantinhkhai	\N	4	3	TB227
474	2024-10-27 00:21:19.250043	2024-10-27 00:21:19.250043	Xã Đồng Bẩm, TP. Thái Nguyên	homestaydongbam@gmail.com	Homestay Đồng Bẩm	$2a$12$8SSlUs4epp3GqNSjB1KZ8uG05QsXtn3Wbyagx/dy8XwRYUk4CrgIy	02083856777	Lê Văn Khôi	t	null	homestaydongbam	\N	5	3	TN208
475	2024-10-27 00:21:20.829771	2024-10-27 00:21:20.829771	Xã Phúc Xuân, TP. Thái Nguyên	homestayphucxuan@gmail.com	Homestay Phúc Xuân	$2a$12$PEPzS2lS9kU78pI9gytPHuekzwZVqXQbqE2WB2yAclYkcw.DDiN7O	02083856888	Nguyễn Thị Vân	t	null	homestayphucxuan	\N	5	3	TN208
472	2024-10-27 00:21:16.130668	2024-10-27 00:21:16.130668	Xã Quyết Thắng, TP. Thái Nguyên	homestayquyetthang@gmail.com	Homestay Quyết Thắng	$2a$12$JA1uNEn6gVeXofNK074lZ.9AlahU9wyWG3CUE1CJNNMGizEnbkKLS	02083856555	Trần Văn Dũng	t	null	homestayquyetthang	\N	5	3	TN208
469	2024-10-27 00:21:11.45854	2024-10-27 00:21:11.45854	Đường Phan Đình Phùng, TP. Thái Nguyên	khachsanphulam@gmail.com	Khách Sạn Phú Lâm	$2a$12$4uuCZhcuCDsWLx.8/Qr9a.1DVoc4V1sMLIE4AtC7SI30x1j//XOGe	02083856222	Trần Thị Minh	t	null	khachsanphulam	\N	4	3	TN208
473	2024-10-27 00:21:17.680431	2024-10-27 00:21:17.680431	Xã Huống Thượng, TP. Thái Nguyên	homestayhuongthuong@gmail.com	Homestay Huống Thượng	$2a$12$Ofcdu3xIaQQRtQkl7vxfueOIeI3XA8y3o.OSgV..d4lxvo1EtOcp2	02083856666	Nguyễn Thị Lan	t	null	homestayhuongthuong	\N	5	3	TN208
14	\N	\N	Binh Chau, Xuyen Moc, Vung Tau, Vietnam	oceanviewresort@123gmail.com	Ocean View Resort	$2a$12$AOgqw3LASPrpdMUgO6wYCuUWl9D5ZF5hPJM.bK4LoDJvbjFgjlqNa	0254385888	Trần thị K	t	\N	oceanviewresort	\N	6	3	BR254
343	2024-10-27 00:17:52.414754	2024-10-27 00:17:52.414754	Đường Nguyễn Tất Thành, TP. Nha Trang	resortamiana@gmail.com	Resort Amiana Resort Nha Trang	$2a$12$PEnjQTjKIEBYLuLxeEoAnuHXH23f.UIMD8qhUd5GdRLezT1kYYIXG	02583892222	Lê Văn Khánh	t	null	resortamiana	\N	6	3	KH258
335	2024-10-27 00:17:39.803098	2024-10-27 00:17:39.803098	Đường Nguyễn Thị Minh Khai, TP. Nha Trang	khachsunrisenhatrang@gmail.com	Khách Sạn Sunrise Nha Trang	$2a$12$oswMY/DQ8CVfPKKMFD8amOak1ixeWVKNyxGnzLLpXmZyaYRHqSf6e	02583888888	Trần Thị Hương	t	null	khachsunrisenhatrang	\N	4	3	KH258
338	2024-10-27 00:17:44.502103	2024-10-27 00:17:44.502103	Xã Vĩnh Ngọc, TP. Nha Trang	homestayvinhngoc@gmail.com	Homestay Vĩnh Ngọc	$2a$12$cOE04BxUkeIuJKm/PoPJOuvtwXM6tKUf7./GLx/gNx77gVPD6B7FO	02583870777	Trần Văn Thành	t	null	homestayvinhngoc	\N	5	3	KH258
125	\N	\N	Tổ 1, Vĩnh Điềm, P. Ngọc Hiệp, TP. Nha Trang, Khánh Hoà	cuctung7874@gmail.com	\nCông ty TNHH CÚC TÙNG	cuctung123	0856709898	Hồ Thanh Tùng	t	420124333	cuctung	\N	1	3	KH258
334	2024-10-27 00:17:38.234804	2024-10-27 00:17:38.234804	Đường Trần Phú, TP. Nha Trang	khachvinpearl@gmail.com	Khách Sạn Vinpearl Nha Trang	$2a$12$HqdpMRHJThxo/Q/skQoK0eea0E/dVBx41LOT7bWx2vjge/HqeDfia	02583899999	Nguyễn Văn Hòa	t	null	khachvinpearl	\N	4	3	KH258
342	2024-10-27 00:17:50.852972	2024-10-27 00:17:50.852972	Đường Trần Phú, TP. Nha Trang	resortevason@gmail.com	Resort Evason Ana Mandara	$2a$12$iDUhzucrZ19sOhbQnGP4z.kXbCGjRExRC/4KfeD3zyRyIlTvQmlV2	02583891111	Nguyễn Văn An	t	null	resortevason	\N	6	3	KH258
336	2024-10-27 00:17:41.363872	2024-10-27 00:17:41.363872	Đường Lê Lợi, TP. Nha Trang	khachhangnga@gmail.com	Khách Sạn Hằng Nga	$2a$12$vLXHShyFdYWfCmaCfV/bnuGjg6lDORXCEw7A8Pg8e3zU1f7BYziYy	02583822222	Lê Văn Quang	t	null	khachhangnga	\N	4	3	KH258
339	2024-10-27 00:17:46.071686	2024-10-27 00:17:46.071686	Phường Phước Long, TP. Nha Trang	homestayphuoclong@gmail.com	Homestay Phước Long	$2a$12$gdwnjV9qVEdA/gV8RCBc9.eIjDhqGV1rh9AWPOMjmm0daZgyB.pyW	02583871111	Lê Thị Huyền	t	null	homestayphuoclong	\N	5	3	KH258
337	2024-10-27 00:17:42.919563	2024-10-27 00:17:42.919563	Phường Vĩnh Hải, TP. Nha Trang	homestayvinhhaigmail.com	Homestay Vĩnh Hải	$2a$12$j/q6wL3ny9Z4TQ3/Q520vuAETha4lN1aBpsfYiVKtIOJsx1rzKXlq	02583869999	Nguyễn Thị Mai	t	null	homestayvinhhai	\N	5	3	KH258
312	2024-10-27 00:17:03.365777	2024-10-27 00:17:03.365777	Đường Nguyễn Huệ, TP. Kon Tum	resortgreenkontum@gmail.com	Resort Green Kon Tum	$2a$12$oHvTEK1huLwQpeao4he/0OArAy.4NjEITHgARXigx9TZgg1ySIlaa	02603876666	Trần Thị Hoa	t	null	resortgreenkontum	\N	6	3	KT260
305	2024-10-27 00:16:52.314978	2024-10-27 00:16:52.314978	Đường Hùng Vương, TP. Kon Tum	khachindochine@gmail.com	Khách Sạn Indochine	$2a$12$bYyIp5xQeajiyGzIXGyps.x4Tn210Aw1rJlLJO2vMspwriN.8mEFq	02603869999	Nguyễn Văn Khoa	t	null	khachindochine	\N	4	3	KT260
304	2024-10-27 00:16:50.738886	2024-10-27 00:16:50.738886	Đường Trần Hưng Đạo, TP. Kon Tum	khachsansongda@gmail.com	Khách Sạn Sông Đà	$2a$12$Q7Pls/znLq9pkolu/nCbmuacSpWgXHfPnkushKJJS67njyvZEYxCG	02603888888	Trần Văn Hải	t	null	khachsansongda	\N	4	3	KT260
128	\N	\N	275 Lê Đại Hành, Phường Đống Đa, Thành phố Pleiku, Tỉnh Gia Lai, Việt Nam	xeducdatthanh.gl@gmail.com	CÔNG TY TNHH MTV ĐỨC ĐẠT THÀNH GIA LAI	ducdat123	0906549679	NGUYỄN THỊ HƯƠNG	t	5900787653	ducdat	\N	1	3	GL269
387	2024-10-27 00:19:01.474945	2024-10-27 00:19:01.474945	Xã Thạch Hạ, TP. Hà Tĩnh	homestaythachha@gmail.com	Homestay Thạch Hạ	$2a$12$0L988a.omf4dVZJtdABMx.lR1X/WK4M9m4tXOaqqeBD8q4UQr/6kO	02393856444	Nguyễn Thị Lệ	t	null	homestaythachha	\N	5	3	HT239
385	2024-10-27 00:18:58.33421	2024-10-27 00:18:58.33421	Đường Hàm Nghi, TP. Hà Tĩnh	khachbaokhanh@gmail.com	Khách Sạn Bảo Khánh	$2a$12$2TxEE5lNQzGEtsDeKR9dWeoNZP0oQevLH7knv04n7H0VTK.yXeA1u	02393856222	Trần Thị Bích	t	null	khachbaokhanh	\N	4	3	HT239
386	2024-10-27 00:18:59.889902	2024-10-27 00:18:59.889902	Đường Phan Đình Phùng, TP. Hà Tĩnh	khachmuongthanhtinh@gmail.com	Khách Sạn Mường Thanh Hà Tĩnh	$2a$12$Z5BujFfy0mu8ZCAE4XhDauu.nGlNbhjW27RCzH83j6CF.kmPd4gYe	02393856333	Lê Văn Phúc	t	null	khachmuongthanhtinh	\N	4	3	HT239
392	2024-10-27 00:19:09.352958	2024-10-27 00:19:09.352958	Đường Nguyễn Thị Minh Khai, TP. Hà Tĩnh	resortnghetinh@gmail.com	Resort Nghệ Tĩnh Resort	$2a$12$BMyNOZMNFqnzn.VwnABVh.Hgi4thzjkzbYKWD71/R2b3jJEWvRCQW	02393856999	Trần Văn Bình	t	null	resortnghetinh	\N	6	3	HT239
270	2024-10-27 00:15:56.997261	2024-10-27 00:15:56.997261	Phường 3, TP. Đà Lạt	homestaydalatxanh@gmail.com	Homestay Đà Lạt Xanh	$2a$12$.GoVuaPTchH7bAlbW9yaFOTf.tOiouBxMVg9Nl6wsX2yxnOISH0Wm	02633880111	Trần Văn Nam	t	null	homestaydalatxanh	\N	5	3	LD263
267	2024-10-27 00:15:52.190118	2024-10-27 00:15:52.190118	Đường Phan Bội Châu, TP. Đà Lạt	khachskankyda@gmail.com	Khách Sạn Kỳ Đà	$2a$12$1/DJvzWDjyryPyogHJmHEusmYyB4UbgVvjnnBManiSgZU4rrWFwoy	02633567777	Lê Văn Minh	t	null	khachskankyda	\N	4	3	LD263
269	2024-10-27 00:15:55.398144	2024-10-27 00:15:55.398144	Xã Xuân Thọ, Huyện Đà Lạt	homestayxuantho@gmail.com	Homestay Xuân Thọ	$2a$12$/IfKhkZ/YCpFILVGjbca3.tW9k0ARtlgN7JgD6Srch2bD6C8yXvLG	02633879000	Phạm Thị Bích	t	null	homestayxuantho	\N	5	3	LD263
274	2024-10-27 00:16:03.303543	2024-10-27 00:16:03.303543	Đường Trần Hưng Đạo, TP. Đà Lạt	resortmimoza@gmail.com	Resort Mimoza	$2a$12$rnkxU5KeEFTVfhlAciVP2ugaQTIRHKaWUzjRS/Dj/QWx5xOlu9C3G	02633589999	Lê Thị Kim	t	null	resortmimoza	\N	6	3	LD263
265	2024-10-27 00:15:48.982514	2024-10-27 00:15:48.982514	Đường Trần Hưng Đạo, TP. Đà Lạt	khachsandalat@gmail.com	Khách Sạn Đà Lạt	$2a$12$Ir7fQVEXPU/GqexE8M7ESOouQs/Ym6J297rF6MP2HhLBcDjXCN8Ey	02633555888	Nguyễn Thị Thảo	t	null	khachsandalat	\N	4	3	LD263
273	2024-10-27 00:16:01.734578	2024-10-27 00:16:01.734578	Đường Hồ Tùng Mậu, TP. Đà Lạt	resortdalatpalace@gmail.com	Resort Đà Lạt Palace	$2a$12$OxfzoLD65iiE4.IMI58hb.MKJlwxtZXmh7cFUmt0.DHi0utLkwB.6	02633577888	Vũ Thị Yến	t	null	resortdalatpalace	\N	6	3	LD263
129	\N	\N	319 Trần Phú, Phường 08, Quận 5, Thành phố Hồ Chí Minh, Việt Nam	lienhe.cohai@gmail.com	DOANH NGHIỆP TƯ NHÂN CÔ HAI	cohai123	0897688742	Võ Văn Tám	t	0305027775	cohai	\N	1	3	HCM28
246	2024-10-27 00:15:18.645535	2024-10-27 00:15:18.645535	Đường Trần Hưng Đạo, TP. Tây Ninh	khachsandongho@gmail.com	Khách Sạn Đông Hồ	$2a$12$KfBR9ORQcmMwshZCGZnnv.B1CmYG33OX0XrHlOQsAQBveixA0RPpq	02763822222	Nguyễn Thị Ánh	t	null	khachsandongho	\N	4	3	TN276
247	2024-10-27 00:15:20.270827	2024-10-27 00:15:20.270827	Đường Nguyễn Thị Minh Khai, TP. Tây Ninh	khachsankimhoang@gmail.com	Khách Sạn Kim Hoàng	$2a$12$4lsrPmM4qAlEZoYqx3ctkOQwihlEv5vhBBHoSu792wjRf.CWs.zZW	02763857888	Phạm Văn Sơn	t	null	khachsankimhoang	\N	4	3	TN276
245	2024-10-27 00:15:17.020424	2024-10-27 00:15:17.020424	Đường Cách Mạng Tháng Tám, TP. Tây Ninh	khachsanvictory@gmail.com	Khách Sạn Victory	$2a$12$im3gto.66zmcE6KMQmKREuobbaUROHgHxuv/O9IwPB1lkSpYZZ1t.	02763856789	Lê Văn Tâm	t	null	khachsanvictory	\N	4	3	TN276
214	\N	\N	Đường Quốc Lộ 62, Huyện Bến Lức, Long An	resortbenluc1@gmail.com	Resort Bến Lức	benluc123	02723842999	Phạm Thị Vân	t	\N	benluc1	\N	6	3	LA272
211	\N	\N	Xã Thái Bình, Huyện Vĩnh Hưng, Long An	homestaythaibinh1@gmail.com	Homestay Thái Bình	thaibinh123	02723839666	Nguyễn Văn Thái	t	\N	thaibinh1	\N	5	3	LA272
212	\N	\N	Xã Đức Hòa Thượng, Huyện Đức Hòa, Long An	homestayduchoathuong1@gmail.com	Homestay Đức Hòa Thượng	hoathuong123	02723840777	Trần Thị Thúy	t	\N	hoathuong1	\N	5	3	LA272
192	\N	\N	Đường ĐT 870A, Huyện Tân Phước, Tiền Giang	resorttanphuoc12@gmail.com\t	Resort Tân Phước	rstanphu123	02733889000	Nguyễn Văn Nam	t	\N	rstanphu1	\N	6	3	TG273
189	\N	\N	Xã Long Định, Huyện Châu Thành, Tiền Giang	homestaylongdinh12@gmail.com\t	Homestay Long Định	hslongdinh123	02733886777	Phạm Thị Ngọc	t	\N	hslongdinh1	\N	5	3	TG273
190	\N	\N	Đường Quốc Lộ 1A, Huyện Gò Công Đông, Tiền Giang	homestaygocong12@gmail.com\t	Homestay Gò Công	hsgocong123	02733887888	Lê Văn Nghĩa	t	\N	hsgocong1	\N	5	3	TG273
188	\N	\N	Xã Thân Cửu Nghĩa, Huyện Châu Thành, Tiền Giang	homestaythancunghia12@gmail.com\t	Homestay Thân Cửu Nghĩa	hsthancuunghia123	02733885666	Hoàng Văn Phong	t	\N	hsthancuunghia1	\N	5	3	TG273
187	\N	\N	Xã Bình Đức, Huyện Châu Thành, Tiền Giang	homestaybinhduc12@gmail.com\t	Homestay Bình Đức	hsbinhduc123	02733884555	Vũ Thị Quyên	t	\N	hsbinhduc1	\N	5	3	TG273
181	\N	\N	Đường Quốc Lộ 60, TP. Bến Tre	resortconngua1@gmail.com	Resort Cồn Ngựa	rscuongnga606	02753841999	Trịnh Văn Tân	t	\N	rscuongnga6	\N	6	3	BT275
176	\N	\N	Xã Bình Phú, TP. Bến Tre	homestaybinhphu12@gmail.com	Homestay Bình Phú	hsbinhphu101	02753836444	Trần Văn Vân	t	\N	hsbinhphu1	\N	5	3	BT275
178	\N	\N	Xã Thanh Tân, Huyện Mỏ Cày Bắc, Bến Tre	homestaythanhtan12@gmail.com	Homestay Thanh Tân	hsthanhtan303	02753838666	Lý Thị Tùng	t	\N	hsthanhtan3	\N	5	3	BT275
180	\N	\N	Xã Mỹ Thạnh An, TP. Bến Tre	homestaymythanhan12@gmail.com	Homestay Mỹ Thạnh An	hsmthanhan505	02753840888	Cao Văn Thái	t	\N	hsmthanhan5	\N	5	3	BT275
144	\N	\N	Xã Tân Khánh Đông, TP. Sa Đéc, Đồng Tháp	homestaytankhanh@gmail.com	Homestay Tân Khánh	hstankhanh123	02773931111	Nguyễn Văn Hải	t	\N	hstankhanh	\N	5	3	DT277
147	\N	\N	Đường Nguyễn Thị Minh Khai, TP. Cao Lãnh, Đồng Tháp	homestaycaolanh@gmail.com	Homestay Cao Lãnh	hscaolanh123	02773855777	Cao Văn Phúc	t	\N	hscaolanh	\N	5	3	DT277
142	\N	\N	Đường Nguyễn Huệ, TP. Sa Đéc, Đồng Tháp	khachsansadec@gmail.com	Khách Sạn Sa Đéc	kssadec123	02773933333	Lê Văn Khôi	t	\N	kssadec	\N	4	3	DT277
105	\N	\N	Đường Trần Phú, TP. Rạch Giá, Kiên Giang	homestayrachgia@gmail.com	Homestay Rạch Giá	hsrachgia123	02973850333	Đặng Văn Hải	t	\N	hsrachgia	\N	5	3	KG297
102	\N	\N	Xã Tân Hiệp, Huyện Châu Thành, Kiên Giang	homestaytanhiep@gmail.com	Homestay Tân Hiệp	hstaphiep123	02973747222	Phan Thị Lan	t	\N	hstaphiep	\N	5	3	KG297
118	\N	\N	Xã Phú Mỹ, Huyện Châu Thành, Kiên Giang	homestayphumy123@gmail.com	Homestay Phú Mỹ	hsphumy1234	02973747131	Hoàng Minh Tuấn	t	\N	hsphumy1	\N	5	3	KG297
40	\N	\N	707 Hùng Vương, TP. Cà Mau	homestayhoarung@gmail.com	Homestay Hoa Rừng	hoarung123	0290901234	Đặng Thị Hương	t	\N	hshoarung	\N	5	3	CM290
46	\N	\N	303 Đường 30/4, TP. Bạc Liêu	caphesang123@gmail.com	Homestay Cà Phê Sáng	caphesang123	0291567890	Dương Thị Nga	t	\N	hscaphesang	\N	5	3	BL291
45	\N	\N	202 Nguyễn Thị Minh Khai, TP. Bạc Liêu	binhan@gmail.com	Homestay Bình An	binhan123	0291456789	Cao Văn Nam	t	\N	hsbinhan	\N	5	3	BL291
44	\N	\N	101 Lê Duẩn, TP. Bạc Liêu	homestaybaclieu123@gmail.com	Homestay Bạc Liêu Xinh	baclieuxinh123 	0291345678	Trịnh Thị Mai	t	\N	hsbaclieu	\N	5	3	BL291
47	\N	\N	404 Trần Văn Ơn, TP. Bạc Liêu	phuquoc123@gmail.com	Resort Phú Quốc	phuquoc123	0291678901	Lý Văn Nhật	t	\N	rsphuquoc	\N	6	3	BL291
42	\N	\N	456 Lê Lợi, TP. Bạc Liêu	khachsanvietphap123@gmail.com	Khách sạn Việt Pháp	vietphap123	0291654321	Võ Thị Lan	t	\N	ksvietphap	\N	4	3	BL291
49	\N	\N	606 Lê Hồng Phong, TP. Bạc Liêu	homestayduyendang@gmail.com	Homestay Duyên Dáng	duyendang123	0291890123	Trần Thị Phương	t	\N	hsduyendang	\N	5	3	BL291
48	\N	\N	505 Đường 1/5, TP. Bạc Liêu	resortbaclieu@gmail.com	Resort Bạc Liêu Sang Trọng	baclieust123	0291789012	Nguyễn Thị Oanh	t	\N	rsbaclieu	\N	6	3	BL291
50	\N	\N	707 Nguyễn Thái Học, TP. Bạc Liêu	homestayyentinh@gmail.com	Homestay Yên Tĩnh	homstayyt123	0291901234	Lê Văn Quang	t	\N	hsyeutinh	\N	5	3	BL291
62	\N	\N	456 Lê Lợi, TP. Sóc Trăng	khachsanconong@gmail.com	Khách sạn Cồn Ông	conong123	0292654321	Đặng Minh Lộc	t	\N	ksconong	\N	4	3	ST299
68	\N	\N	505 Đường 1/5, TP. Sóc Trăng	resorttrasu@gmail.com	Resort Trà Sư	trasu123	0292789012	Trần Thị Điệp	t	\N	rstrasu	\N	6	3	ST299
66	\N	\N	303 Lê Văn Tám, TP. Sóc Trăng	homestaydamthi@gmail.com	Homestay Đầm Thị	damthi123	0292567890	Phạm Văn Hiếu	t	\N	hsdamthi	\N	5	3	ST299
75	\N	\N	Đường Lê Hồng Phong, TP. Vị Thanh, Hậu Giang	khachsanminhhau@gmail.com	Khách Sạn Minh Hậu	minhhau123	02933851333	Trịnh Thị Khánh	t	\N	ksminhhau	\N	4	3	HG293
74	\N	\N	Đường Trần Hưng Đạo, TP. Vị Thanh, Hậu Giang	khachsansaigonhaugiang@gmail.com	Khách Sạn Sài Gòn Hậu Giang	saigonhaugiang123	02933852222	Cao Văn Khoa	t	\N	kssaigonhaugiang	\N	4	3	HG293
366	2024-10-27 00:18:28.658996	2024-10-27 00:18:28.658996	Đường Trần Phú, TP. Quảng Ngãi	khachthienduongxanh@gmail.com	Khách Sạn Thiên Đường Xanh	$2a$12$ayR0tZGfSQrcHQ.YSav7WOkuJMcIrZf36LY4ZzlYhLfcojysGiFxi	02553824333	Lê Văn Hoàng	t	null	khachthienduongxanh	\N	4	3	QN255
367	2024-10-27 00:18:30.190454	2024-10-27 00:18:30.190454	Xã Tịnh Kỳ, TP. Quảng Ngãi	homestaytinhky@gmail.com	Homestay Tịnh Kỳ	$2a$12$zawsZEzTGZ07NdBc9GxhfuKLPMSLT5Y4JKDI53ZB6F//0Q6M/6ZFy	02553825444	Nguyễn Thị Kim	t	null	homestaytinhky	\N	5	3	QN255
368	2024-10-27 00:18:31.744077	2024-10-27 00:18:31.744077	Xã Nghĩa Phú, TP. Quảng Ngãi	homestaynghiaphu@gmail.com	Homestay Nghĩa Phú	$2a$12$qbvBJFW7xb9QFo0a8HJtWukCbMF6YKMNWNXHId8uoh3LCgnScWD4W	02553826555	Trần Văn Tài	t	null	homestaynghiaphu	\N	5	3	QN255
372	2024-10-27 00:18:37.966983	2024-10-27 00:18:37.966983	Đường Lê Lợi, TP. Quảng Ngãi	resortsa huynh@gmail.com	Resort Sa Huỳnh Beach Resort	$2a$12$scgH9cF3bhV95zSu2LdvN./8KHtXQj1LmOnTdAY1ey5uxeb6vNUo.	02553830000	Trần Văn Bình	t	null	resortsa huynh	\N	6	3	QN255
388	2024-10-27 00:19:03.074705	2024-10-27 00:19:03.074705	Xã Cẩm Nhượng, Huyện Cẩm Xuyên	homestaycamnhuong@gmail.com	Homestay Cẩm Nhượng	$2a$12$wpr.4KhBAjZdkdG25JuRw.4IwMQmDlnIOo21orzcqfQxbvMzA55ma	02393856555	Trần Văn Tài	t	null	homestaycamnhuong	\N	5	3	HT239
393	2024-10-27 00:19:10.936644	2024-10-27 00:19:10.936644	Đường Biển Xuân Thành, Huyện Nghi Xuân	resortxuannhanh@gmail.com	Resort Xuân Thành	$2a$12$y9Yg8mX3IWdpqZdlpdOHNu6ETX6Cs7sUWuuO1KSalERLK1SAxqo4u	02393857000	Nguyễn Thị Mai	t	null	resortxuannhanh	\N	6	3	HT239
381	2024-10-27 00:18:52.016373	2024-10-27 00:18:52.016373	Xã Điện Dương, Huyện Điện Bàn	homestaydienduong@gmail.com	Homestay Điện Dương	$2a$12$fE3EMaCaEurGX0QJGmEb9.hlm6x2XMUZVfeKIZLRC3aNsebAIuiTK	02353918888	Lê Thị Hằng	t	null	homestaydienduong	\N	5	3	QN235
413	2024-10-27 00:19:42.616514	2024-10-27 00:19:42.616514	Đường Quốc lộ 6, Huyện Lương Sơn	resortserenahoabinh@gmail.com	Resort Serena Hòa Bình	$2a$12$.7D8MN52EbLVM6BccW5FE.HrHvhXOtBBvFReVVg5onFldV8ZdpPQW	02183857000	Lê Văn Khánh	t	null	resortserenahoabinh	\N	6	3	HB218
407	2024-10-27 00:19:33.072309	2024-10-27 00:19:33.072309	Xã Thung Nai, Huyện Cao Phong	homestaythungnai@gmail.com	Homestay Thung Nai	$2a$12$tmwOy9JISWEJV.Cw32D/wuLweKDIPlgE0QsV/iI9pioZJDFtYmsEi	02183856444	Nguyễn Thị Mai	t	null	homestaythungnai	\N	5	3	HB218
225	2024-10-27 00:14:44.98224	2024-10-27 00:14:44.98224	Đường Đinh Tiên Hoàng, TP. Biên Hòa	khachsanvanphuc@gmail.com	Khách Sạn Vạn Phúc	$2a$12$17w8nwDtOB70avODdZ2WlejlQNXzI4DeISHbciEdgu1v8aeKGEmze	02513888888	Lê Minh Hoàng	t	null	khachsanvanphuc	\N	4	3	DN251
230	2024-10-27 00:14:52.960758	2024-10-27 00:14:52.960758	Xã Phú Hội, Huyện Nhơn Trạch	homestayphuhoi@gmail.com	Homestay Phú Hội	$2a$12$pnQUOpTfLH/IHTfKkfgQKuOtb36dwwcwqpxIKBri0zbVB40oxEGo6	02513896666	Trần Văn Khoa	t	null	homestayphuhoi	\N	5	3	DN251
232	2024-10-27 00:14:56.194573	2024-10-27 00:14:56.194573	Xã An Phước, Huyện Long Thành	homestayanphuoc@gmail.com	Homestay An Phước	$2a$12$TVPhM9xqF3TvdZH506uExOmzqykeuoE5ZcIPAyrhhtusmLpQvnAsG	02513898888	Phạm Văn Bình	t	null	homestayanphuoc	\N	5	3	DN251
236	2024-10-27 00:15:02.582618	2024-10-27 00:15:02.582618	Đường 30/4, TP. Thủ Dầu Một	khachsanthanhbinh@gmail.com	Khách Sạn Thanh Bình	$2a$12$3MkQsAzlxzOKmvsZQMzV0OsuWrNe.PsrLpwGxNrMEMMM1NAG/RoS2	02743843333	Trần Văn Quân	t	null	khachsanthanhbinh	\N	4	3	BD274
550	2024-10-27 00:23:19.151844	2024-10-27 00:23:19.151844	Đường Lê Lợi, TP. Phủ Lý	khachsanhoasenpl@gmail.com	Khách Sạn Hoa Sen	$2a$12$vGQyYxjtzJlMY5tJVwwetOJz2VliBaBODtU5cVTb21LcN85hYamx6	02263856333	Lê Văn Hùng	t	null	khachsanhoasenpl	\N	4	3	HN226
286	2024-10-27 00:16:22.313925	2024-10-27 00:16:22.313925	Đường Lê Thánh Tông, TP. Buôn Ma Thuột	khachdongphuong@gmail.com	Khách Sạn Đông Phương	$2a$12$fTN6n5zRIi9LOgR80kUHEOYAdJjx.zCD5ZbYA2xI0ZRzKiO19yF/S	02623869777	Lê Thị Ngọc	t	null	khachdongphuong	\N	4	3	DL262
285	2024-10-27 00:16:20.751453	2024-10-27 00:16:20.751453	Đường Nguyễn Tất Thành, TP. Buôn Ma Thuột	khachhoanganh@gmail.com	Khách Sạn Hoàng Anh Gia Lai	$2a$12$WIHu.Xw.eBDjiWRiNSefQ.CMzVQ.pgVOnvm.MVOEMwS8qa5TUUf2m	02623821999	Trần Minh Tuấn	t	null	khachhoanganh	\N	4	3	DL262
284	2024-10-27 00:16:19.155792	2024-10-27 00:16:19.155792	Đường Nguyễn Tất Thành, TP. Buôn Ma Thuột	khachmuongthanh@gmail.com	Khách Sạn Mường Thanh	$2a$12$RYvf6F/9WXCX6p5dpivYyOEPbY.V2eKRkjL0ae3ebOZW6h2WYRzOW	02623868888	Nguyễn Văn Dũng	t	null	khachmuongthanh	\N	4	3	DL262
291	2024-10-27 00:16:30.173385	2024-10-27 00:16:30.173385	Xã Ea Tu, TP. Buôn Ma Thuột	homestayeatu@gmail.com	Homestay Ea Tu	$2a$12$5zv7Oyy6gcIGUFXrpxsbbOkzl.bkQV5OsyX7sJJop2HOZ0YftSFjC	02623874555	Lê Văn Hòa	t	null	homestayeatu	\N	5	3	DL262
293	2024-10-27 00:16:33.307012	2024-10-27 00:16:33.307012	Đường Bùi Thị Xuân, TP. Buôn Ma Thuột	resortlangcaphe@gmail.com	Resort Làng Cà Phê	$2a$12$uxYL6vXAYcRRIh.OiCgi7.JB0iMr1FP68ucuT4itz1z2ArDIdE4jy	02623876777	Trần Minh Tâm	t	null	resortlangcaphe	\N	6	3	DL262
314	2024-10-27 00:17:06.613793	2024-10-27 00:17:06.613793	Đường Nguyễn Đình Chiểu, Mũi Né	khachmuhinhills@gmail.com	Khách Sạn Mũi Né Hills	$2a$12$q9ctaRxkgx9eEziDaQv5n.7lgR.DnTUENa/gDvv.wp0Pcz.7xkW8m	02523745555	Nguyễn Văn An	t	null	khachmuhinhills	\N	4	3	BT252
316	2024-10-27 00:17:09.809466	2024-10-27 00:17:09.809466	Đường Võ Nguyên Giáp, Mũi Né	khachpandanus@gmail.com	Khách Sạn Pandanus Resort	$2a$12$07EUmucxVAD95n6xC.HdFOl.vuqtCJfpAidHNN6I8WGMXeU10dHQm	02523748888	Lê Văn Tùng	t	null	khachpandanus	\N	4	3	BT252
323	2024-10-27 00:17:20.825561	2024-10-27 00:17:20.825561	Đường Võ Nguyên Giáp, Mũi Né	resortlotusmuine@gmail.com	Resort Lotus Mũi Né	$2a$12$oqO6IvEoVVC77Kc56VMuouY9nc/SZrHg5xLZpk/yYUaVQ1RlvXrhy	02523755555	Nguyễn Văn Phú	t	null	resortlotusmuine	\N	6	3	BT252
318	2024-10-27 00:17:12.958199	2024-10-27 00:17:12.958199	Phường Mũi Né, TP. Phan Thiết	homestaymuine@gmail.com	Homestay Mũi Né	$2a$12$0/o4jq1cFr64OIm8gKpaH.Q8YNVrySioG2YkG7fQBeyzuwP4GYltq	02523750000	Trần Minh Hằng	t	null	homestaymuine	\N	5	3	BT252
590	2024-10-27 00:24:22.385185	2024-10-27 00:24:22.385185	Đường Nguyễn Lương Bằng, TP. Hải Dương	khachsanhuongsen@gmail.com	Khách Sạn Hương Sen	$2a$12$hdx1/KZhzZznsdms1DxVq.NpaZ44m.4cg6g2HLmKB5Dj8roVPaewW	02203856333	Lê Văn Sen	t	null	khachsanhuongsen	\N	4	3	HD220
347	2024-10-27 00:17:58.729795	2024-10-27 00:17:58.729795	Xã An Ninh Đông, Huyện Tuy An	homestayaninhdong@gmail.com	Homestay An Ninh Đông	$2a$12$d.RSHtOU98.pG9AyDgdoyuBS8STIhgNw9KIkXhOyTUhg7IoDQRNhe	02573814444	Nguyễn Thị Thúy	t	null	homestayaninhdong	\N	5	3	PY257
599	2024-10-27 00:24:36.562879	2024-10-27 00:24:36.562879	Đường Bãi Cháy, TP. Hạ Long	khachsanroyallotus@gmail.com	Khách Sạn Royal Lotus	$2a$12$6RlPHPGYZx4IpKPfJYvETuRAr/PC8Foc7OLv9eHZIvPj3i5IcHA2K	02033842333	Trần Thị Cháy	t	null	khachsanroyallotus	\N	4	3	QN203
359	2024-10-27 00:18:17.656449	2024-10-27 00:18:17.656449	Xã Nhơn Hải, Huyện Nhơn Trạch	homestaynhonhai@gmail.com	Homestay Nhơn Hải	$2a$12$xk9DpZsYOkoEyHohaYJ2CuK/9sjdsxHV2nzkCMynihOMADTsxzt7m	02563826666	Trần Thị Kim	t	null	homestaynhonhai	\N	5	3	BD256
363	2024-10-27 00:18:23.856047	2024-10-27 00:18:23.856047	Đường Hoàng Hoa Thám, TP. Quy Nhơn	resorthagialai@gmail.com	Resort Hoàng Anh Gia Lai	$2a$12$ZXo4MIu3HCuBTFao9Pzr5.6ykckjE6wDe7E8Z8f39DvdVPbWyQJLu	02563830000	Lê Thị Duyên	t	null	resorthagialai	\N	6	3	BD256
360	2024-10-27 00:18:19.221538	2024-10-27 00:18:19.221538	Xã Nhơn Bình, TP. Quy Nhơn	homestaynhonbinh@gmail.com	Homestay Nhơn Bình	$2a$12$eDfVZ6CgZM0sp0pML3Z5NOQ6/8pbMV2c2fZjoMIL9KkAZGjXyLuIq	02563827777	Nguyễn Văn Phát	t	null	homestaynhonbinh	\N	5	3	BD256
379	2024-10-27 00:18:48.894168	2024-10-27 00:18:48.894168	Phường Minh An, TP. Hội An	homestayminhan@gmail.com	Homestay Minh An	$2a$12$3WbnTA/end.gOzaa6aHmHeM20W9K/yq9EMHxHI4tnhQweWhtyLd8q	02353916666	Lê Thị Duyên	t	null	homestayminhan	\N	5	3	QN235
362	2024-10-27 00:18:22.330807	2024-10-27 00:18:22.330807	Đường Xuân Diệu, TP. Quy Nhơn	resortflc@gmail.com	Resort FLC Quy Nhơn	$2a$12$t0uRuRqWSXPs/RK7ZDve2OO9ESIpQILba3Lck5oYa4L.sp6vbxtAO	02563829999	Nguyễn Văn Hoàng	t	null	resortflc	\N	6	3	BD256
598	2024-10-27 00:24:34.933766	2024-10-27 00:24:34.933766	Đường Hạ Long, TP. Hạ Long	khachsannovotel@gmail.com	Khách Sạn Novotel Hạ Long Bay	$2a$12$vIWBTrMqy.UAN6.UM5gSoutLM.XNvhBx6b7wWROZP0w2t7ZnzKd1e	02033842222	Nguyễn Văn Hạ	t	null	khachsannovotel	\N	4	3	QN203
615	2024-10-27 00:25:02.316513	2024-10-27 00:25:02.316513	32 Lý Thường Kiệt, Hoàn Kiếm, Hà Nội	khachsanhilton@gmail.com	Khách Sạn Hilton Hanoi Opera	$2a$12$EmM1S2QB4YY2mNOdjIywHOV5Y7EXl6kNwk3AwAYgh40hZ5mXVDhF6	02439330000	Trần Thị Kiệt	t	null	khachsanhilton	\N	4	3	HN24
376	2024-10-27 00:18:44.223607	2024-10-27 00:18:44.223607	Đường Lê Lợi, TP. Tam Kỳ	khachhuongsen@gmail.com	Khách Sạn Hương Sen	$2a$12$yOrcFAp4mDsrCFvdOBXyrO8lWJqjE7G6VFmyTRa3p4Uv8mkMMycz.	02353913333	Lê Văn Hoàng	t	null	khachhuongsen	\N	4	3	QN235
349	2024-10-27 00:18:01.850129	2024-10-27 00:18:01.850129	Xã An Hải, Huyện Tuy An	homestayanhai@gmail.com	Homestay An Hải	$2a$12$c4QPXkqhbgQQPKk0VxCWM.urOCWGfeZzr3jAIx8XSPccIHtoQjRZy	02573816666	Lê Thị Hạnh	t	null	homestayanhai	\N	5	3	PY257
378	2024-10-27 00:18:47.328739	2024-10-27 00:18:47.328739	Xã Duy Hải, Huyện Duy Xuyên	homestayduyhai@gmail.com	Homestay Duy Hải	$2a$12$amcqjys5E/5c0ofB27KcRebGrqNRG0M2sceDT62H.FzpcgxgrQwTS	02353915555	Trần Văn Tài	t	null	homestayduyhai	\N	5	3	QN235
611	2024-10-27 00:24:55.601866	2024-10-27 00:24:55.601866	Xã Tam Đồng, Huyện Vĩnh Tường	homestaytamdong@gmail.com	Homestay Tam Đồng	$2a$12$6JKEPcJihvwNWKSQWDwG7.OlqCU7fDv5w98X5yFbyfqRi61aLcWhi	02113889111	Nguyễn Thị Đồng	t	null	homestaytamdong	\N	5	3	VP211
397	2024-10-27 00:19:17.229219	2024-10-27 00:19:17.229219	Phường Bến Thủy, TP. Vinh	homestaybenthu@gmail.com	Homestay Bến Thủy	$2a$12$bT.yw3yIfuyKaeDwyNDiSe4Bbt4LAfZQv.w.d4yEcQmo4W2o1x6RG	02383856444	Nguyễn Thị Hòa	t	null	homestaybenthu	\N	5	3	NA238
356	2024-10-27 00:18:12.964648	2024-10-27 00:18:12.964648	Đường An Dương Vương, TP. Quy Nhơn	khachhaiau@gmail.com	Khách Sạn Hải Âu	$2a$12$hGvreW.mrsbMhbUZ9HGEJeE.d.Usx9r03pkhprVn.1vHNR4xi.st6	02563823333	Trần Văn An	t	null	khachhaiau	\N	4	3	BD256
358	2024-10-27 00:18:16.111579	2024-10-27 00:18:16.111579	Phường Trần Phú, TP. Quy Nhơn	homestaytranphu@gmail.com	Homestay Trần Phú	$2a$12$XmVQB6P38CdkC09gpRZNauSCpDjZC6PAHs8h3.JkXm.Umv7juQA1W	02563825555	Lê Văn Tài	t	null	homestaytranphu	\N	5	3	BD256
355	2024-10-27 00:18:11.37379	2024-10-27 00:18:11.37379	Đường Nguyễn Huệ, TP. Quy Nhơn	khachgoldencoast@gmail.com	Khách Sạn Golden Coast	$2a$12$cKdcrJiSTsYZLlDxvxeSA.LIMo0I2LuBHreMgXOtaZXn4TBe.U.BW	02563822222	Lê Thị Mai	t	null	khachgoldencoast	\N	4	3	BD256
357	2024-10-27 00:18:14.535439	2024-10-27 00:18:14.535439	Phường Lê Lợi, TP. Quy Nhơn	homestayleloi@gmail.com	Homestay Lê Lợi	$2a$12$OspJCo/qcxI0mIBI0Jx09OnhCUaxroty1zZ5Ri2CELX45EGA8R6Mi	02563824444	Nguyễn Thị Hương	t	null	homestayleloi	\N	5	3	BD256
601	2024-10-27 00:24:39.720526	2024-10-27 00:24:39.720526	Xã Vĩnh Thái, Huyện Vĩnh Bảo	homestayvinhthai@gmail.com	Homestay Vĩnh Thái	$2a$12$7hGXUi5MwBPOstzC2Ce.OunQdACS6baea0M3G98lgdcCRq7JsEDMW	02033842555	Nguyễn Văn Thái	t	null	homestayvinhthai	\N	5	3	HP225
351	2024-10-27 00:18:05.014789	2024-10-27 00:18:05.014789	Xã An Thạch, Huyện Tuy An	homestayanthach@gmail.com	Homestay An Thạch	$2a$12$MUMyxIwj.GlOMvtbvlcKEuRz1NiICxs2n9NAON29vrBgBzR.LGE1y	02573818888	Trần Văn Hải	t	null	homestayanthach	\N	5	3	PY257
606	2024-10-27 00:24:47.74653	2024-10-27 00:24:47.74653	Xã Ngọc Vừng, Huyện Vân Đồn	resortngocvung@gmail.com	Resort Ngọc Vừng	$2a$12$wHh/FQXN2itGcWanisiac.rqtJIkAzCOWFktiJQoUdetY/MsB7smu	02033843000	Lê Thị Vừng	t	null	resortngocvung	\N	6	3	QN203
588	2024-10-27 00:24:19.232265	2024-10-27 00:24:19.232265	Đường Lê Thanh Nghị, TP. Hải Dương	khachsanhoanganh@gmail.com	Khách Sạn Hoàng Anh	$2a$12$iXBZ5c9F426yIuzzkzTnv.u6VWrpT6T86K1EC2GgYs8aCmnzg7UVa	02203856111	Nguyễn Văn Hoàng	t	null	khachsanhoanganh	\N	4	3	HD220
612	2024-10-27 00:24:57.18508	2024-10-27 00:24:57.18508	Xã Tích Sơn, Huyện Vĩnh Yên	homestaytichson@gmail.com	Homestay Tích Sơn	$2a$12$3HvI9CF6ph7Fx07nPjf81OSgIXHOz..32.gvqj614mt2ITBEs58/m	02113889222	Trần Văn Sơn	t	null	homestaytichson	\N	5	3	VP211
589	2024-10-27 00:24:20.811498	2024-10-27 00:24:20.811498	Đường Ngô Quyền, TP. Hải Dương	khachsanduyanh@gmail.com	Khách Sạn Duy Anh	$2a$12$mcyi9pjykMr5RNCn.2Fe0Oh1/1wyYKHY2fAV7kv3/16r//l3CJgJi	02203856222	Trần Thị Duy	t	null	khachsanduyanh	\N	4	3	HD220
623	2024-10-27 00:25:14.920633	2024-10-27 00:25:14.920633	Đường Mê Linh, Xã Mê Linh, Huyện Mê Linh	resortmelinh@gmail.com	Resort Mê Linh	$2a$12$jQwxwxXm2ckAGgpvHK73GOOA4s7WmgwMHGNeYQY.uqnHiFirV9eSe	02438555555	Nguyễn Thị Linh	t	null	resortmelinh	\N	6	3	HN24
619	2024-10-27 00:25:08.668989	2024-10-27 00:25:08.668989	88 Đê La Thành, Đống Đa, Hà Nội	homestaydelathanh@gmail.com	Homestay Đê La Thành	$2a$12$PdRbyrZs2RtA8Q4KHrEH.ewnNcsMpNhizK9Z1N2/N.NAKHXCT8IhC	02437718888	Nguyễn Văn Thành	t	null	homestaydelathanh	\N	5	3	HN24
329	2024-10-27 00:17:30.355233	2024-10-27 00:17:30.355233	Xã Phước Tân, Huyện Ninh Phước	homestayphuoctan@gmail.com	Homestay Phước Tân	$2a$12$GC/FMqMDzsL.wXAZGkgRDuJD4v1d3am1kC8zbokF40hUSkxt2JScq	02593873333	Lê Thị Huyền	t	null	homestayphuoctan	\N	5	3	NT259
333	2024-10-27 00:17:36.686434	2024-10-27 00:17:36.686434	Đường 16/4, TP. Phan Rang-Tháp Chàm	resortvinhhy@gmail.com	Resort Vĩnh Hy	$2a$12$zhWpsX8Hn2YF0m8R3vRyNuwBq.iBOODSytlg7X9AAS3cmKRDMah2W	02593877777	Lê Thị Mai	t	null	resortvinhhy	\N	6	3	NT259
331	2024-10-27 00:17:33.548877	2024-10-27 00:17:33.548877	Phường Đô Vinh, TP. Phan Rang-Tháp Chàm	homestaydovin@gmail.com	Homestay Đô Vinh	$2a$12$ytfvmI/zs8uCC6NOJDPCkeOoFuVOrRK5cp5ObDYTxSwL2AMw5OM4i	02593875555	Trần Quốc Hưng	t	null	homestaydovin	\N	5	3	NT259
607	2024-10-27 00:24:49.292182	2024-10-27 00:24:49.292182	Xã Cái Rồng, Huyện Vân Đồn	resortcairong@gmail.com	Resort Cái Rồng	$2a$12$4oKzsTHLSNE7MbN3y/tc0OBJUP6BY6KSNvSkuY6Qzk0T6cemI5X8u	02033843111	Nguyễn Văn Rồng	t	null	resortcaiRong	\N	6	3	QN203
617	2024-10-27 00:25:05.491087	2024-10-27 00:25:05.491087	34 Ngọc Thụy, Long Biên, Hà Nội	homestayngocthuy@gmail.com	Homestay Ngọc Thụy	$2a$12$RVaDBeh76d0fBtVHbawudOck0swTQaePNyuf951somwaTtuyJ1dnO	02435626666	Nguyễn Thị Thụy	t	null	homestayngocthuy	\N	5	3	HN24
600	2024-10-27 00:24:38.136932	2024-10-27 00:24:38.136932	Đường Trần Quốc Nghiễn, TP. Hạ Long	khachsangoldenbay@gmail.com	Khách Sạn Golden Bay	$2a$12$Oaj11VtDah0kXV1L.qc5jOD0lrkaI6cG41jIxxxSECaKt3EJMQCu2	02033842444	Lê Văn Nghiễn	t	null	khachsangoldenbay	\N	4	3	QN203
605	2024-10-27 00:24:46.112438	2024-10-27 00:24:46.112438	Xã Minh Hưng, Huyện Móng Cái	homestayminhhung@gmail.com	Homestay Minh Hưng	$2a$12$fBsEiObzi1wT.XVshcky8.7G7OPZhb3lV6zFZahc4o3oTLLK5B/22	02033842999	Trần Văn Hưng	t	null	homestayminhhung	\N	5	3	QN203
618	2024-10-27 00:25:07.105743	2024-10-27 00:25:07.105743	20 Trần Quốc Toản, Hoàn Kiếm, Hà Nội	homestaytranquoctoan@gmail.com	Homestay Trần Quốc Toản	$2a$12$Aq7Uycz81eim7eIZr0DnZerPjV1Rf/SOnrOj8741BiTh0zqJiC8zK	02436688888	Lê Văn Quốc	t	null	homestaytranquoctoan	\N	5	3	HN24
603	2024-10-27 00:24:42.944786	2024-10-27 00:24:42.945776	Xã Cẩm Phả, Huyện Cẩm Phả	homestaycampha@gmail.com	Homestay Cẩm Phả	$2a$12$KYWNe3CHKYdb7fBUqbQteOjKCmrB2fgoCZKy7ohmRBjjdznr3L69u	02033842777	Lê Văn Phả	t	null	homestaycampha	\N	5	3	QN203
\.


--
-- Data for Name: admins; Type: TABLE DATA; Schema: public; Owner: postgres
--

COPY public.admins (id, email, full_name, password, username, role_id) FROM stdin;
1	planfortrips.296@gmail.com	Plan for Trips	$2a$12$fsTP19v41cnF7yHIeyWynOWuCMyU47PF6W5n97.lQahCMAMnEvDVO	planfortrips_admin	2
2	admin@gmail.com	admin	$2a$12$xwXtM7vGtEIhrp6lgSa6AOaufUzQ05h52mG1cycgdPNP09paLuUFa	admin	2
\.


--
-- Data for Name: areas; Type: TABLE DATA; Schema: public; Owner: postgres
--

COPY public.areas (id, description, name, status) FROM stdin;
MB	\N	Miền Bắc	\N
MT	\N	Miền Trung	\N
MN	\N	Miền Nam	\N
\.


--
-- Data for Name: banner; Type: TABLE DATA; Schema: public; Owner: postgres
--

COPY public.banner (id, forward_link, is_active, name, image_id) FROM stdin;
\.


--
-- Data for Name: booking_hotels; Type: TABLE DATA; Schema: public; Owner: postgres
--

COPY public.booking_hotels (id, create_at, update_at, status, total_price, payment_id, user_id) FROM stdin;
3	2024-11-16 13:28:41.712376	2024-11-16 13:30:23.787007	Complete	\N	3	1
4	2024-11-16 15:16:40.340833	2024-11-16 15:16:40.340833	Cancelled	\N	3	1
6	2024-11-20 23:41:53.909796	2024-11-20 23:41:53.909796	Cancelled	\N	3	1
2	2024-11-16 13:18:44.729413	2024-11-16 13:18:44.729413	Cancelled	\N	3	1
5	2024-11-20 23:35:14.188557	2024-11-20 23:35:14.188557	Cancelled	\N	3	1
7	2024-11-21 00:01:11.523085	2024-11-21 00:01:11.523085	Pending	\N	3	1
8	2024-11-21 00:03:10.881438	2024-11-21 00:03:10.881438	Pending	\N	3	1
9	2024-11-21 00:17:06.672176	2024-11-21 00:17:06.672176	Pending	\N	3	1
10	2024-11-21 00:30:18.208166	2024-11-21 00:30:18.208166	Pending	\N	3	1
11	2024-11-21 00:33:10.085345	2024-11-21 00:33:10.085345	Pending	\N	3	1
12	2024-11-21 00:59:03.102636	2024-11-21 00:59:03.102636	Pending	\N	3	1
13	2024-11-21 01:25:08.968842	2024-11-21 01:25:08.968842	Pending	\N	3	1
14	2024-11-21 01:35:23.786159	2024-11-21 01:35:23.786159	Pending	\N	3	1
15	2024-11-21 02:25:23.266217	2024-11-21 02:25:23.266217	Pending	\N	3	1
16	2024-11-21 03:01:28.411588	2024-11-21 03:01:28.411588	Pending	\N	3	1
17	2024-11-23 17:21:21	2024-11-23 17:21:23	Pending	1000.00	3	1
1	2024-11-16 13:16:52.817059	2024-11-23 18:25:10.404037	Complete	\N	3	1
18	2024-12-13 22:13:49.827684	2024-12-13 22:15:39.216502	Complete	\N	2	1
19	2024-12-14 23:48:04.281849	2024-12-14 23:50:59.236356	Complete	\N	2	7
20	2024-12-15 23:33:10.18383	2024-12-15 23:34:23.653068	Complete	\N	2	7
\.


--
-- Data for Name: booking_hotels_details; Type: TABLE DATA; Schema: public; Owner: postgres
--

COPY public.booking_hotels_details (booking_hotel_detail_id, check_in_time, check_out_time, create_at, total_price, update_at, booking_id, room_id, price, status) FROM stdin;
a63278c8-9975-4c69-8a60-1b93dd75f150	2024-11-16 20:45:00	2024-11-18 15:35:00	2024-11-16 13:18:44.911317	\N	2024-11-16 13:18:44.911317	2	102	250.00	Pending
31e27745-5c07-4364-ba9c-28de77349643	2024-11-16 20:45:00	2024-11-18 15:35:00	2024-11-16 13:28:41.915895	\N	2024-11-16 13:30:23.788008	3	102	250.00	Complete
105d5b70-7fd1-40a3-8041-3d65b925a263	2024-11-16 20:45:00	2024-11-19 15:35:00	2024-11-16 15:16:40.551105	\N	2024-11-16 15:16:40.551105	4	103	340.00	Pending
16cebc1f-0d95-43c0-8f69-bf64eca7be11	2024-11-20 05:40:00	2024-11-21 22:30:00	2024-11-20 23:35:14.40544	\N	2024-11-20 23:35:14.40544	5	102	250.00	Pending
798c1862-bbb7-489f-bad9-d993c45539f3	2024-11-20 05:40:00	2024-11-21 22:30:00	2024-11-20 23:41:54.090535	\N	2024-11-20 23:41:54.090535	6	102	250.00	Pending
046762de-9fa8-4283-97a4-f74d5f48931d	2024-11-20 05:40:00	2024-11-21 22:30:00	2024-11-21 00:01:11.743833	\N	2024-11-21 00:01:11.743833	7	102	250.00	Pending
6cefd1a4-196b-464c-9e25-70697e2bf5d3	2024-11-20 05:40:00	2024-11-21 22:30:00	2024-11-21 00:03:11.08412	\N	2024-11-21 00:03:11.08412	8	102	250.00	Pending
ff26d3a9-4924-48f8-899b-228dd4e9776b	2024-11-20 05:40:00	2024-11-21 22:30:00	2024-11-21 00:17:06.880485	\N	2024-11-21 00:17:06.880485	9	102	250.00	Pending
76c9c8b4-8f13-449b-9269-97782b5baa8b	2024-11-20 05:40:00	2024-11-21 22:30:00	2024-11-21 00:30:18.390544	\N	2024-11-21 00:30:18.390544	10	102	250.00	Pending
8d9230fc-9896-4a5e-9396-bc87f88cb15b	2024-11-20 05:40:00	2024-11-21 22:30:00	2024-11-21 00:33:10.290265	\N	2024-11-21 00:33:10.290265	11	102	250.00	Pending
fa9dce5c-7520-40f6-9b4e-9cfc8c90c2d9	2024-11-20 05:40:00	2024-11-21 22:30:00	2024-11-21 00:59:03.30916	\N	2024-11-21 00:59:03.30916	12	102	250.00	Pending
0a77f0b0-78c6-4063-80c1-e443c4158399	2024-11-18 20:45:00	2024-11-21 15:15:00	2024-11-21 01:25:09.180921	\N	2024-11-21 01:25:09.180921	13	101	400.00	Pending
8750f657-7f72-4157-86b2-8ae1efe7d124	2024-11-18 20:45:00	2024-11-21 15:15:00	2024-11-21 01:35:23.98996	\N	2024-11-21 01:35:23.98996	14	101	400.00	Pending
e3eae92b-4ff4-4f1b-92f0-15a370998139	2024-11-18 20:45:00	2024-11-21 15:15:00	2024-11-21 02:25:23.451402	\N	2024-11-21 02:25:23.451402	15	101	400.00	Pending
e910792c-39f6-40db-9e89-b412eaaf66ac	2024-11-20 20:45:00	2024-11-22 15:15:00	2024-11-21 03:01:28.626265	\N	2024-11-21 03:01:28.626265	16	103	340.00	Pending
e910792c-39f6-40db-9e89-b412eaaf66ab	2024-11-24 05:10:04	2024-11-24 13:15:32	2024-11-23 18:09:53	1000.00	2024-11-23 18:10:43	17	7	1000.00	Pending
0f7f4156-98a0-417d-9020-3f5ebb85710c	2024-11-16 20:45:00	2024-11-18 15:35:00	2024-11-16 13:16:53.049318	\N	2024-11-23 18:25:10.407041	1	102	250.00	Complete
557cf1d1-e626-4702-bc9b-516e1e6b0f9f	2024-11-18 05:40:00	2024-11-20 05:40:00	2024-12-13 22:13:50.060986	\N	2024-12-13 22:13:50.060986	18	104	450.00	Pending
a83e42d5-5fe3-40ee-9d0f-4b505b484db0	2024-11-20 05:15:00	2024-11-21 05:15:00	2024-12-14 23:48:04.483467	\N	2024-12-14 23:48:04.483467	19	78	420.00	Pending
c5998a6f-c955-43e3-9183-3aab5dd9f957	2024-11-20 05:15:00	2024-11-21 05:15:00	2024-12-14 23:48:04.485486	\N	2024-12-14 23:48:04.485486	19	79	250.00	Pending
26eefae8-e26a-459e-aada-66f76f0a8c81	2024-12-17 05:15:00	2024-12-19 05:15:00	2024-12-15 23:33:10.401737	\N	2024-12-15 23:33:10.401737	20	79	250.00	Pending
60f21783-63cd-4f64-b602-defdad77e1f1	2024-12-17 05:15:00	2024-12-19 05:15:00	2024-12-15 23:33:10.40274	\N	2024-12-15 23:33:10.40274	20	78	420.00	Pending
\.


--
-- Data for Name: car_company; Type: TABLE DATA; Schema: public; Owner: postgres
--

COPY public.car_company (id, name, phone_number, rating, enterprise_id) FROM stdin;
1	Nhà Xe Phương Trang	0741852963	4.9	1
2	An Anh Limousine	0987650122	4.5	6
3	Điền Linh Limousine	0822765329	4.7	9
4	Nhà Xe Tân Niên	0842769998	4.5	30
5	Long Vân Limousine	0983389779	4.5	31
6	Anh Quốc Limousine	0822703845	4.7	51
7	Huy Hoàng Limousine	0961555544	4.6	52
8	Bến Thành Travel	0822139211	4.5	53
9	Hoa Mai Limousine	0889200200	4.6	71
10	Nhà Xe Cường Ny	0974403403	4.7	72
11	Nhà Xe Cao Lâm	0907831831	4.6	124
12	Nhà Xe Cúc Tùng	0856709898	4.5	125
13	Nhà Xe Liên Hưng	0905988982	4.7	126
14	Toàn Khải Travel	0813878999	4.6	127
15	Nhà Xe Đức Đạt	0906549679	4.6	128
16	Nhà Xe Cô Hai	0897688742	4.5	129
17	Nhà Xe Duy Quý	0833868717	4.5	193
18	Nhà Xe Tuấn Hiệp	0947491491	4.7	194
19	Vũ Linh Limousine	0932751093	4.5	195
20	Nhà Xe Huệ Nghĩa	0874663895	4.8	196
21	Nhà Xe Thiên Thiên Hương	0963822616	4.6	197
22	Nhà Xe Lan Vũ	0897573756	4.5	198
23	Nhà Xe Kim Hoàng	02839242424	4.6	199
24	Nhà Xe Hồng Sơn	0935935807	4.5	200
25	Nhà Xe Mộc Thảo	0913419580	4.7	201
26	Nhà Xe Tuấn Tú	0922337989	4.8	202
27	Nhà Xe Anh Huy	0975636468	4.6	203
28	Xa Khách Hải Âu	0894378536	4.7	204
29	Hoàng Phú Limousine	0973244078	4.7	205
30	NHA XE BINH DINH	0874663896	5.0	640
\.


--
-- Data for Name: car_images; Type: TABLE DATA; Schema: public; Owner: postgres
--

COPY public.car_images (car_id, image_id) FROM stdin;
1	309
2	310
3	311
5	312
11	313
13	314
\.


--
-- Data for Name: checkin_images; Type: TABLE DATA; Schema: public; Owner: postgres
--

COPY public.checkin_images (id, checkin_id, image_id) FROM stdin;
1	4	201
2	4	202
3	3	203
4	3	204
5	5	205
6	5	206
7	5	207
8	6	208
9	7	209
10	7	210
11	1	211
12	1	212
13	2	213
14	2	214
15	8	215
16	8	216
17	9	217
18	10	218
19	10	219
20	11	220
21	11	221
22	11	222
23	12	223
24	12	224
25	13	225
26	13	226
27	14	227
28	14	228
29	15	229
30	493	230
31	493	231
32	493	232
33	494	233
34	494	234
35	495	235
36	495	236
37	496	237
38	496	238
39	496	239
40	497	240
41	497	241
42	497	242
43	498	243
44	498	244
45	498	245
46	499	246
47	499	247
48	500	248
49	500	249
50	501	250
51	501	251
52	501	252
53	502	253
54	502	254
55	219	255
56	219	256
57	220	257
58	220	258
59	221	259
60	221	260
61	222	261
62	222	262
63	223	263
64	223	264
65	224	265
66	225	266
67	226	267
68	226	268
69	227	269
70	228	270
71	228	271
72	553	272
73	554	273
74	554	274
75	554	275
76	555	276
77	555	277
78	556	278
79	556	279
80	557	280
81	557	281
84	558	284
85	559	285
86	559	286
87	560	287
88	561	288
89	561	289
90	562	290
93	713	293
94	713	294
95	714	295
96	714	296
97	715	297
98	716	298
99	716	299
100	716	300
101	717	301
102	717	302
103	718	303
104	718	304
105	720	305
106	719	306
107	721	307
108	11	308
109	722	315
110	3	432
111	3	433
112	3	434
113	4	435
114	4	436
115	4	437
116	5	438
117	5	439
118	5	440
119	6	441
120	6	442
121	6	443
122	6	444
123	7	445
124	7	446
125	7	447
126	18	448
127	19	449
128	19	450
129	19	451
130	19	452
131	19	453
132	20	454
133	20	455
134	20	456
135	20	457
136	21	458
137	21	459
138	21	460
139	21	461
140	21	462
141	22	463
142	22	464
143	22	465
144	22	466
145	22	467
146	23	468
147	23	469
148	23	470
149	23	471
150	23	472
151	24	473
152	24	474
153	24	475
154	24	476
155	25	477
156	25	478
157	25	479
158	25	480
159	25	481
160	26	482
161	26	483
162	26	484
163	26	485
164	26	486
165	29	487
166	29	488
167	29	489
168	30	490
169	30	491
170	31	492
171	31	493
172	31	494
173	32	495
174	32	496
175	32	497
176	35	498
177	35	499
178	35	500
179	36	501
180	36	502
181	36	503
182	37	504
183	37	505
184	37	506
185	38	507
186	38	508
187	38	509
188	39	510
189	39	511
190	39	512
191	40	513
192	40	514
193	40	515
194	42	516
195	42	517
196	42	518
197	43	519
198	43	520
199	44	521
200	44	522
201	44	523
202	45	524
203	45	525
204	45	526
205	46	527
206	46	528
207	47	529
208	47	530
209	47	531
210	48	532
211	48	533
212	48	534
213	522	535
214	522	536
215	522	537
216	521	538
217	521	539
218	521	540
219	520	541
220	520	542
221	520	543
222	519	544
223	519	545
224	519	546
225	518	547
226	518	548
227	518	549
228	517	550
229	517	551
230	517	552
231	516	553
232	516	554
233	516	555
234	516	556
235	515	557
236	515	558
237	515	559
238	514	560
239	514	561
240	514	562
241	513	563
242	513	564
243	513	565
244	432	566
245	432	567
246	432	568
247	423	569
248	423	570
249	423	571
250	423	572
251	423	573
252	424	574
253	424	575
254	424	576
255	424	577
256	424	578
257	425	579
258	425	580
259	425	581
260	425	582
261	426	583
262	426	584
263	426	585
264	427	586
265	427	587
266	427	588
267	428	589
268	428	590
269	428	591
270	430	592
271	430	593
272	430	594
273	299	595
274	300	596
275	300	597
276	300	598
277	301	599
278	301	600
279	301	601
280	302	602
281	302	603
282	302	604
283	303	605
284	303	606
285	303	607
286	304	608
287	304	609
288	305	610
289	305	611
290	306	612
291	306	613
292	306	614
293	307	615
294	307	616
295	307	617
296	308	618
297	308	619
298	308	620
299	309	621
300	309	622
301	309	623
302	310	624
303	310	625
304	310	626
305	354	627
306	354	628
307	354	629
308	355	630
309	355	631
310	355	632
311	355	633
312	356	634
313	356	635
314	356	636
315	357	637
316	357	638
317	357	639
318	358	640
319	358	641
320	358	642
321	360	643
322	360	644
323	360	645
324	361	646
325	361	647
326	361	648
327	362	649
328	362	650
329	364	651
330	364	652
331	364	653
332	365	654
333	365	655
334	365	656
335	366	657
336	366	658
337	366	659
338	209	660
339	209	661
340	209	662
341	210	663
342	210	664
343	210	665
344	210	666
345	210	667
346	211	668
347	211	669
348	211	670
349	212	671
350	212	672
351	212	673
352	213	674
353	213	675
354	213	676
355	214	677
356	214	678
357	214	679
358	216	680
359	216	681
360	216	682
361	217	683
362	217	684
363	217	685
364	218	686
365	218	687
366	218	688
367	219	689
368	219	690
369	219	691
370	463	692
371	463	693
372	463	694
373	464	695
374	464	696
375	464	697
376	465	698
377	465	699
378	465	700
379	466	701
380	466	702
381	466	703
382	467	704
383	467	705
384	467	706
385	468	707
386	468	708
387	468	709
388	469	710
389	469	711
390	469	712
391	470	713
392	470	714
393	470	715
394	471	716
395	471	717
396	472	718
397	472	719
398	472	720
399	325	721
400	325	722
401	326	723
402	326	724
403	326	725
404	327	726
405	327	727
406	327	728
407	329	729
408	329	730
409	329	731
410	329	732
411	330	733
412	330	734
413	333	735
414	333	736
415	333	737
416	334	738
417	334	739
418	335	740
419	335	741
420	336	742
421	337	743
422	337	744
423	337	745
424	338	746
425	338	747
426	338	748
427	49	749
428	49	750
429	49	751
430	49	752
431	49	753
432	50	754
433	50	755
434	50	756
435	51	757
436	51	758
437	51	759
438	51	760
439	52	761
440	52	762
441	52	763
442	53	764
443	53	765
444	53	766
445	54	767
446	54	768
447	54	769
448	55	770
449	55	771
450	55	772
451	56	773
452	56	774
453	56	775
454	57	776
455	57	777
456	57	778
457	59	779
458	59	780
459	59	781
460	62	782
461	62	783
462	62	784
463	63	785
464	63	786
465	63	787
466	64	788
467	64	789
468	64	790
469	65	791
470	65	792
471	65	793
472	66	794
473	66	795
474	66	796
475	67	797
476	67	798
477	67	799
478	67	800
479	69	801
480	69	802
481	69	803
482	69	804
483	70	805
484	70	806
485	70	807
486	71	808
487	71	809
488	71	810
489	72	811
490	72	812
491	72	813
492	73	814
493	73	815
494	73	816
495	73	817
496	74	818
497	74	819
498	74	820
499	75	821
500	75	822
501	75	823
502	76	824
503	76	825
504	76	826
505	77	827
506	77	828
507	77	829
508	78	830
509	78	831
510	78	832
511	79	833
512	79	834
513	79	835
514	80	836
515	80	837
516	80	838
517	80	839
518	82	840
519	82	841
520	82	842
521	83	843
522	83	844
523	83	845
524	84	846
525	84	847
526	84	848
527	85	849
528	85	850
529	86	851
530	86	852
531	86	853
532	87	854
533	87	855
534	87	856
535	90	857
536	90	858
537	90	859
538	92	860
539	92	861
540	92	862
541	122	863
542	122	864
543	122	865
544	123	866
545	123	867
546	125	868
547	125	869
548	126	870
549	126	871
550	126	872
551	127	873
552	127	874
553	127	875
554	128	876
555	128	877
556	128	878
557	130	879
558	130	880
559	131	881
560	131	882
561	131	883
562	131	884
563	132	885
564	132	886
565	132	887
566	132	888
567	132	889
568	135	890
569	135	891
570	135	892
571	137	893
572	137	894
573	137	895
574	138	896
575	138	897
576	138	898
577	249	899
578	249	900
579	249	901
580	250	902
581	250	903
582	250	904
583	251	905
584	251	906
585	251	907
586	253	908
587	253	909
588	254	910
589	254	911
590	254	912
591	255	913
592	255	914
593	256	915
594	256	916
595	256	917
596	257	918
597	257	919
598	257	920
599	258	921
600	258	922
601	258	923
602	483	924
603	483	925
604	485	926
605	485	927
606	486	928
607	488	929
608	488	930
609	489	931
610	489	932
611	489	933
612	492	934
613	492	935
614	240	936
615	240	937
616	240	938
617	239	939
618	239	940
619	241	941
620	241	942
621	241	943
622	243	944
623	243	945
624	244	946
625	244	947
626	245	948
627	245	949
628	245	950
629	245	951
630	245	952
631	246	953
632	246	954
\.


--
-- Data for Name: checkins; Type: TABLE DATA; Schema: public; Owner: postgres
--

COPY public.checkins (id, create_at, update_at, address, latitude, longitude, name, pay_fee, city_id) FROM stdin;
3	2024-10-13 21:49:38.494319	2024-10-13 21:49:38.494319	02 Công xã Paris, Bến Nghé, Quận 1, Hồ Chí Minh 70000, Việt Nam	10.779913	106.697322	Bưu điện trung tâm Sài Gòn	0.00	HCM28
4	2024-10-13 21:49:38.494319	2024-10-13 21:49:38.494319	Phường Bến Thành, Quận 1, Hồ Chí Minh, Việt Nam	10.772516	106.679588	Chợ Bến Thành	0.00	HCM28
5	2024-10-13 21:49:38.494319	2024-10-13 21:49:38.494319	Đ. Nguyễn Văn Bình, Bến Nghé, Quận 1, Hồ Chí Minh, Việt Nam	10.780764	106.697369	Đường sách Thành phố Hồ Chí Minh	0.00	HCM28
6	2024-10-13 21:49:38.494319	2024-10-13 21:49:38.494319	88-86 Đ. Bùi Viện, Phường Phạm Ngũ Lão, Quận 1, Hồ Chí Minh, Việt Nam	10.767250	106.692815	Phố Tây Bùi Viện	0.00	HCM28
7	2024-10-13 21:49:38.494319	2024-10-13 21:49:38.494319	720A Điện Biên Phủ, Vinhomes Tân Cảng, Bình Thạnh, Hồ Chí Minh 72300, Việt Nam	10.795222	106.721393	Landmark 81	700.00	HCM28
1	2024-10-13 21:49:38.494319	2024-10-13 21:49:38.494319	01 Công xã Paris, Bến Nghé, Quận 1, Hồ Chí Minh 70000, Việt Nam	10.779786	106.699019	Nhà thờ Đức Bà Sài Gòn	0.00	HCM28
2	2024-10-13 21:49:38.494319	2024-10-13 21:49:38.494319	Đ. Nguyễn Huệ, Bến Nghé, Quận 1, Hồ Chí Minh, Việt Nam	10.774152	106.702776	Phố đi bộ Nguyễn Huệ	0.00	HCM28
8	2024-10-13 21:49:38.494319	2024-10-13 21:49:38.494319	2 Đ. Hải Triều, Bến Nghé, Quận 1, Hồ Chí Minh 700000, Việt Nam	10.771706	106.701796	Bitexco Financial Tower	200.00	HCM28
9	2024-10-14 09:02:49.398842	2024-10-14 09:02:49.398842	Phường Phạm Ngũ Lão, Quận 1, Hồ Chí Minh	10.769122	106.693056	Công viên 23 tháng 9	0.00	HCM28
10	2024-10-14 09:02:49.398842	2024-10-14 09:02:49.398842	PPF9+VCR, Khu đô thị Phú Mỹ Hưng, Quận 7, Hồ Chí Minh, Việt Nam	10.724731	106.715934	Cầu Ánh Sao (Phú Mỹ Hưng)	0.00	HCM28
11	2024-10-14 09:02:49.398842	2024-10-14 09:02:49.398842	07 Công trường Lam Sơn, Bến Nghé, Quận 1, Hồ Chí Minh 710212, Việt Nam	10.776640	106.700591	Nhà hát Thành phố	0.00	HCM28
12	2024-10-14 09:02:49.398842	2024-10-14 09:02:49.398842	Phường 6, Quận 3, Hồ Chí Minh 700000, Việt Nam	10.779516	106.689517	Bảo tàng Chứng tích Chiến tranh	40.00	HCM28
13	2024-10-14 09:02:49.398842	2024-10-14 09:02:49.398842	Phường Bến Thành, Quận 1, Hồ Chí Minh, Việt Nam	10.776999	106.690431	Dinh Độc Lập (Dinh Thống Nhất)	65.00	HCM28
14	2024-10-14 09:02:49.398842	2024-10-14 09:02:49.398842	710 Đ. Nguyễn Trãi, Phường 11, Quận 5, Hồ Chí Minh, Việt Nam	10.753254	106.661170	Chùa Bà Thiên Hậu (Chợ Lớn) - Hội Quán Tuệ Thành	0.00	HCM28
15	2024-10-14 09:02:49.398842	2024-10-14 09:02:49.398842	57A Tháp Mười, Phường 2, Quận 6, Hồ Chí Minh 700900, Việt Nam	10.750150	106.648515	Chợ Bình Tây	0.00	HCM28
18	2024-10-14 16:30:19.957829	2024-10-14 16:30:19.957829	Số 2 Hùng Vương, Ba Đình	21.037944	105.834927	Lăng Chủ tịch Hồ Chí Minh	0.00	HN24
19	2024-10-14 16:48:56.241057	2024-10-14 16:48:56.241057	Số 19C Hoàng Diệu, Ba Đình	21.035637	105.838748	Hoàng thành Thăng Long	30.00	HN24
20	2024-10-14 16:50:02.429812	2024-10-14 16:50:02.429812	Số 2 Hòa Mã, Hai Bà Trưng	21.028746	105.848742	Nhà thờ Lớn Hà Nội	0.00	HN24
21	2024-10-14 16:52:14.250741	2024-10-14 16:52:14.250741	Phố Hàng Ngang, Hoàn Kiếm	21.035779	105.850875	Phố cổ Hà Nội	0.00	HN24
22	2024-10-14 16:52:15.201649	2024-10-14 16:52:15.201649	Đường Thanh Niên, Tây Hồ	21.056241	105.823072	Hồ Tây	0.00	HN24
23	2024-10-14 16:52:16.182471	2024-10-14 16:52:16.182471	Phố Đinh Tiên Hoàng, Hoàn Kiếm	21.028798	105.852492	Hồ Hoàn Kiếm	0.00	HN24
24	2024-10-14 16:52:17.113548	2024-10-14 16:52:17.113548	Số 58 Quốc Tử Giám, Đống Đa	21.027291	105.836593	Văn Miếu Quốc Tử Giám	30.00	HN24
25	2024-10-14 16:52:18.019971	2024-10-14 16:52:18.019971	Số 1 Đường Hoả Lò, Hoàn Kiếm	21.025587	105.846784	Nhà tù Hoả Lò	30.00	HN24
26	2024-10-14 16:52:18.945421	2024-10-14 16:52:18.945421	Số 66 Nguyễn Thái Học, Ba Đình	21.030876	105.838481	Bảo tàng Mỹ thuật Việt Nam	40.00	HN24
27	2024-10-14 16:52:19.963794	2024-10-14 16:52:19.9655	Số 28 Điện Biên Phủ, Ba Đình	21.033572	105.839094	Bảo tàng Lịch sử Quân sự Việt Nam	40.00	HN24
28	2024-10-14 16:52:20.886745	2024-10-14 16:52:20.886745	Phố Yên Phụ, Tây Hồ	21.048283	105.844297	Chùa Trấn Quốc	0.00	HN24
29	2024-10-14 16:52:21.815936	2024-10-14 16:52:21.815936	Số 1 Phố Cầu Gỗ, Hoàn Kiếm	21.031785	105.852064	Cầu Thê Húc	0.00	HN24
30	2024-10-14 16:52:22.731855	2024-10-14 16:52:22.731855	Số 42-44 Quán Thánh, Ba Đình	21.043371	105.839286	Đền Quán Thánh	0.00	HN24
31	2024-10-14 16:52:23.664779	2024-10-14 16:52:23.667754	Khu đô thị Ciputra, Tây Hồ	21.074253	105.811897	Công viên nước Hồ Tây	180.00	HN24
32	2024-10-14 16:52:24.552091	2024-10-14 16:52:24.552091	Phố Nguyễn Chí Thanh, Đống Đa	21.024876	105.808453	Bảo tàng Dân tộc học Việt Nam	40.00	HN24
46	2024-10-14 16:56:33.553664	2024-10-14 16:56:33.553664	Bán Đảo Sơn Trà, Đà Nẵng	16.072176	108.325040	Vinpearl Land	500.00	DN236
44	2024-10-14 16:56:31.487054	2024-10-14 16:56:31.487054	Phố cổ Hội An, Quảng Nam	15.879262	108.338021	Phố cổ Hội An	120.00	DN236
42	2024-10-14 16:56:29.42438	2024-10-14 16:56:29.42438	Bán Đảo Sơn Trà, Đà Nẵng	16.051066	108.336879	Chùa Linh Ứng	0.00	DN236
34	2024-10-14 16:56:21.767019	2024-10-14 16:56:21.767019	Đường Hòa Hải, Ngũ Hành Sơn	16.058411	108.305332	Ngũ Hành Sơn	0.00	DN236
41	2024-10-14 16:56:28.509718	2024-10-14 16:56:28.509718	Phường Hòa Cường Bắc, Hải Châu	16.059085	108.264395	Ngã ba Huế - Quảng Nam	0.00	DN236
35	2024-10-14 16:56:22.726418	2024-10-14 16:56:22.726418	Phường Phước Mỹ, Sơn Trà	16.058007	108.247197	Bãi biển Mỹ Khê	0.00	DN236
43	2024-10-14 16:56:30.410938	2024-10-14 16:56:30.410938	Bán Đảo Sơn Trà, Đà Nẵng	16.050853	108.336207	Tháp Nghinh Phong	0.00	DN236
49	2024-10-14 17:02:50.656182	2024-10-14 17:02:50.656182	Phố cổ Hội An, Quảng Nam	15.879262	108.338021	Phố cổ Hội An	120.00	QN235
50	2024-10-14 17:02:52.163783	2024-10-14 17:02:52.163783	Huyện Duy Xuyên, Quảng Nam	15.882170	108.328400	Thánh địa Mỹ Sơn	100.00	QN235
51	2024-10-14 17:02:53.64042	2024-10-14 17:02:53.64042	Xã Tân Hiệp, Hội An	15.872115	108.427234	Cù Lao Chàm	30.00	QN235
52	2024-10-14 17:02:55.64655	2024-10-14 17:02:55.64655	Hội An, Quảng Nam	15.879346	108.325036	Bãi biển An Bàng	0.00	QN235
53	2024-10-14 17:02:57.42386	2024-10-14 17:02:57.427305	Hội An, Quảng Nam	15.876666	108.334579	Cầu An Hội	0.00	QN235
54	2024-10-14 17:02:59.08218	2024-10-14 17:02:59.08218	Hội An, Quảng Nam	15.875076	108.335973	Chùa Cầu	0.00	QN235
55	2024-10-14 17:03:00.019932	2024-10-14 17:03:00.019932	Hội An, Quảng Nam	15.876711	108.338303	Bảo tàng Văn hóa dân gian	30.00	QN235
56	2024-10-14 17:03:00.949385	2024-10-14 17:03:00.949385	Hội An, Quảng Nam	15.878014	108.319375	Biển Cửa Đại	0.00	QN235
57	2024-10-14 17:03:01.856472	2024-10-14 17:03:01.856472	Thị xã Điện Bàn, Quảng Nam	15.345114	108.031087	Khu di tích văn hóa Sa Huỳnh	20.00	QN235
58	2024-10-14 17:03:02.793594	2024-10-14 17:03:02.793594	Huyện Thăng Bình, Quảng Nam	15.860162	108.353754	Cồn Cỏ	0.00	QN235
59	2024-10-14 17:03:03.768354	2024-10-14 17:03:03.768354	Huyện Đại Lộc, Quảng Nam	15.947982	108.408661	Khu bảo tồn thiên nhiên Bến En	50.00	QN235
62	2024-10-14 17:03:07.28547	2024-10-14 17:03:07.28547	Hội An, Quảng Nam	15.874719	108.335305	Cảng cổ Hội An	0.00	QN235
63	2024-10-14 17:03:08.300597	2024-10-14 17:03:08.306622	Huyện Đại Lộc, Quảng Nam	15.642374	108.190168	Di tích lịch sử Chùa Đục	0.00	QN235
64	2024-10-14 17:05:12.226057	2024-10-14 17:05:12.226057	Huyện Đồng Văn, Hà Giang	23.254187	105.263022	Cao nguyên đá Đồng Văn	0.00	HG219
65	2024-10-14 17:05:13.25166	2024-10-14 17:05:13.25166	Huyện Đồng Văn, Hà Giang	23.258227	105.275848	Phố cổ Đồng Văn	0.00	HG219
66	2024-10-14 17:05:14.194728	2024-10-14 17:05:14.194728	Huyện Mèo Vạc, Hà Giang	23.126222	105.243773	Ma Pi Leng	0.00	HG219
67	2024-10-14 17:05:15.177401	2024-10-14 17:05:15.177401	Huyện Mèo Vạc, Hà Giang	23.202212	105.273536	Thị trấn Mèo Vạc	0.00	HG219
68	2024-10-14 17:05:16.199954	2024-10-14 17:05:16.199954	Huyện Mèo Vạc, Hà Giang	23.115537	105.238754	Đèo Mã Pí Lèng	0.00	HG219
69	2024-10-14 17:05:17.118105	2024-10-14 17:05:17.118105	Huyện Quản Bạ, Hà Giang	23.208948	104.908565	Hà Giang - Cổng trời	0.00	HG219
70	2024-10-14 17:05:18.037344	2024-10-14 17:05:18.037344	Xã Pả Vi, huyện Mèo Vạc	23.227408	105.252013	Nhà nghỉ Pả Vi	0.00	HG219
71	2024-10-14 17:05:18.931153	2024-10-14 17:05:18.931153	Huyện Bắc Mê, Hà Giang	22.779210	104.973599	Khu di tích lịch sử Nguyễn Thái Học	20.00	HG219
72	2024-10-14 17:05:19.867614	2024-10-14 17:05:19.867614	Huyện Đồng Văn, Hà Giang	23.258173	105.276073	Chợ phiên Đồng Văn	0.00	HG219
73	2024-10-14 17:05:20.813616	2024-10-14 17:05:20.813616	Huyện Đồng Văn, Hà Giang	23.267867	105.261655	Đồng Văn - Làng văn hóa	0.00	HG219
74	2024-10-14 17:05:21.937119	2024-10-14 17:05:21.937119	Huyện Đồng Văn, Hà Giang	23.189094	105.266509	Thung lũng Sủng Là	0.00	HG219
75	2024-10-14 17:05:23.041491	2024-10-14 17:05:23.041491	Huyện Mèo Vạc, Hà Giang	23.202955	105.273425	Chợ phiên Mèo Vạc	0.00	HG219
76	2024-10-14 17:05:23.924989	2024-10-14 17:05:23.924989	Xã Lũng Cẩm, huyện Đồng Văn	23.198838	105.248165	Làng văn hóa Lũng Cẩm	0.00	HG219
77	2024-10-14 17:05:25.014415	2024-10-14 17:05:25.014415	Huyện Mèo Vạc, Hà Giang	23.203455	105.273983	Đình Làng Mèo Vạc	0.00	HG219
78	2024-10-14 17:05:26.135021	2024-10-14 17:05:26.135021	Huyện Mèo Vạc, Hà Giang	23.222151	105.203515	Cao nguyên Mèo Vạc	0.00	HG219
79	2024-10-14 17:06:50.647941	2024-10-14 17:06:50.648167	Xã Trí Yên, huyện Yên Dũng	21.306279	106.242778	Chùa Vĩnh Nghiêm	0.00	BG204
80	2024-10-14 17:06:51.631793	2024-10-14 17:06:51.631793	Xã Hương Gián, huyện Yên Thế	21.299883	106.309387	Thác Đại Mẫu	0.00	BG204
81	2024-10-14 17:06:52.522077	2024-10-14 17:06:52.522077	Xã Lục Nam, huyện Lục Nam	21.236561	106.198235	Đền Đô	0.00	BG204
82	2024-10-14 17:06:53.415631	2024-10-14 17:06:53.415631	Phường Hoàng Hoa Thám, Bắc Giang	21.278773	106.211125	Công viên Hoàng Hoa Thám	0.00	BG204
83	2024-10-14 17:06:54.372298	2024-10-14 17:06:54.372298	Xã Bổ Đà, huyện Việt Yên	21.267081	106.183285	Chùa Bổ Đà	0.00	BG204
84	2024-10-14 17:06:55.281912	2024-10-14 17:06:55.281912	Thị trấn Phú Nhai, huyện Tân Yên	21.348182	106.190141	Nhà thờ Phú Nhai	0.00	BG204
85	2024-10-14 17:06:56.323289	2024-10-14 17:06:56.323289	Huyện Yên Thế	21.292350	106.301722	Khu du lịch sinh thái Bản Ven	30.00	BG204
86	2024-10-14 17:06:57.266545	2024-10-14 17:06:57.266545	Xã Việt Tiến, huyện Việt Yên	21.162354	106.162394	Đồi Chè Việt Yên	0.00	BG204
87	2024-10-14 17:06:58.187782	2024-10-14 17:06:58.187782	Thị trấn Chũ, huyện Lục Ngạn	21.182890	106.198231	Đình Chèm	0.00	BG204
88	2024-10-14 17:06:59.215575	2024-10-14 17:06:59.215575	Xã An Thạch, huyện Lục Nam	21.298387	106.358776	Thác Khe Rỗ	0.00	BG204
89	2024-10-14 17:07:00.318926	2024-10-14 17:07:00.318926	Xã Đèo Khe Lạnh, huyện Lục Ngạn	21.294726	106.363722	Đèo Khe Lạnh	0.00	BG204
90	2024-10-14 17:07:01.401228	2024-10-14 17:07:01.401228	Huyện Yên Tử, Bắc Giang	21.075287	106.160294	Rừng Quốc gia Yên Tử	0.00	BG204
91	2024-10-14 17:07:02.315158	2024-10-14 17:07:02.315158	Huyện Lục Ngạn, Bắc Giang	21.147044	106.123341	Chùa Bồ Đà	0.00	BG204
92	2024-10-14 17:07:03.29974	2024-10-14 17:07:03.29974	Xã Ngọc Vân, huyện Tân Yên	21.344592	106.074477	Cụm di tích lịch sử Đá Chông	0.00	BG204
93	2024-10-14 17:11:54.377994	2024-10-14 17:11:54.377994	Xã Tân Hòa, huyện Tam Bình	10.384737	106.102873	Vườn quốc gia Tràm Chim	0.00	TG273
94	2024-10-14 17:11:56.184305	2024-10-14 17:11:56.184305	Phường 4, Thành phố Mỹ Tho	10.366182	106.373694	Chùa Vĩnh Tràng	0.00	TG273
40	2024-10-14 16:56:27.634713	2024-10-14 16:56:27.634713	Phường Thọ Quang, Sơn Trà	16.054554	108.220418	Đỉnh Bàn Cờ	0.00	DN236
45	2024-10-14 16:56:32.632083	2024-10-14 16:56:32.632083	Phường Hòa Xuân, Cẩm Lệ	16.025736	108.226332	Công viên Châu Á	100.00	DN236
48	2024-10-14 16:56:35.606241	2024-10-14 16:56:35.606241	Quận Ngũ Hành Sơn, Đà Nẵng	16.091125	108.324327	Cồn Cỏ	0.00	DN236
47	2024-10-14 16:56:34.579509	2024-10-14 16:56:34.579509	Ngũ Hành Sơn, Đà Nẵng	16.044490	108.296653	Biển Non Nước	0.00	DN236
95	2024-10-14 17:11:57.569381	2024-10-14 17:11:57.569381	Phường 4, Thành phố Mỹ Tho	10.369228	106.374874	Tháp cổ Vĩnh Tràng	0.00	TG273
96	2024-10-14 17:11:59.319232	2024-10-14 17:11:59.319232	Xã Thới Sơn, Thành phố Mỹ Tho	10.369082	106.339918	Cồn Thới Sơn	0.00	TG273
97	2024-10-14 17:12:00.590134	2024-10-14 17:12:00.590134	Xã Lân, Thành phố Mỹ Tho	10.354286	106.369304	Cồn Lân	0.00	TG273
99	2024-10-14 17:12:03.688424	2024-10-14 17:12:03.688424	Phường 5, Thành phố Mỹ Tho	10.344576	106.348154	Đền thờ Nguyễn Trung Trực	0.00	TG273
100	2024-10-14 17:12:05.047113	2024-10-14 17:12:05.047113	Xã Ngọc Hoàng, huyện Gò Công	10.374370	106.351062	Cồn Ngọc Hoàng	0.00	TG273
101	2024-10-14 17:12:06.413698	2024-10-14 17:12:06.413698	Huyện Cái Bè	10.382628	106.423486	Chợ nổi Cái Bè	0.00	TG273
102	2024-10-14 17:12:07.400259	2024-10-14 17:12:07.400259	Phường 1, Thành phố Mỹ Tho	10.369797	106.374968	Khu du lịch Mỹ Tho	50.00	TG273
103	2024-10-14 17:12:08.342934	2024-10-14 17:12:08.343961	Xã Đạo Thạnh, Thành phố Mỹ Tho	10.368775	106.373332	Vườn trái cây Mỹ Tho	20.00	TG273
104	2024-10-14 17:12:09.272261	2024-10-14 17:12:09.272261	Xã Vĩnh Bình, huyện Gò Công Tây	10.366442	106.226984	Căn cứ Vĩnh Bình	0.00	TG273
105	2024-10-14 17:12:10.303128	2024-10-14 17:12:10.303128	Xã Tân Phú, huyện Gò Công Tây	10.337502	106.355132	Cồn Bửng	0.00	TG273
106	2024-10-14 17:12:11.228322	2024-10-14 17:12:11.228322	Huyện Đô Lương, Tiền Giang	10.386119	106.255958	Vườn Quốc gia Đồng Tháp Mười	0.00	TG273
107	2024-10-14 17:12:12.599359	2024-10-14 17:12:12.599359	Xã Ba Chúc, huyện Tri Tôn	10.327351	105.225904	Chùa Ba Chúc	0.00	AG296
108	2024-10-14 17:12:13.587764	2024-10-14 17:12:13.587764	Thị xã Châu Đốc	10.319314	105.115469	Núi Sam	0.00	AG296
109	2024-10-14 17:12:14.493845	2024-10-14 17:12:14.493845	Xã Vĩnh Tế, huyện Châu Đốc	10.368573	105.297469	Chùa Hạnh Phúc	0.00	AG296
110	2024-10-14 17:12:15.409299	2024-10-14 17:12:15.409299	Huyện Chợ Mới	10.306393	105.217918	Cù lao Giêng	0.00	AG296
111	2024-10-14 17:12:16.357136	2024-10-14 17:12:16.357136	Xã Thái Bình, huyện Châu Thành	10.360891	105.099342	Tháp Mười	0.00	AG296
112	2024-10-14 17:12:17.284688	2024-10-14 17:12:17.284688	Huyện Phú Quốc, Kiên Giang	10.256822	105.078394	Đảo Phú Quốc	0.00	AG296
113	2024-10-14 17:12:18.18787	2024-10-14 17:12:18.18787	Thị xã Châu Đốc	10.690599	105.037457	Chợ Châu Đốc	0.00	AG296
114	2024-10-14 17:12:19.121617	2024-10-14 17:12:19.121617	Xã Vĩnh Tế, huyện Châu Đốc	10.330368	105.192704	Đền Thoại Ngọc Hầu	0.00	AG296
115	2024-10-14 17:12:20.207539	2024-10-14 17:12:20.207539	Xã Tân Hòa, huyện Tam Bình	10.384737	106.102873	Vườn quốc gia Tràm Chim	20.00	AG296
116	2024-10-14 17:12:21.178455	2024-10-14 17:12:21.178455	Xã Tân An, huyện Tân Châu	10.327509	105.248812	Địa đạo Tân An	30.00	AG296
117	2024-10-14 17:12:22.202874	2024-10-14 17:12:22.202874	Huyện Tịnh Biên	10.321897	105.174057	Khu du lịch Núi Cấm	0.00	AG296
118	2024-10-14 17:12:23.226525	2024-10-14 17:12:23.226525	Xã Mỹ Hòa, huyện Châu Thành	10.302117	105.301523	Vườn cây ăn trái Mỹ Hòa	0.00	AG296
119	2024-10-14 17:12:24.892498	2024-10-14 17:12:24.892498	Xã Lộc Hòa, huyện Châu Thành	10.310622	105.238507	Chùa Linh Sơn	0.00	AG296
121	2024-10-14 17:12:26.877378	2024-10-14 17:12:26.877378	Xã Nhơn Mỹ, huyện Chợ Mới	10.258188	105.120071	Rừng tràm Trà Sư	20.00	AG296
122	2024-10-14 17:12:27.915558	2024-10-14 17:12:27.915558	Thành phố Rạch Giá	10.015125	105.080450	Chùa Tam Bảo	0.00	KG297
123	2024-10-14 17:12:28.839248	2024-10-14 17:12:28.839248	Thành phố Rạch Giá	10.017890	105.079623	Công viên văn hóa An Hòa	0.00	KG297
125	2024-10-14 17:12:30.855169	2024-10-14 17:12:30.855169	Xã An Thới, huyện Phú Quốc	10.188056	103.957611	Nhà tù Phú Quốc	0.00	KG297
126	2024-10-14 17:12:31.80791	2024-10-14 17:12:31.80791	Xã Dương Tơ, huyện Phú Quốc	10.168135	103.995877	Bãi Sao	0.00	KG297
127	2024-10-14 17:12:32.729076	2024-10-14 17:12:32.729076	Xã Gành Dầu, huyện Phú Quốc	10.340194	103.841391	Bãi Dài	0.00	KG297
128	2024-10-14 17:12:33.754176	2024-10-14 17:12:33.755175	Thị trấn Dương Đông, huyện Phú Quốc	10.222007	103.959146	Dinh Cậu	0.00	KG297
129	2024-10-14 17:12:34.880985	2024-10-14 17:12:34.880985	Thành phố Vị Thanh	9.749868	105.476388	Công viên 30-4	0.00	HG293
130	2024-10-14 17:12:35.977852	2024-10-14 17:12:35.977852	Phường 1, thành phố Vị Thanh	9.733053	105.477911	Chùa Bà Vương	0.00	HG293
131	2024-10-14 17:12:36.922533	2024-10-14 17:12:36.922533	Phường 3, thành phố Vị Thanh	9.736789	105.470350	Đầm Sen	0.00	HG293
132	2024-10-14 17:12:37.83403	2024-10-14 17:12:37.83403	Huyện Cao Lãnh	9.673328	105.547259	Khu du lịch sinh thái Gáo Giồng	20.00	HG293
133	2024-10-14 17:12:38.755138	2024-10-14 17:12:38.755138	Thành phố Vị Thanh	9.743492	105.489840	Cầu Xây	0.00	HG293
134	2024-10-14 17:12:39.692643	2024-10-14 17:12:39.692643	Phường 1, thành phố Vị Thanh	9.745090	105.477895	Nhà thờ Tắc Vân	0.00	HG293
135	2024-10-14 17:12:40.701219	2024-10-14 17:12:40.701219	Thành phố Vị Thanh	9.734980	105.476654	Công viên thành phố Vị Thanh	0.00	HG293
136	2024-10-14 17:12:41.661047	2024-10-14 17:12:41.661047	Huyện Ngã Bảy	9.704870	105.523427	Chợ nổi Ngã Bảy	0.00	HG293
137	2024-10-14 17:12:42.552611	2024-10-14 17:12:42.552611	Huyện Long Mỹ	9.738060	105.467600	Vườn trái cây Hậu Giang	30.00	HG293
138	2024-10-14 17:12:43.584906	2024-10-14 17:12:43.584906	Huyện Long Mỹ	9.738000	105.469000	Địa đạo Tân Hưng	0.00	HG293
139	2024-10-14 17:12:44.595142	2024-10-14 17:12:44.595142	Xã Dương Hà, huyện Gia Bình	21.178710	105.083307	Chùa Dâu	0.00	BN222
140	2024-10-14 17:12:45.534089	2024-10-14 17:12:45.534089	Phường Đình Bảng, thị xã Từ Sơn	21.168379	105.067458	Đền Đô	0.00	BN222
141	2024-10-14 17:12:46.686026	2024-10-14 17:12:46.686026	Xã Phật Tích, huyện Tiên Du	21.177082	105.085056	Chùa Phật Tích	0.00	BN222
142	2024-10-14 17:12:47.623282	2024-10-14 17:12:47.623282	Xã Vân Dương, huyện Bắc Ninh	21.105964	105.077768	Nhà thờ Thái Nguyên	0.00	BN222
143	2024-10-14 17:12:48.542826	2024-10-14 17:12:48.542826	Phường Vạn An, thành phố Bắc Ninh	21.164975	105.092893	Đền Quan lớn Đền Vua	0.00	BN222
144	2024-10-14 17:12:49.436121	2024-10-14 17:12:49.436121	Xã Bát Tràng, huyện Gia Lâm	21.101279	105.055589	Khu du lịch làng nghề gốm Bát Tràng	30.00	BN222
145	2024-10-14 17:12:50.475183	2024-10-14 17:12:50.475183	Phường Đáp Cầu, thành phố Bắc Ninh	21.174842	105.063191	Công viên Hoàng Hoa Thám	0.00	BN222
146	2024-10-14 17:12:51.472739	2024-10-14 17:12:51.472739	Xã Tiêu Sơn, huyện Tiên Du	21.176017	105.080097	Chùa Tiêu	0.00	BN222
147	2024-10-14 17:12:52.698129	2024-10-14 17:12:52.698129	Phường Hùng Sơn, thành phố Bắc Ninh	21.171651	105.093283	Đền Hùng	0.00	BN222
148	2024-10-14 17:12:53.629182	2024-10-14 17:12:53.629182	Phường Hòa Đình, thành phố Bắc Ninh	21.169220	105.090042	Chùa Pháp Vân	0.00	BN222
149	2024-10-14 17:12:54.542636	2024-10-14 17:12:54.542636	Xã Trường Yên, huyện Hoa Lư	20.246419	105.490303	Tràng An	0.00	NB229
150	2024-10-14 17:12:55.537865	2024-10-14 17:12:55.537865	Xã Ninh Hải, huyện Hoa Lư	20.219920	105.469310	Tam Cốc - Bích Động	0.00	NB229
151	2024-10-14 17:12:56.442794	2024-10-14 17:12:56.442794	Xã Gia Sinh, huyện Gia Viễn	20.224170	105.453123	Chùa Bái Đính	0.00	NB229
152	2024-10-14 17:12:57.38978	2024-10-14 17:12:57.38978	Xã Kim Sơn, huyện Kim Sơn	20.224091	105.511107	Ninh Bình - Nhà thờ Đá Phát Diệm	0.00	NB229
153	2024-10-14 17:12:58.33832	2024-10-14 17:12:58.33832	Xã Trường Yên, huyện Hoa Lư	20.251290	105.487370	Cố đô Hoa Lư	0.00	NB229
154	2024-10-14 17:12:59.248607	2024-10-14 17:12:59.248607	Xã Ninh Xuân, huyện Hoa Lư	20.224681	105.465999	Hang Múa	0.00	NB229
155	2024-10-14 17:13:00.17714	2024-10-14 17:13:00.17714	Huyện Nho Quan	20.301226	105.323423	Vườn quốc gia Cúc Phương	0.00	NB229
156	2024-10-14 17:13:01.135172	2024-10-14 17:13:01.135172	Xã Ninh Mỹ, huyện Hoa Lư	20.246965	105.456726	Động Am Tiêm	0.00	NB229
157	2024-10-14 17:13:02.021618	2024-10-14 17:13:02.021618	Phường Đông Thành, thành phố Ninh Bình	20.251657	105.486225	Chùa Thanh Sơn	0.00	NB229
158	2024-10-14 17:13:02.920876	2024-10-14 17:13:02.920876	Xã Ninh Hải, huyện Hoa Lư	20.232857	105.474198	Bến Bạch Long	0.00	NB229
159	2024-10-14 17:13:03.859326	2024-10-14 17:13:03.859326	Thành phố Hạ Long	20.910240	107.183130	Vịnh Hạ Long	0.00	QN203
160	2024-10-14 17:13:04.763667	2024-10-14 17:13:04.763667	Vịnh Hạ Long, thành phố Hạ Long	20.914138	107.333359	Đảo Ti Tốp	0.00	QN203
161	2024-10-14 17:13:05.693421	2024-10-14 17:13:05.693421	Phường Quang Trung, thành phố Uông Bí	20.996680	107.031778	Chùa Ba Vàng	0.00	QN203
162	2024-10-14 17:13:06.727083	2024-10-14 17:13:06.727083	Huyện Cát Hải	20.749421	107.108569	Pháo đài Lô G, Cát Bà	30.00	QN203
163	2024-10-14 17:13:07.652385	2024-10-14 17:13:07.652385	Vịnh Hạ Long, thành phố Hạ Long	20.993370	107.188679	Động Thiên Cung	0.00	QN203
164	2024-10-14 17:13:08.571223	2024-10-14 17:13:08.571223	Vịnh Hạ Long, thành phố Hạ Long	20.993953	107.215028	Hang Sửng Sốt	0.00	QN203
165	2024-10-14 17:13:09.490237	2024-10-14 17:13:09.490237	Thành phố Hạ Long	21.006261	107.093309	Bảo tàng Quảng Ninh	20.00	QN203
166	2024-10-14 17:13:10.519207	2024-10-14 17:13:10.519207	Huyện Vân Đồn	21.049231	107.251226	Vườn quốc gia Bái Tử Long	0.00	QN203
167	2024-10-14 17:13:11.436937	2024-10-14 17:13:11.436937	Phường Cửa Ông, thành phố Cẩm Phả	21.043990	107.013272	Đền Cửa Ông	0.00	QN203
168	2024-10-14 17:13:12.56732	2024-10-14 17:13:12.56732	Thành phố Hạ Long	20.966160	107.097195	Công viên Sun World Hạ Long	0.00	QN203
169	2024-10-14 17:13:13.483958	2024-10-14 17:13:13.483958	Xã Vĩnh Hải, huyện Vĩnh Hy	11.743305	108.993689	Vịnh Vĩnh Hy	0.00	NT259
170	2024-10-14 17:13:14.410096	2024-10-14 17:13:14.410096	Xã Vĩnh Hải, huyện Ninh Hải	11.726097	108.986453	Hang Rái	0.00	NT259
171	2024-10-14 17:13:15.311724	2024-10-14 17:13:15.311724	Huyện Ninh Sơn	11.605614	108.973158	Tháp Chàm Po Klong Garai	0.00	NT259
172	2024-10-14 17:13:16.235226	2024-10-14 17:13:16.235226	Thị trấn Khánh Hải, huyện Ninh Hải	11.741817	108.795319	Biển Ninh Chữ	0.00	NT259
173	2024-10-14 17:13:17.191929	2024-10-14 17:13:17.191929	Xã Ninh Ích, huyện Ninh Hòa	11.712238	109.143727	Đầm Nha Phu	0.00	NT259
174	2024-10-14 17:13:18.163235	2024-10-14 17:13:18.163235	Phường 1, thành phố Phan Rang-Tháp Chàm	11.675093	109.244012	Chùa một cột	0.00	NT259
175	2024-10-14 17:13:19.162027	2024-10-14 17:13:19.162027	Huyện Ninh Sơn	11.612356	108.974295	Tháp Pô Klong Garai	0.00	NT259
176	2024-10-14 17:13:20.080092	2024-10-14 17:13:20.080092	Thị trấn Khánh Hải, huyện Ninh Hải	11.744054	108.793868	Công viên biển Ninh Chữ	0.00	NT259
177	2024-10-14 17:13:21.03144	2024-10-14 17:13:21.03144	Huyện Ninh Phước	11.581440	108.827540	Vườn nho Ninh Thuận	0.00	NT259
178	2024-10-14 17:13:21.98243	2024-10-14 17:13:21.98243	Phường 8, thành phố Phan Rang-Tháp Chàm	11.571870	108.975785	Nhà thờ đá Phan Rang	0.00	NT259
179	2024-10-14 17:13:22.88893	2024-10-14 17:13:22.88893	Thành phố Tây Ninh	11.298786	106.127970	Thánh thất Tây Ninh	0.00	TN276
180	2024-10-14 17:13:23.810817	2024-10-14 17:13:23.810817	Xã Phú Thạnh, huyện Núi Thành	11.393503	106.096529	Núi Bà Đen	0.00	TN276
181	2024-10-14 17:13:24.707697	2024-10-14 17:13:24.707697	Xã Phú Thạnh, huyện Núi Thành	11.392408	106.096576	Chùa Bà Đen	0.00	TN276
182	2024-10-14 17:13:25.605652	2024-10-14 17:13:25.605652	Xã Long Thành Bắc, huyện Hòa Thành	11.226499	106.200265	Đền Thái Sơn	0.00	TN276
183	2024-10-14 17:13:26.606613	2024-10-14 17:13:26.606613	Thị xã Hòa Thành	11.280617	106.170753	Cầu Hòa Thành	0.00	TN276
184	2024-10-14 17:13:27.484612	2024-10-14 17:13:27.484612	Huyện Tân Biên	11.391539	106.153850	Vườn quốc gia Lò Gò - Xa Mát	0.00	TN276
185	2024-10-14 17:13:28.401428	2024-10-14 17:13:28.401428	Thành phố Tây Ninh	11.299123	106.156235	Chùa Linh Sơn	0.00	TN276
186	2024-10-14 17:13:29.355225	2024-10-14 17:13:29.355225	Thành phố Tây Ninh	11.297458	106.137828	Công viên 30/4	0.00	TN276
187	2024-10-14 17:13:30.316821	2024-10-14 17:13:30.316821	Thành phố Tây Ninh	11.297245	106.134770	Di tích lịch sử Tòa thánh Cao Đài	0.00	TN276
188	2024-10-14 17:13:31.20502	2024-10-14 17:13:31.20502	Thị trấn Hòa Thành	11.389843	106.087501	Khu du lịch Bà Đen	0.00	TN276
189	2024-10-14 17:15:52.274648	2024-10-14 17:15:52.274648	Huyện Cao Phong	20.609699	105.542299	Thung Nai	0.00	HB218
190	2024-10-14 17:15:54.04017	2024-10-14 17:15:54.04017	Huyện Mai Châu	20.582887	105.202950	Mai Châu	0.00	HB218
191	2024-10-14 17:15:55.583568	2024-10-14 17:15:55.583568	Xã Thượng Tiến, huyện Đà Bắc	20.619139	105.530948	Động Sơn Mộc Hương	0.00	HB218
192	2024-10-14 17:15:57.373372	2024-10-14 17:15:57.373372	Thành phố Hòa Bình	20.604603	105.447716	Đập thủy điện Hòa Bình	0.00	HB218
193	2024-10-14 17:15:58.935077	2024-10-14 17:15:58.935077	Huyện Đà Bắc	20.632050	105.547091	Ngắm hoa ban	0.00	HB218
194	2024-10-14 17:16:00.208396	2024-10-14 17:16:00.208396	Xã Lạc Thịnh, huyện Yên Thủy	20.647372	105.615677	Thác Gò Lào	0.00	HB218
195	2024-10-14 17:16:01.69316	2024-10-14 17:16:01.69316	Thành phố Hòa Bình	20.626772	105.496232	Chùa Hòa Bình	0.00	HB218
196	2024-10-14 17:16:02.631166	2024-10-14 17:16:02.631166	Thành phố Hòa Bình	20.606814	105.475272	Công viên Hòa Bình	0.00	HB218
197	2024-10-14 17:16:03.55947	2024-10-14 17:16:03.55947	Thành phố Hòa Bình	20.622284	105.495124	Chùa Bảo Sơn	0.00	HB218
198	2024-10-14 17:16:04.50841	2024-10-14 17:16:04.50841	Thành phố Hòa Bình	20.604603	105.447716	Nhà máy thủy điện Hòa Bình	0.00	HB218
199	2024-10-14 17:16:05.515259	2024-10-14 17:16:05.515259	Xã Duy Nhất, huyện Vũ Thư	20.416129	106.162597	Chùa Keo	0.00	TB227
200	2024-10-14 17:16:06.745983	2024-10-14 17:16:06.745983	Phường Trần Lãm, thành phố Thái Bình	20.433120	106.129321	Đền Trần	0.00	TB227
201	2024-10-14 17:16:07.769157	2024-10-14 17:16:07.769157	Thành phố Thái Bình	20.439000	106.115056	Công viên Đồng Xuân	0.00	TB227
202	2024-10-14 17:16:08.775043	2024-10-14 17:16:08.775043	Thành phố Thái Bình	20.429099	106.125041	Nhà thờ Chính tòa Thái Bình	0.00	TB227
203	2024-10-14 17:16:09.817117	2024-10-14 17:16:09.817117	Phường Lê Lợi, thành phố Thái Bình	20.431679	106.116580	Chùa Phúc Khánh	0.00	TB227
204	2024-10-14 17:16:10.833903	2024-10-14 17:16:10.833903	Xã Thụy Dương, huyện Thái Thụy	20.408740	106.144036	Đền Bạch Thạch	0.00	TB227
205	2024-10-14 17:16:11.968415	2024-10-14 17:16:11.968415	Phường Lê Hồng Phong, thành phố Thái Bình	20.428350	106.138298	Tháp Bánh Ít	0.00	TB227
206	2024-10-14 17:16:12.870233	2024-10-14 17:16:12.870233	Huyện Vũ Thư	20.442001	106.187823	Cồn Nghĩa Hưng	0.00	TB227
207	2024-10-14 17:16:13.824452	2024-10-14 17:16:13.824452	Thành phố Thái Bình	20.436019	106.128290	Trường Đại học Thái Bình	0.00	TB227
208	2024-10-14 17:16:14.716666	2024-10-14 17:16:14.716666	Phường Quang Trung, thành phố Thái Bình	20.440295	106.160872	Chùa Phúc Lạc	0.00	TB227
209	2024-10-14 17:16:15.654295	2024-10-14 17:16:15.654295	Phường Đống Đa, thành phố Quy Nhơn	13.782056	109.215192	Tháp Đôi	0.00	BD256
210	2024-10-14 17:16:16.587499	2024-10-14 17:16:16.587499	Xã Bình Trung, huyện Bình Định	13.759847	109.218839	Bảo tàng Quang Trung	0.00	BD256
211	2024-10-14 17:16:17.45659	2024-10-14 17:16:17.45659	Xã Nhơn Lý, huyện Nhơn Hải	13.944745	109.265240	Biển Ky Co	0.00	BD256
212	2024-10-14 17:16:18.411947	2024-10-14 17:16:18.411947	Thành phố Quy Nhơn	13.772263	109.218648	Đầm Thị Nại	0.00	BD256
213	2024-10-14 17:16:19.583186	2024-10-14 17:16:19.583186	Huyện Kông Chro	14.195187	108.747098	Vườn quốc gia Kon Ka Kinh	0.00	BD256
214	2024-10-14 17:16:20.466276	2024-10-14 17:16:20.466276	Phường Ngô Mây, thành phố Quy Nhơn	13.788825	109.220155	Chùa Hồng Phúc	0.00	BD256
215	2024-10-14 17:16:21.434061	2024-10-14 17:16:21.434061	Xã Nhơn Châu, huyện Quy Nhơn	13.886830	109.196820	Đảo Hoàng Sa	0.00	BD256
216	2024-10-14 17:16:22.376997	2024-10-14 17:16:22.376997	Xã Phước Hiệp, huyện Tuy Phước	13.717787	109.187550	Tháp Bánh Ít	0.00	BD256
217	2024-10-14 17:16:23.292371	2024-10-14 17:16:23.292371	Thành phố Quy Nhơn	13.760826	109.225126	Công viên Thiên Hưng	0.00	BD256
218	2024-10-14 17:16:24.183463	2024-10-14 17:16:24.183463	Thành phố Quy Nhơn	13.770979	109.218159	Nhà thờ chính tòa Quy Nhơn	0.00	BD256
219	2024-10-14 17:16:25.06708	2024-10-14 17:16:25.06708	Phường Mũi Né, thành phố Phan Thiết	10.931351	108.259817	Biển Mũi Né	0.00	BT252
220	2024-10-14 17:16:25.953852	2024-10-14 17:16:25.953852	Xã Phú Hài, thành phố Phan Thiết	10.917969	108.189301	Tháp Poshanah	0.00	BT252
221	2024-10-14 17:16:27.020948	2024-10-14 17:16:27.020948	Phường Mũi Né, thành phố Phan Thiết	10.928043	108.250375	Đồi Cát Mũi Né	0.00	BT252
222	2024-10-14 17:16:27.940987	2024-10-14 17:16:27.940987	Phường Đức Nghĩa, thành phố Phan Thiết	10.925356	108.217243	Công viên nước Phan Thiết	0.00	BT252
223	2024-10-14 17:16:28.823581	2024-10-14 17:16:28.823581	Xã Tân Thành, huyện Hàm Thuận Nam	10.839195	108.342788	Hải đăng Kê Gà	0.00	BT252
224	2024-10-14 17:16:29.775646	2024-10-14 17:16:29.775646	Xã Tân Nghĩa, huyện Hàm Tân	10.947277	108.322140	Vườn nho Phan Thiết	0.00	BT252
225	2024-10-14 17:16:30.671366	2024-10-14 17:16:30.671366	Xã Hàm Hiệp, huyện Hàm Thuận Bắc	10.902704	108.130550	Thác Yang Bay	0.00	BT252
226	2024-10-14 17:16:31.571041	2024-10-14 17:16:31.571041	Xã Phú Hài, thành phố Phan Thiết	10.917059	108.164657	Chùa Linh Sơn	0.00	BT252
227	2024-10-14 17:16:32.468407	2024-10-14 17:16:32.468407	Thành phố Phan Thiết	10.929674	108.195535	Cửa biển Phan Thiết	0.00	BT252
228	2024-10-14 17:16:33.383972	2024-10-14 17:16:33.383972	Huyện Phú Quý	10.730261	108.892332	Đảo Phú Quý	0.00	BT252
229	2024-10-14 17:16:34.284612	2024-10-14 17:16:34.284612	Xã Sơn Trạch, huyện Bố Trạch	17.446167	106.210216	Động Phong Nha	0.00	QB232
230	2024-10-14 17:16:35.171486	2024-10-14 17:16:35.171486	Xã Sơn Trạch, huyện Bố Trạch	17.489993	106.179153	Động Thiên Đường	0.00	QB232
231	2024-10-14 17:16:36.122024	2024-10-14 17:16:36.122024	Thành phố Đồng Hới	17.501335	106.614721	Bãi biển Nhật Lệ	0.00	QB232
232	2024-10-14 17:16:37.116318	2024-10-14 17:16:37.116318	Thành phố Huế	16.463390	107.590980	Cố đô Huế	0.00	QB232
233	2024-10-14 17:16:38.071141	2024-10-14 17:16:38.071141	Huyện Bố Trạch	17.448862	106.218591	Vườn quốc gia Phong Nha - Kẻ Bàng	0.00	QB232
234	2024-10-14 17:16:39.010896	2024-10-14 17:16:39.010896	Xã Sơn Trạch, huyện Bố Trạch	17.460463	106.287180	Hang Sơn Đoòng	0.00	QB232
235	2024-10-14 17:16:39.900897	2024-10-14 17:16:39.900897	Xã An Ninh, huyện Quảng Ninh	17.484255	106.236484	Chùa Hoằng Phúc	0.00	QB232
236	2024-10-14 17:16:40.825154	2024-10-14 17:16:40.825154	Huyện Bố Trạch	17.456182	106.193070	Di sản văn hóa thế giới Phong Nha - Kẻ Bàng	0.00	QB232
237	2024-10-14 17:16:41.773847	2024-10-14 17:16:41.773847	Thành phố Đồng Hới	17.523024	106.640178	Biển Quang Phú	0.00	QB232
238	2024-10-14 17:16:42.729898	2024-10-14 17:16:42.729898	Xã Quang Phú, thành phố Đồng Hới	17.536944	106.432500	Khu du lịch sinh thái Trườn Nước	0.00	QB232
239	2024-10-14 17:16:43.701906	2024-10-14 17:16:43.701906	Xã Đắk Nhau, huyện Bù Đăng	11.410833	106.263888	Thác Đá Bia	0.00	BH254
240	2024-10-14 17:16:44.627958	2024-10-14 17:16:44.627958	Xã Thanh Bình, huyện Bù Đăng	11.509600	106.400675	Khu du lịch sinh thái Vườn Xoài	0.00	BH254
241	2024-10-14 17:16:45.55318	2024-10-14 17:16:45.55318	Xã Bù Đăng, huyện Bù Đăng	11.358750	106.149722	Đồi Chè Bù Đăng	0.00	BH254
242	2024-10-14 17:16:46.451078	2024-10-14 17:16:46.451078	Xã Bình Hòa, huyện Chơn Thành	11.300678	106.154348	Đại Nam Văn Hiến	0.00	BH254
243	2024-10-14 17:16:47.45858	2024-10-14 17:16:47.45858	Xã Tà Thiết, huyện Bù Đăng	11.391944	106.184444	Khu di tích lịch sử Căn cứ Tà Thiết	0.00	BH254
244	2024-10-14 17:16:48.361449	2024-10-14 17:16:48.361449	Thành phố Đồng Xoài	11.493500	106.629500	Công viên Hòa Bình	0.00	BH254
245	2024-10-14 17:16:49.24322	2024-10-14 17:16:49.24322	Thị xã Phước Long	11.361019	106.210556	Chùa Thanh Lương	0.00	BH254
246	2024-10-14 17:16:50.197207	2024-10-14 17:16:50.197207	Xã Minh Hưng, huyện Chơn Thành	11.672833	106.371500	Chùa Bà Bổn	0.00	BH254
247	2024-10-14 17:16:51.076764	2024-10-14 17:16:51.076764	Thị xã Phước Long	11.392139	106.192539	Nhà thờ Tin Lành Phước Long	0.00	BH254
249	2024-10-14 17:16:52.95804	2024-10-14 17:16:52.95804	Thành phố Mới Bình Dương	11.057974	106.686946	Công viên Thành phố Mới Bình Dương	0.00	BD274
250	2024-10-14 17:16:53.878821	2024-10-14 17:16:53.878821	Thị xã Thủ Dầu Một	11.036619	106.660209	Chùa Hội Khánh	0.00	BD274
251	2024-10-14 17:16:54.904539	2024-10-14 17:16:54.904539	Thị xã Thủ Dầu Một	10.890470	106.173200	Khu du lịch sinh thái Đại Nam	0.00	BD274
252	2024-10-14 17:16:55.892124	2024-10-14 17:16:55.892124	Thị xã Thuận An	11.056500	106.653800	Công viên Vĩnh Phú	0.00	BD274
253	2024-10-14 17:16:56.90197	2024-10-14 17:16:56.90197	Thành phố Thủ Dầu Một	11.045510	106.628639	Bảo tàng tỉnh Bình Dương	0.00	BD274
254	2024-10-14 17:16:57.844405	2024-10-14 17:16:57.844405	Thị xã Thủ Dầu Một	11.046858	106.663701	Chợ đêm Bến Thành	0.00	BD274
255	2024-10-14 17:16:58.761176	2024-10-14 17:16:58.761176	Thành phố Thủ Dầu Một	11.070778	106.616389	Trường ĐH Thủ Dầu Một	0.00	BD274
256	2024-10-14 17:16:59.887161	2024-10-14 17:16:59.887161	Thị xã Thủ Dầu Một	11.053095	106.630652	Chùa Bà Thiên Hậu	0.00	BD274
257	2024-10-14 17:17:00.808423	2024-10-14 17:17:00.808423	Thành phố Thủ Dầu Một	11.064583	106.685556	Công viên Hòa Bình	0.00	BD274
258	2024-10-14 17:17:01.701674	2024-10-14 17:17:01.701674	Thị xã Thủ Dầu Một	11.052306	106.636911	Nhà thờ Bùi Hữu Nghĩa	0.00	BD274
259	2024-10-15 14:35:37.671268	2024-10-15 14:35:37.671268	Thị xã Quảng Trị	16.754379	107.189661	Thành cổ Quảng Trị	0.00	QT233
260	2024-10-15 14:35:39.890852	2024-10-15 14:35:39.890852	Xã Vĩnh Thạch, huyện Vĩnh Linh	17.008789	107.035942	Địa đạo Vịnh Mốc	0.00	QT233
261	2024-10-15 14:35:41.687152	2024-10-15 14:35:41.687152	Xã Vĩnh Trường, huyện Gio Linh	16.754091	106.972040	Nghĩa trang liệt sĩ Trường Sơn	0.00	QT233
262	2024-10-15 14:35:43.067631	2024-10-15 14:35:43.067631	Xã Hiền Thành, huyện Vĩnh Linh	17.011764	107.008775	Cầu Hiền Lương và sông Bến Hải	0.00	QT233
263	2024-10-15 14:35:44.885812	2024-10-15 14:35:44.885812	Xã Tân Hợp, huyện Hướng Hóa	16.621856	106.715325	Khu di tích sân bay Tà Cơn	0.00	QT233
264	2024-10-15 14:35:46.197507	2024-10-15 14:35:46.197507	Thị trấn Ái Tử, huyện Triệu Phong	16.812541	107.115839	Chùa Sắc Tứ Tịnh Quang	0.00	QT233
265	2024-10-15 14:35:47.432484	2024-10-15 14:35:47.432484	Xã Vĩnh Quang, huyện Vĩnh Linh	17.048052	107.078165	Bãi biển Cửa Tùng	0.00	QT233
266	2024-10-15 14:35:48.782788	2024-10-15 14:35:48.782788	Huyện đảo Cồn Cỏ	17.160315	107.329063	Đảo Cồn Cỏ	0.00	QT233
267	2024-10-15 14:35:50.133836	2024-10-15 14:35:50.133836	Xã Hải Phú, huyện Hải Lăng	16.750660	107.192121	Thánh địa La Vang	0.00	QT233
268	2024-10-15 14:35:51.490973	2024-10-15 14:35:51.490973	Thị trấn Khe Sanh, huyện Hướng Hóa	16.621856	106.712325	Khe Sanh	0.00	QT233
269	2024-10-15 14:35:52.633334	2024-10-15 14:35:52.633334	Xã Gio Hải, huyện Gio Linh	16.788726	107.164721	Bãi biển Cửa Việt	0.00	QT233
270	2024-10-15 14:35:54.106491	2024-10-15 14:35:54.106491	Xã Tịnh Khê, thành phố Quảng Ngãi	15.148196	108.858439	Biển Mỹ Khê	0.00	QN255
271	2024-10-15 14:35:55.391096	2024-10-15 14:35:55.391096	Huyện Lý Sơn	15.376706	109.120029	Đảo Lý Sơn	0.00	QN255
272	2024-10-15 14:35:56.676506	2024-10-15 14:35:56.676506	Xã Tịnh Khê, huyện Sơn Tịnh	15.320054	108.804447	Khu chứng tích Sơn Mỹ	0.00	QN255
273	2024-10-15 14:35:58.449549	2024-10-15 14:35:58.449549	Xã Thanh An, huyện Minh Long	14.987603	108.589946	Thác Trắng	0.00	QN255
274	2024-10-15 14:35:59.755451	2024-10-15 14:35:59.755451	Xã Tịnh Ấn Đông, thành phố Quảng Ngãi	15.126594	108.788217	Núi Thiên Ấn	0.00	QN255
275	2024-10-15 14:36:01.108619	2024-10-15 14:36:01.108619	Thành phố Quảng Ngãi	15.121944	108.802778	Chùa Ông	0.00	QN255
276	2024-10-15 14:36:02.42371	2024-10-15 14:36:02.42371	Xã Hành Tín Đông, huyện Nghĩa Hành	15.102685	108.568019	Suối Chí	0.00	QN255
277	2024-10-15 14:36:04.78529	2024-10-15 14:36:04.78529	Xã Tịnh Châu, huyện Sơn Tịnh	15.144914	108.861175	Thành cổ Châu Sa	0.00	QN255
278	2024-10-15 14:36:06.035435	2024-10-15 14:36:06.035435	Xã Long Sơn, huyện Minh Long	15.158204	108.586743	Thác Dray K'nung	0.00	QN255
279	2024-10-15 14:36:07.276592	2024-10-15 14:36:07.276592	Xã Bình Thuận, huyện Bình Sơn	15.327215	108.727399	Hang Én	0.00	QN255
280	2024-10-15 14:36:08.907804	2024-10-15 14:36:08.907804	Xã Phổ Thạnh, huyện Đức Phổ	14.735264	109.008008	Bãi biển Sa Huỳnh	0.00	QN255
281	2024-10-15 14:36:10.306994	2024-10-15 14:36:10.306994	Xã An Hải, huyện Lý Sơn	15.411362	109.110701	Hòn Mù Cu	0.00	QN255
282	2024-10-15 14:36:11.680019	2024-10-15 14:36:11.680019	Xã Bình Châu, huyện Bình Sơn	15.227304	108.820964	Cảng Sa Kỳ	0.00	QN255
283	2024-10-15 14:36:12.850636	2024-10-15 14:36:12.850636	Xã Ba Ngạc, huyện Ba Tơ	14.735231	108.426429	Đèo Vi Ô Lắc	0.00	QN255
284	2024-10-15 14:36:13.994772	2024-10-15 14:36:13.994772	Xã Ba Vinh, huyện Ba Tơ	15.147653	108.786970	Khu du lịch Thác Đá Bàn	0.00	QN255
285	2024-10-15 14:36:15.392187	2024-10-15 14:36:15.392187	Xã An Ninh Đông, huyện Tuy An	13.345957	109.223753	Gành Đá Đĩa	0.00	PY257
286	2024-10-15 14:36:16.696302	2024-10-15 14:36:16.696302	Xã An Chấn, huyện Tuy An	13.158650	109.285840	Bãi Xép	0.00	PY257
287	2024-10-15 14:36:18.009394	2024-10-15 14:36:18.009394	Xã Hòa Tâm, huyện Đông Hòa	12.920769	109.417256	Mũi Điện	0.00	PY257
288	2024-10-15 14:36:19.436752	2024-10-15 14:36:19.436752	Huyện Tuy An	13.244926	109.246547	Đầm Ô Loan	0.00	PY257
289	2024-10-15 14:36:20.867038	2024-10-15 14:36:20.867038	Thành phố Tuy Hòa	13.099051	109.303725	Núi Nhạn	0.00	PY257
290	2024-10-15 14:36:21.990754	2024-10-15 14:36:21.990754	Xã An Hòa, huyện Tuy An	13.283358	109.297478	Hòn Yến	0.00	PY257
291	2024-10-15 14:36:23.155642	2024-10-15 14:36:23.155642	Xã Hòa Xuân Nam, huyện Đông Hòa	12.947892	109.402118	Vịnh Vũng Rô	0.00	PY257
292	2024-10-15 14:36:24.661813	2024-10-15 14:36:24.661813	Thành phố Tuy Hòa	13.095221	109.314587	Tháp Nhạn	0.00	PY257
293	2024-10-15 14:36:26.087278	2024-10-15 14:36:26.087278	Xã Hòa Quang Bắc, huyện Phú Hòa	13.144650	109.261669	Chùa Bảo Lâm	0.00	PY257
294	2024-10-15 14:36:27.580644	2024-10-15 14:36:27.580644	Xã Hòa Tâm, huyện Đông Hòa	12.925418	109.412366	Bãi Môn	0.00	PY257
295	2024-10-15 14:36:29.108787	2024-10-15 14:36:29.108787	Xã Hòa Hội, huyện Phú Hòa	13.210342	109.083671	Đập Đồng Cam	0.00	PY257
296	2024-10-15 14:36:30.423811	2024-10-15 14:36:30.423811	Xã Hòa Tâm, huyện Đông Hòa	12.909972	109.442436	Bãi Gốc	0.00	PY257
297	2024-10-15 14:36:31.737188	2024-10-15 14:36:31.737188	Xã An Lĩnh, huyện Tuy An	13.166289	109.143605	Vực Phun	0.00	PY257
298	2024-10-15 14:36:32.947116	2024-10-15 14:36:32.947116	Xã An Chấn, huyện Tuy An	13.210012	109.252808	Chùa Thanh Lương	0.00	PY257
299	2024-10-15 14:36:34.115663	2024-10-15 14:36:34.115663	Thành phố Điện Biên Phủ	21.386069	103.016653	Di tích lịch sử Điện Biên Phủ	0.00	DB215
300	2024-10-15 14:36:35.271023	2024-10-15 14:36:35.271023	Thành phố Điện Biên Phủ	21.386575	103.020924	Đồi A1	0.00	DB215
301	2024-10-15 14:36:36.504499	2024-10-15 14:36:36.504499	Thành phố Điện Biên Phủ	21.386920	103.018404	Hầm Đờ Cát	0.00	DB215
302	2024-10-15 14:36:37.593628	2024-10-15 14:36:37.593628	Thành phố Điện Biên Phủ	21.384233	103.016136	Tượng đài Chiến thắng Điện Biên Phủ	0.00	DB215
303	2024-10-15 14:36:38.893714	2024-10-15 14:36:38.893714	Thành phố Điện Biên Phủ	21.386454	103.015939	Bảo tàng Chiến thắng Điện Biên Phủ	0.00	DB215
304	2024-10-15 14:36:40.383096	2024-10-15 14:36:40.383096	Thành phố Điện Biên Phủ	21.385981	103.017983	Cầu Mường Thanh	0.00	DB215
305	2024-10-15 14:36:41.548235	2024-10-15 14:36:41.548235	Xã Mường Luân, huyện Điện Biên Đông	21.493755	103.344172	Tháp Mường Luân	0.00	DB215
306	2024-10-15 14:36:42.685003	2024-10-15 14:36:42.685003	Xã Noong Luống, huyện Điện Biên	21.337982	102.956472	Suối nước nóng U Va	0.00	DB215
307	2024-10-15 14:36:43.96184	2024-10-15 14:36:43.96184	Xã Mường Phăng, huyện Điện Biên	21.323021	103.026528	Hồ Pá Khoang	0.00	DB215
308	2024-10-15 14:36:45.216301	2024-10-15 14:36:45.216301	Xã Pa Thơm, huyện Điện Biên	21.403694	102.814308	Động Pa Thơm	0.00	DB215
309	2024-10-15 14:36:46.518173	2024-10-15 14:36:46.518173	Thành phố Điện Biên Phủ	21.386683	103.010874	Chùa Linh Sơn	0.00	DB215
310	2024-10-15 14:36:47.830515	2024-10-15 14:36:47.830515	Xã Thanh Nưa, huyện Điện Biên	21.243561	103.075175	Bản Mển	0.00	DB215
311	2024-10-15 14:36:49.184965	2024-10-15 14:36:49.184965	Xã Tân Thạch, huyện Châu Thành	10.326227	106.362287	Cồn Phụng	0.00	BT275
312	2024-10-15 14:36:50.63396	2024-10-15 14:36:50.63396	Huyện Châu Thành	10.252509	106.364928	Cồn Quy	0.00	BT275
313	2024-10-15 14:36:51.92872	2024-10-15 14:36:51.92872	Xã Phú Nhuận, thành phố Bến Tre	10.256872	106.383021	Khu du lịch Lan Vương	0.00	BT275
314	2024-10-15 14:36:53.211602	2024-10-15 14:36:53.211602	Xã Mỹ Hòa, huyện Ba Tri	10.086621	106.484526	Sân chim Vàm Hồ	0.00	BT275
315	2024-10-15 14:36:54.432375	2024-10-15 14:36:54.432375	Xã Định Thủy, huyện Mỏ Cày Nam	10.102189	106.467661	Làng du kích Đồng Khởi	0.00	BT275
316	2024-10-15 14:36:55.78132	2024-10-15 14:36:55.78132	Thành phố Bến Tre	10.245776	106.365243	Bến Tre Riverside Resort	0.00	BT275
317	2024-10-15 14:36:57.258502	2024-10-15 14:36:57.258502	Xã Mỹ Phong, thành phố Mỹ Tho	10.352398	106.365013	Chùa Vĩnh Tràng	0.00	BT275
318	2024-10-15 14:36:58.54835	2024-10-15 14:36:58.54835	Xã Hưng Nhượng, huyện Giồng Trôm	10.143234	106.432568	Nhà thờ La Mã	0.00	BT275
319	2024-10-15 14:36:59.848306	2024-10-15 14:36:59.848306	Xã An Đức, huyện Ba Tri	10.218756	106.572261	Khu lăng mộ Nguyễn Đình Chiểu	0.00	BT275
320	2024-10-15 14:37:00.979487	2024-10-15 14:37:00.979487	Huyện Chợ Lách	10.252118	106.232601	Chợ Lách	0.00	BT275
321	2024-10-15 14:37:02.236166	2024-10-15 14:37:02.236166	Xã Hưng Phong, huyện Giồng Trôm	10.139671	106.346515	Cồn Ốc	0.00	BT275
322	2024-10-15 14:37:03.704217	2024-10-15 14:37:03.704217	Xã Phú Đức, huyện Châu Thành	10.162830	106.398798	Cồn Tiên	0.00	BT275
323	2024-10-15 14:37:04.973358	2024-10-15 14:37:04.973358	Xã Vĩnh Thành, huyện Chợ Lách	10.268154	106.196174	Vườn cây trái Cái Mơn	0.00	BT275
324	2024-10-15 14:37:06.35887	2024-10-15 14:37:06.35887	Xã Lương Hòa, huyện Giồng Trôm	10.047489	106.453013	Khu tưởng niệm nữ tướng Nguyễn Thị Định	0.00	BT275
325	2024-10-15 14:37:07.906872	2024-10-15 14:37:07.906872	Xã Đất Mũi, huyện Ngọc Hiển	8.612780	104.718685	Mũi Cà Mau	0.00	CM290
326	2024-10-15 14:37:09.134315	2024-10-15 14:37:09.134315	Xã Khánh Bình Tây, huyện Trần Văn Thời	8.922983	104.729117	Hòn Đá Bạc	0.00	CM290
327	2024-10-15 14:37:10.609258	2024-10-15 14:37:10.609258	Huyện U Minh	9.329356	104.930801	Rừng U Minh Hạ	0.00	CM290
328	2024-10-15 14:37:11.765894	2024-10-15 14:37:11.765894	Phường 1, thành phố Cà Mau	9.187069	105.148403	Vườn chim Cà Mau	0.00	CM290
329	2024-10-15 14:37:13.00469	2024-10-15 14:37:13.00469	Phường 2, thành phố Cà Mau	9.175541	105.140383	Chùa Bà Thiên Hậu	0.00	CM290
330	2024-10-15 14:37:14.58669	2024-10-15 14:37:14.58669	Xã Đất Mũi, huyện Ngọc Hiển	8.671889	104.830518	Khu du lịch Khai Long	0.00	CM290
331	2024-10-15 14:37:16.202696	2024-10-15 14:37:16.202696	Phường 1, thành phố Cà Mau	9.187194	105.153925	Khu tưởng niệm Chủ tịch Hồ Chí Minh	0.00	CM290
332	2024-10-15 14:37:17.636012	2024-10-15 14:37:17.636012	Xã Tân Duyệt, huyện Đầm Dơi	9.128895	104.960581	Làng nghề làm tôm khô Tân Duyệt	0.00	CM290
333	2024-10-15 14:37:19.112564	2024-10-15 14:37:19.112564	Huyện Cái Nước	9.216416	105.096307	Đầm Thị Tường	0.00	CM290
334	2024-10-15 14:37:20.400884	2024-10-15 14:37:20.400884	Phường 8, thành phố Cà Mau	9.177528	105.152083	Chợ nổi Cà Mau	0.00	CM290
335	2024-10-15 14:37:21.529503	2024-10-15 14:37:21.529503	Xã Tân Ân, huyện Ngọc Hiển	8.376661	104.635469	Hòn Khoai	0.00	CM290
336	2024-10-15 14:37:22.648015	2024-10-15 14:37:22.649515	Xã Tân Phong, huyện Giá Rai	9.312905	105.605644	Nhà thờ Tắc Sậy	0.00	CM290
337	2024-10-15 14:37:23.751289	2024-10-15 14:37:23.751289	Huyện Ngọc Hiển	8.751942	104.869122	Rừng ngập mặn Cà Mau	0.00	CM290
338	2024-10-15 14:37:25.259061	2024-10-15 14:37:25.259061	Phường 1, thành phố Cà Mau	9.186851	105.146014	Chùa Monivongsa Bopharam	0.00	CM290
339	2024-10-15 14:37:26.840459	2024-10-15 14:37:26.840459	Phường Lộc Vượng, thành phố Nam Định	20.420240	106.169540	Đền Trần	0.00	ND228
340	2024-10-15 14:37:27.864204	2024-10-15 14:37:27.864204	Phường Lộc Vượng, thành phố Nam Định	20.416312	106.168001	Chùa Phổ Minh	0.00	ND228
341	2024-10-15 14:37:28.884345	2024-10-15 14:37:28.884345	Xã Xuân Phương, huyện Xuân Trường	20.289017	106.191424	Nhà thờ Phú Nhai	0.00	ND228
342	2024-10-15 14:37:30.037153	2024-10-15 14:37:30.037153	Xã Xuân Ngọc, huyện Xuân Trường	20.261074	106.251846	Nhà thờ Bùi Chu	0.00	ND228
343	2024-10-15 14:37:31.282707	2024-10-15 14:37:31.282707	Thị trấn Thịnh Long, huyện Hải Hậu	20.171232	106.219765	Bãi biển Thịnh Long	0.00	ND228
344	2024-10-15 14:37:32.451188	2024-10-15 14:37:32.451188	Xã Kim Thái, huyện Vụ Bản	20.342834	106.181481	Phủ Dầy	0.00	ND228
345	2024-10-15 14:37:33.478536	2024-10-15 14:37:33.478536	Xã Kim Thái, huyện Vụ Bản	20.340214	106.180639	Khu di tích Phủ Giầy	0.00	ND228
346	2024-10-15 14:37:34.472045	2024-10-15 14:37:34.472045	Phường Vị Hoàng, thành phố Nam Định	20.423418	106.172339	Làng cổ Vị Hoàng	0.00	ND228
347	2024-10-15 14:37:35.508769	2024-10-15 14:37:35.508769	Phường Lộc Vượng, thành phố Nam Định	20.415482	106.168738	Tháp Phổ Minh	0.00	ND228
348	2024-10-15 14:37:36.624598	2024-10-15 14:37:36.624598	Xã Mỹ Phúc, huyện Mỹ Lộc	20.431574	106.143680	Đền Bảo Lộc	0.00	ND228
349	2024-10-15 14:37:37.70293	2024-10-15 14:37:37.70293	Xã Kim Thái, huyện Vụ Bản	20.340982	106.181189	Đền Liễu Đôi	0.00	ND228
350	2024-10-15 14:37:38.910437	2024-10-15 14:37:38.910437	Phường Lộc Hạ, thành phố Nam Định	20.420533	106.171117	Bảo tàng Nam Định	0.00	ND228
351	2024-10-15 14:37:39.890187	2024-10-15 14:37:39.890187	Thị trấn Cổ Lễ, huyện Trực Ninh	20.303252	106.218802	Chùa Cổ Lễ	0.00	ND228
352	2024-10-15 14:37:40.901393	2024-10-15 14:37:40.901393	Xã Nam Phong, thành phố Nam Định	20.394913	106.142719	Làng hoa Nam Phong	0.00	ND228
353	2024-10-15 14:37:41.95847	2024-10-15 14:37:41.95847	Xã Hải Lý, huyện Hải Hậu	20.145902	106.196332	Nhà thờ đổ Hải Lý	0.00	ND228
354	2024-10-15 14:42:55.745929	2024-10-15 14:42:55.746933	Thị trấn Tam Đảo, huyện Tam Đảo	21.455503	105.645000	Tam Đảo	0.00	VP211
355	2024-10-15 14:42:57.570406	2024-10-15 14:42:57.570406	Xã Đại Đình, huyện Tam Đảo	21.400634	105.586236	Thiền viện Trúc Lâm Tây Thiên	0.00	VP211
356	2024-10-15 14:42:59.377176	2024-10-15 14:42:59.377176	Xã Đại Đình, huyện Tam Đảo	21.401204	105.586648	Khu du lịch Tây Thiên	0.00	VP211
357	2024-10-15 14:43:01.017503	2024-10-15 14:43:01.017503	Xã Ngọc Thanh, thành phố Phúc Yên	21.287958	105.716367	Hồ Đại Lải	0.00	VP211
358	2024-10-15 14:43:02.712687	2024-10-15 14:43:02.712687	Xã Đại Đình, huyện Tam Đảo	21.407493	105.588239	Đền thờ Tây Thiên	0.00	VP211
359	2024-10-15 14:43:04.29953	2024-10-15 14:43:04.29953	Xã Hương Canh, huyện Bình Xuyên	21.266295	105.624422	Làng gốm Hương Canh	0.00	VP211
360	2024-10-15 14:43:05.626685	2024-10-15 14:43:05.626685	Xã Thổ Tang, huyện Vĩnh Tường	21.236285	105.527103	Đình Thổ Tang	0.00	VP211
361	2024-10-15 14:43:06.63601	2024-10-15 14:43:06.63601	Phường Liên Bảo, thành phố Vĩnh Yên	21.345988	105.604633	Chùa Hà Tiên	0.00	VP211
362	2024-10-15 14:43:07.838809	2024-10-15 14:43:07.838809	Xã Tam Sơn, huyện Sông Lô	21.464191	105.586868	Tháp Bình Sơn	0.00	VP211
363	2024-10-15 14:43:08.918122	2024-10-15 14:43:08.918122	Xã Đại Đình, huyện Tam Đảo	21.416493	105.582791	Đền Gia Loan - Chùa Biện Sơn	0.00	VP211
364	2024-10-15 14:43:10.006027	2024-10-15 14:43:10.006027	Xã Minh Quang, huyện Tam Đảo	21.415205	105.607272	Hồ Xạ Hương	0.00	VP211
365	2024-10-15 14:43:10.963398	2024-10-15 14:43:10.963398	Thành phố Vĩnh Yên	21.293983	105.599517	Đầm Vạc	0.00	VP211
366	2024-10-15 14:43:11.916046	2024-10-15 14:43:11.916046	Xã Mê Linh, huyện Mê Linh	21.210988	105.699381	Làng hoa Mê Linh	0.00	VP211
367	2024-10-15 14:43:12.8872	2024-10-15 14:43:12.8872	Thị xã Sầm Sơn	19.750947	105.914717	Bãi biển Sầm Sơn	0.00	TH237
368	2024-10-15 14:43:13.832624	2024-10-15 14:43:13.832624	Xã Cẩm Lương, huyện Cẩm Thủy	20.359400	105.324620	Suối cá Cẩm Lương	0.00	TH237
369	2024-10-15 14:43:14.825951	2024-10-15 14:43:14.825951	Xã Vĩnh Tiến, huyện Vĩnh Lộc	20.080209	105.601339	Thành nhà Hồ	0.00	TH237
370	2024-10-15 14:43:15.805488	2024-10-15 14:43:15.805488	Huyện Như Thanh	19.605028	105.487992	Vườn quốc gia Bến En	0.00	TH237
371	2024-10-15 14:43:16.831753	2024-10-15 14:43:16.831753	Xã Nga Thiện, huyện Nga Sơn	19.764391	105.592038	Động Từ Thức	0.00	TH237
372	2024-10-15 14:43:17.816004	2024-10-15 14:43:17.816004	Xã Xuân Lam, huyện Thọ Xuân	19.917347	105.469783	Di tích Lam Kinh	0.00	TH237
373	2024-10-15 14:43:18.835795	2024-10-15 14:43:18.835795	Thành phố Thanh Hóa	19.857996	105.763795	Khu di tích Hàm Rồng	0.00	TH237
374	2024-10-15 14:43:19.816527	2024-10-15 14:43:19.816527	Xã Thạch Lâm, huyện Thạch Thành	20.273204	105.370110	Thác Mây	0.00	TH237
375	2024-10-15 14:43:20.807645	2024-10-15 14:43:20.807645	Xã Nghi Sơn, huyện Tĩnh Gia	19.521599	105.772242	Bãi Đông	0.00	TH237
376	2024-10-15 14:43:21.923697	2024-10-15 14:43:21.923697	Thị xã Sầm Sơn	19.740989	105.914196	Hòn Trống Mái	0.00	TH237
377	2024-10-15 14:43:22.893034	2024-10-15 14:43:22.893034	Huyện Bá Thước	20.365944	105.204212	Khu du lịch Pù Luông	0.00	TH237
378	2024-10-15 14:43:23.846261	2024-10-15 14:43:23.846261	Xã Thành Vân, huyện Thạch Thành	20.058108	105.411175	Thác Voi	0.00	TH237
379	2024-10-15 14:43:24.852243	2024-10-15 14:43:24.852243	Xã Triệu Lộc, huyện Hậu Lộc	19.902932	105.718578	Đền Bà Triệu	0.00	TH237
380	2024-10-15 14:43:25.827433	2024-10-15 14:43:25.827433	Xã Xuân Lập, huyện Thọ Xuân	19.968050	105.664865	Đền thờ Lê Hoàn	0.00	TH237
381	2024-10-15 14:43:26.85184	2024-10-15 14:43:26.85184	Xã Tân Ninh, huyện Triệu Sơn	20.156116	105.473818	Chùa Am Tiên	0.00	TH237
382	2024-10-15 14:43:27.824791	2024-10-15 14:43:27.824791	Xã Xuân Cẩm, huyện Thường Xuân	20.138879	105.347655	Hồ Cửa Đạt	0.00	TH237
398	2024-10-15 14:43:44.538858	2024-10-15 14:43:44.538858	Huyện Cái Răng, thành phố Cần Thơ	10.034217	105.717280	Chợ nổi Cái Răng	0.00	CT292
399	2024-10-15 14:43:45.537168	2024-10-15 14:43:45.537168	Huyện Tam Nông, tỉnh Đồng Tháp	9.256535	105.471474	Vườn quốc gia Tràm Chim	0.00	CT292
400	2024-10-15 14:43:46.556018	2024-10-15 14:43:46.556018	Quận Ninh Kiều, thành phố Cần Thơ	10.034181	105.785012	Bến Ninh Kiều	0.00	CT292
401	2024-10-15 14:43:47.47835	2024-10-15 14:43:47.47835	Quận Bình Thủy, thành phố Cần Thơ	10.043129	105.782169	Nhà cổ Bình Thủy	0.00	CT292
402	2024-10-15 14:43:48.414965	2024-10-15 14:43:48.414965	Quận Thốt Nốt, thành phố Cần Thơ	10.028200	105.757000	Chùa Khmer Munir Ansay	0.00	CT292
403	2024-10-15 14:43:49.495777	2024-10-15 14:43:49.495777	Kết nối quận Ninh Kiều và huyện Bình Minh	10.012740	105.742470	Cầu Cần Thơ	0.00	CT292
404	2024-10-15 14:43:50.577728	2024-10-15 14:43:50.577728	Xã Mỹ Khánh, huyện Phong Điền	10.050799	105.654258	Vườn trái cây Mỹ Khánh	0.00	CT292
405	2024-10-15 14:43:51.578568	2024-10-15 14:43:51.578568	Quận Ninh Kiều, thành phố Cần Thơ	10.023769	105.787960	Chùa Phật Học	0.00	CT292
406	2024-10-15 14:43:52.627258	2024-10-15 14:43:52.627258	Quận Ninh Kiều, thành phố Cần Thơ	10.045646	105.758038	Bảo tàng Cần Thơ	0.00	CT292
407	2024-10-15 14:43:53.575979	2024-10-15 14:43:53.575979	Quận Ninh Kiều, thành phố Cần Thơ	10.036688	105.778975	Nhà hàng Hoa Sứ	0.00	CT292
408	2024-10-15 14:43:54.61699	2024-10-15 14:43:54.61699	Quận Ninh Kiều, thành phố Cần Thơ	10.047077	105.755658	Di tích lịch sử Tổ Đình Vĩnh Tràng	0.00	CT292
409	2024-10-15 14:43:55.572172	2024-10-15 14:43:55.572172	Huyện Ninh Kiều, thành phố Cần Thơ	10.033790	105.782080	Cồn Khương	0.00	CT292
410	2024-10-15 14:43:56.505308	2024-10-15 14:43:56.505308	Quận Ninh Kiều, thành phố Cần Thơ	10.033788	105.774440	Chợ Cần Thơ	0.00	CT292
411	2024-10-15 14:43:57.454551	2024-10-15 14:43:57.454551	Quận Ninh Kiều, thành phố Cần Thơ	10.037845	105.764033	Vườn du lịch Bồng Lai	0.00	CT292
412	2024-10-15 14:43:58.374753	2024-10-15 14:43:58.374753	Quận Ninh Kiều, thành phố Cần Thơ	10.038404	105.783031	Đền thờ Nguyễn Trung Trực	0.00	CT292
413	2024-10-15 14:43:59.328151	2024-10-15 14:43:59.328151	Huyện Tân Phú, tỉnh Đồng Nai	11.498158	107.445856	Vườn Quốc Gia Nam Cát Tiên	0.00	DN251
414	2024-10-15 14:44:00.310583	2024-10-15 14:44:00.310583	Xã Giang Điền, huyện Trảng Bom	10.756746	106.832792	Thác Giang Điền	0.00	DN251
415	2024-10-15 14:44:01.310256	2024-10-15 14:44:01.310256	Xã Long Khánh, thành phố Long Khánh	10.953878	106.913924	Công viên Suối Mơ	0.00	DN251
416	2024-10-15 14:44:02.247401	2024-10-15 14:44:02.247401	Xã Xuân Lộc, huyện Xuân Lộc	10.979919	106.958034	Địa đạo Long Khánh	0.00	DN251
417	2024-10-15 14:44:03.23043	2024-10-15 14:44:03.23043	Phường Bảo Vĩnh, thành phố Long Khánh	10.972057	106.908837	Chùa Bửu Quang	0.00	DN251
418	2024-10-15 14:44:04.176136	2024-10-15 14:44:04.176136	Xã Long Bình, thành phố Long Khánh	10.966135	106.868119	Trường đua Đại Nam	0.00	DN251
419	2024-10-15 14:44:05.129616	2024-10-15 14:44:05.129616	Xã Phú Vinh, thành phố Long Khánh	10.986134	106.930293	Vườn trái cây Long Khánh	0.00	DN251
420	2024-10-15 14:44:06.096385	2024-10-15 14:44:06.096385	Phường Bảo Vĩnh, thành phố Long Khánh	10.981240	106.935618	Chùa Linh Phước	0.00	DN251
421	2024-10-15 14:44:07.055186	2024-10-15 14:44:07.055186	Thành phố Long Khánh	10.963335	106.870365	Cổng chào thành phố Long Khánh	0.00	DN251
422	2024-10-15 14:44:07.985593	2024-10-15 14:44:07.985593	Huyện Định Quán, tỉnh Đồng Nai	11.392150	107.633084	Thác Ba Bể	0.00	DN251
423	2024-10-15 14:44:09.012041	2024-10-15 14:44:09.012041	Huyện Mù Cang Chải, tỉnh Yên Bái	21.415313	104.033135	Ruộng bậc thang Mù Cang Chải	0.00	YB216
424	2024-10-15 14:44:09.966887	2024-10-15 14:44:09.966887	Huyện Văn Chấn, tỉnh Yên Bái	21.648137	104.264844	Thác Bà	0.00	YB216
425	2024-10-15 14:44:10.914896	2024-10-15 14:44:10.914896	Huyện Mù Cang Chải, tỉnh Yên Bái	21.394076	104.162830	Đèo Khau Phạ	0.00	YB216
426	2024-10-15 14:44:11.936033	2024-10-15 14:44:11.936033	Thành phố Yên Bái, tỉnh Yên Bái	21.684264	104.914487	Chùa Đại Bi	0.00	YB216
427	2024-10-15 14:44:12.855483	2024-10-15 14:44:12.855483	Thành phố Yên Bái, tỉnh Yên Bái	21.727352	104.904356	Nhà thờ Yên Bái	0.00	YB216
428	2024-10-15 14:44:13.805196	2024-10-15 14:44:13.805196	Huyện Văn Chấn, tỉnh Yên Bái	21.355405	104.157037	Thung lũng Tú Lệ	0.00	YB216
429	2024-10-15 14:44:14.747117	2024-10-15 14:44:14.747117	Huyện Văn Yên, tỉnh Yên Bái	21.578425	104.875893	Cầu Đá Trắng	0.00	YB216
430	2024-10-15 14:44:15.724205	2024-10-15 14:44:15.724205	Huyện Lục Yên, tỉnh Yên Bái	21.633456	104.738994	Thác Mơ	0.00	YB216
431	2024-10-15 14:44:16.66808	2024-10-15 14:44:16.66808	Huyện Văn Yên, tỉnh Yên Bái	21.473134	104.878981	Động Dế Sầu	0.00	YB216
432	2024-10-15 14:44:17.632219	2024-10-15 14:44:17.632219	Thành phố Yên Bái, tỉnh Yên Bái	21.682853	104.853529	Chùa Hương Linh	0.00	YB216
433	2024-10-15 14:44:18.583999	2024-10-15 14:44:18.583999	Thành phố Kon Tum, tỉnh Kon Tum	14.345904	108.014842	Nhà thờ gỗ Kon Tum	0.00	KT260
434	2024-10-15 14:44:19.535455	2024-10-15 14:44:19.535455	Thành phố Kon Tum, tỉnh Kon Tum	14.346091	108.014154	Ngục Kon Tum	0.00	KT260
435	2024-10-15 14:44:20.494195	2024-10-15 14:44:20.494195	Xã Đăk Năng, thành phố Kon Tum	14.360580	108.050602	Cầu treo Kon Klor	0.00	KT260
436	2024-10-15 14:44:21.404245	2024-10-15 14:44:21.404245	Huyện Sa Thầy, tỉnh Kon Tum	14.384350	107.815237	Vườn Quốc Gia Chư Mom Ray	0.00	KT260
437	2024-10-15 14:44:22.404276	2024-10-15 14:44:22.404276	Thành phố Kon Tum, tỉnh Kon Tum	14.355817	108.025476	Chùa Khánh Lợi	0.00	KT260
438	2024-10-15 14:44:23.327573	2024-10-15 14:44:23.327573	Xã Đăk Rơ Wa, thành phố Kon Tum	14.305245	108.025031	Làng dân tộc Ba Na	0.00	KT260
439	2024-10-15 14:44:24.386631	2024-10-15 14:44:24.386631	Xã Đăk Pxi, huyện Đăk Tô	14.438657	108.020830	Thác 7 tầng	0.00	KT260
440	2024-10-15 14:44:25.342041	2024-10-15 14:44:25.342041	Thành phố Kon Tum, tỉnh Kon Tum	14.346528	108.022276	Các điểm du lịch sinh thái trên sông Đăk Bla	0.00	KT260
441	2024-10-15 14:44:26.355448	2024-10-15 14:44:26.355448	Huyện Sa Thầy, tỉnh Kon Tum	14.533471	107.900869	Thác Yaly	0.00	KT260
442	2024-10-15 14:44:27.375159	2024-10-15 14:44:27.375159	Thành phố Kon Tum, tỉnh Kon Tum	14.346528	108.022276	Bảo tàng tỉnh Kon Tum	0.00	KT260
443	2024-10-15 14:44:28.427871	2024-10-15 14:44:28.427871	Huyện Nam Đàn, tỉnh Nghệ An	19.256095	104.146694	Di tích Kim Liên	0.00	NA238
444	2024-10-15 14:44:29.535423	2024-10-15 14:44:29.535423	Thị xã Cửa Lò, tỉnh Nghệ An	18.877688	105.665823	Biển Cửa Lò	0.00	NA238
445	2024-10-15 14:44:30.8134	2024-10-15 14:44:30.8134	Huyện Quỳnh Lưu, tỉnh Nghệ An	19.295579	105.671881	Đảo Hòn Ngư	0.00	NA238
446	2024-10-15 14:44:32.101867	2024-10-15 14:44:32.101867	Huyện Con Cuông, tỉnh Nghệ An	19.291019	104.739224	Vườn Quốc Gia Pù Mát	0.00	NA238
447	2024-10-15 14:44:33.075491	2024-10-15 14:44:33.075491	Huyện Nam Đàn, tỉnh Nghệ An	19.261867	104.149164	Quê Bác	0.00	NA238
448	2024-10-15 14:44:34.08421	2024-10-15 14:44:34.08421	Huyện Nghi Lộc, tỉnh Nghệ An	19.150829	104.413722	Đền thờ vua Lê Thánh Tông	0.00	NA238
449	2024-10-15 14:44:35.056981	2024-10-15 14:44:35.056981	Huyện Nam Đàn, tỉnh Nghệ An	19.256115	104.146753	Khu di tích lịch sử quốc gia Kim Liên	0.00	NA238
450	2024-10-15 14:44:36.023136	2024-10-15 14:44:36.023136	Thị xã Cửa Lò, tỉnh Nghệ An	18.877688	105.665823	Cửa Lò	0.00	NA238
451	2024-10-15 14:44:36.973811	2024-10-15 14:44:36.973811	Thị xã Cửa Lò, tỉnh Nghệ An	18.883431	105.672586	Nhà thờ Giáo xứ Cửa Lò	0.00	NA238
452	2024-10-15 14:44:37.910808	2024-10-15 14:44:37.910808	Huyện Quỳ Hợp, tỉnh Nghệ An	19.260700	104.313600	Thác Khe Kẻ	0.00	NA238
453	2024-10-15 14:44:39.195164	2024-10-15 14:44:39.195164	Thành phố Hải Phòng	20.915273	107.093146	Vịnh Hạ Long	0.00	HP225
454	2024-10-15 14:44:40.197692	2024-10-15 14:44:40.197692	Huyện Cát Hải, Hải Phòng	20.708104	107.176982	Đảo Cát Bà	0.00	HP225
455	2024-10-15 14:44:41.135231	2024-10-15 14:44:41.135231	Quận Đồ Sơn, Hải Phòng	20.850216	106.883719	Bãi biển Đồ Sơn	0.00	HP225
456	2024-10-15 14:44:42.164798	2024-10-15 14:44:42.164798	Quận Lê Chân, Hải Phòng	20.845486	106.685634	Chùa Dư Hàng	0.00	HP225
457	2024-10-15 14:44:43.126729	2024-10-15 14:44:43.126729	Quận Lê Chân, Hải Phòng	20.864706	106.673267	Công viên An Biên	0.00	HP225
458	2024-10-15 14:44:44.110565	2024-10-15 14:44:44.110565	Huyện Cát Hải, Hải Phòng	20.718044	107.068290	Cát Bà National Park	0.00	HP225
459	2024-10-15 14:44:45.109887	2024-10-15 14:44:45.109887	Huyện Bạch Long Vỹ, Hải Phòng	20.372837	107.153903	Ngọn hải đăng Bạch Long Vỹ	0.00	HP225
460	2024-10-15 14:44:46.067103	2024-10-15 14:44:46.067103	Quận Hồng Bàng, Hải Phòng	20.865539	106.683718	Nhà thờ chính tòa Hải Phòng	0.00	HP225
461	2024-10-15 14:44:47.014136	2024-10-15 14:44:47.014136	Quận Hồng Bàng, Hải Phòng	20.846494	106.675225	Phá Tam Bạc	0.00	HP225
462	2024-10-15 14:44:48.103804	2024-10-15 14:44:48.103804	Quận Đồ Sơn, Hải Phòng	20.871027	106.883115	Đường tàu Hải Phòng - Đồ Sơn	0.00	HP225
463	2024-10-15 14:44:49.075847	2024-10-15 14:44:49.075847	Huyện Trùng Khánh, tỉnh Cao Bằng	22.212888	106.519308	Thác Bản Giốc	0.00	CB206
464	2024-10-15 14:44:50.149772	2024-10-15 14:44:50.149772	Huyện Trùng Khánh, tỉnh Cao Bằng	22.186477	106.516055	Động Ngườm Ngao	0.00	CB206
465	2024-10-15 14:44:51.11964	2024-10-15 14:44:51.11964	Huyện Hà Quảng, tỉnh Cao Bằng	22.100000	106.194444	Hang Pác Bó	0.00	CB206
466	2024-10-15 14:44:52.095726	2024-10-15 14:44:52.095726	Huyện Nguyên Bình, tỉnh Cao Bằng	22.131903	106.765881	Thác Nặm Trá	0.00	CB206
467	2024-10-15 14:44:53.053492	2024-10-15 14:44:53.053492	Huyện Bảo Lạc, tỉnh Cao Bằng	22.197142	106.634716	Chùa Cao Sơn	0.00	CB206
468	2024-10-15 14:44:54.012131	2024-10-15 14:44:54.012131	Huyện Nguyên Bình, tỉnh Cao Bằng	22.489900	105.942000	Vườn Quốc Gia Phja Oắc	0.00	CB206
469	2024-10-15 14:44:54.958305	2024-10-15 14:44:54.958305	Huyện Hạ Lang, tỉnh Cao Bằng	22.239940	106.709223	Đền thờ Nữ tướng Lê Chân	0.00	CB206
470	2024-10-15 14:44:55.989506	2024-10-15 14:44:55.989506	Huyện Hà Quảng, tỉnh Cao Bằng	22.099862	106.190133	Khu di tích lịch sử Pác Bó	0.00	CB206
471	2024-10-15 14:44:57.012533	2024-10-15 14:44:57.012533	Huyện Trùng Khánh, tỉnh Cao Bằng	22.226300	106.690000	Đèo Mã Phục	0.00	CB206
472	2024-10-15 14:44:57.973334	2024-10-15 14:44:57.973334	Huyện Quảng Uyên, tỉnh Cao Bằng	22.158700	106.582400	Thác Rồng	0.00	CB206
473	2024-10-15 14:46:47.067771	2024-10-15 14:46:47.067771	Huyện Krông Nô, tỉnh Đắk Nông	12.634470	107.475790	Thác Dray Sap	0.00	DN261
474	2024-10-15 14:46:48.868382	2024-10-15 14:46:48.868382	Huyện Đắk Mil, tỉnh Đắk Nông	12.698192	107.500691	Thác Đắk N'Drót	0.00	DN261
475	2024-10-15 14:46:50.332261	2024-10-15 14:46:50.332261	Huyện Đắk R'lấp, tỉnh Đắk Nông	12.603879	107.673420	Đảo nổi trên hồ Trúc Sài	0.00	DN261
476	2024-10-15 14:46:51.884528	2024-10-15 14:46:51.884528	Huyện Đắk Glong, tỉnh Đắk Nông	12.093792	107.636473	Vườn Quốc Gia Tà Đùng	0.00	DN261
477	2024-10-15 14:46:53.479392	2024-10-15 14:46:53.479392	Thành phố Gia Nghĩa, tỉnh Đắk Nông	12.673092	107.552710	Công viên Đắk Nông	0.00	DN261
478	2024-10-15 14:46:54.873781	2024-10-15 14:46:54.873781	Huyện Đắk Song, tỉnh Đắk Nông	12.485331	107.792707	Thác Liêng Nung	0.00	DN261
479	2024-10-15 14:46:55.894984	2024-10-15 14:46:55.894984	Huyện Đắk R'lấp, tỉnh Đắk Nông	12.654244	107.508959	Nhà thờ giáo xứ Kiến Đức	0.00	DN261
480	2024-10-15 14:46:56.918719	2024-10-15 14:46:56.918719	Thành phố Gia Nghĩa, tỉnh Đắk Nông	12.682329	107.655782	Chùa Phổ Minh	0.00	DN261
481	2024-10-15 14:46:57.942715	2024-10-15 14:46:57.942715	Huyện Đắk R'lấp, tỉnh Đắk Nông	12.589836	107.663360	Hồ Trúc Sài	0.00	DN261
482	2024-10-15 14:46:59.007526	2024-10-15 14:46:59.007526	Huyện Đắk Mil, tỉnh Đắk Nông	12.609226	107.689853	Di tích lịch sử Đắk Nông	0.00	DN261
483	2024-10-15 14:47:00.0195	2024-10-15 14:47:00.0195	Thành phố Bạc Liêu, tỉnh Bạc Liêu	9.293328	105.759965	Nhà công tử Bạc Liêu	0.00	BL291
484	2024-10-15 14:47:00.967569	2024-10-15 14:47:00.967569	Thành phố Bạc Liêu, tỉnh Bạc Liêu	9.289557	105.754282	Chùa Hưng Nghĩa	0.00	BL291
485	2024-10-15 14:47:01.983547	2024-10-15 14:47:01.983547	Huyện Hòa Bình, tỉnh Bạc Liêu	9.297108	105.795892	Vườn chim Bạc Liêu	0.00	BL291
486	2024-10-15 14:47:03.09722	2024-10-15 14:47:03.09722	Huyện Bạc Liêu, tỉnh Bạc Liêu	9.272188	105.635417	Nhà thờ Tắc Sậy	0.00	BL291
487	2024-10-15 14:47:04.103162	2024-10-15 14:47:04.103162	Thành phố Bạc Liêu, tỉnh Bạc Liêu	9.290158	105.774550	Công viên Bạc Liêu	0.00	BL291
488	2024-10-15 14:47:05.209703	2024-10-15 14:47:05.209703	Huyện Bạc Liêu, tỉnh Bạc Liêu	9.210146	105.661083	Biển Bạc Liêu	0.00	BL291
489	2024-10-15 14:47:06.253141	2024-10-15 14:47:06.253141	Huyện Bạc Liêu, tỉnh Bạc Liêu	9.292079	105.769623	Chùa Xiêm Cán	0.00	BL291
490	2024-10-15 14:47:07.307359	2024-10-15 14:47:07.307359	Thành phố Bạc Liêu, tỉnh Bạc Liêu	9.293441	105.761052	Nhà thờ chính tòa Bạc Liêu	0.00	BL291
491	2024-10-15 14:47:08.289245	2024-10-15 14:47:08.289245	Thành phố Bạc Liêu, tỉnh Bạc Liêu	9.289709	105.763773	Di tích lịch sử Bạc Liêu	0.00	BL291
492	2024-10-15 14:47:09.247297	2024-10-15 14:47:09.247297	Huyện Bạc Liêu, tỉnh Bạc Liêu	9.292910	105.766150	Chợ nổi Bạc Liêu	0.00	BL291
493	2024-10-15 14:47:10.255109	2024-10-15 14:47:10.255109	Thành phố Đà Lạt, tỉnh Lâm Đồng	11.942246	108.455135	Hồ Xuân Hương	0.00	LD263
494	2024-10-15 14:47:11.274292	2024-10-15 14:47:11.274292	Thành phố Đà Lạt, tỉnh Lâm Đồng	11.943256	108.426524	Thác Datanla	0.00	LD263
495	2024-10-15 14:47:12.231545	2024-10-15 14:47:12.231545	Thành phố Đà Lạt, tỉnh Lâm Đồng	11.946051	108.443959	Nhà thờ Con Gà	0.00	LD263
496	2024-10-15 14:47:13.161357	2024-10-15 14:47:13.161357	Thành phố Đà Lạt, tỉnh Lâm Đồng	11.942710	108.445797	Vườn hoa Đà Lạt	0.00	LD263
497	2024-10-15 14:47:14.326954	2024-10-15 14:47:14.326954	Thành phố Đà Lạt, tỉnh Lâm Đồng	11.922810	108.467951	Trại Mát	0.00	LD263
498	2024-10-15 14:47:15.354463	2024-10-15 14:47:15.354463	Thành phố Đà Lạt, tỉnh Lâm Đồng	11.935557	108.445748	Thiền viện Trúc Lâm	0.00	LD263
499	2024-10-15 14:47:16.374638	2024-10-15 14:47:16.374638	Thành phố Đà Lạt, tỉnh Lâm Đồng	11.946066	108.465760	Cáp treo Đà Lạt	0.00	LD263
500	2024-10-15 14:47:17.402214	2024-10-15 14:47:17.402214	Thành phố Đà Lạt, tỉnh Lâm Đồng	11.938444	108.487679	Chùa Linh Phước	0.00	LD263
501	2024-10-15 14:47:18.422668	2024-10-15 14:47:18.422668	Thành phố Đà Lạt, tỉnh Lâm Đồng	11.956389	108.446490	Thung lũng Tình Yêu	0.00	LD263
502	2024-10-15 14:47:19.363166	2024-10-15 14:47:19.363166	Huyện Xuân Trường, tỉnh Lâm Đồng	11.878500	108.388583	Đồi chè Cầu Đất	0.00	LD263
513	2024-10-15 14:47:31.017716	2024-10-15 14:47:31.017716	Thành phố Huế, tỉnh Thừa Thiên Huế	16.463473	107.590515	Đại Nội Huế	0.00	TTH234
514	2024-10-15 14:47:32.185706	2024-10-15 14:47:32.185706	Thành phố Huế, tỉnh Thừa Thiên Huế	16.453074	107.575481	Chùa Thiên Mụ	0.00	TTH234
515	2024-10-15 14:47:33.129885	2024-10-15 14:47:33.129885	Thành phố Huế, tỉnh Thừa Thiên Huế	16.463600	107.593151	Ngọ Môn	0.00	TTH234
516	2024-10-15 14:47:34.046595	2024-10-15 14:47:34.046595	Thành phố Huế, tỉnh Thừa Thiên Huế	16.469722	107.566389	Thủy Biều	0.00	TTH234
517	2024-10-15 14:47:35.014145	2024-10-15 14:47:35.014145	Thị xã Hương Thủy, tỉnh Thừa Thiên Huế	16.476154	107.560885	Lăng Khải Định	0.00	TTH234
518	2024-10-15 14:47:36.061751	2024-10-15 14:47:36.061751	Thành phố Huế, tỉnh Thừa Thiên Huế	16.461272	107.575890	Lăng Tự Đức	0.00	TTH234
519	2024-10-15 14:47:37.161734	2024-10-15 14:47:37.161734	Thành phố Huế, tỉnh Thừa Thiên Huế	16.466750	107.589250	Hồ Tịnh Tâm	0.00	TTH234
520	2024-10-15 14:47:38.124341	2024-10-15 14:47:38.124341	Thành phố Huế, tỉnh Thừa Thiên Huế	16.440000	107.560000	Đồi Vọng Cảnh	0.00	TTH234
521	2024-10-15 14:47:39.061521	2024-10-15 14:47:39.061521	Thành phố Huế, tỉnh Thừa Thiên Huế	16.463778	107.577429	Cầu Tràng Tiền	0.00	TTH234
522	2024-10-15 14:47:40.145011	2024-10-15 14:47:40.145011	Thành phố Huế, tỉnh Thừa Thiên Huế	16.462048	107.592964	Nhà thờ Phú Cam	0.00	TTH234
523	2024-10-15 14:47:41.244346	2024-10-15 14:47:41.244346	Huyện Tam Nông, tỉnh Đồng Tháp	10.271407	105.670479	Đồng Tháp Mười	0.00	DT277
524	2024-10-15 14:47:42.204163	2024-10-15 14:47:42.204163	Huyện Tam Nông, tỉnh Đồng Tháp	10.394405	105.676417	Vườn quốc gia Tràm Chim	0.00	DT277
525	2024-10-15 14:47:43.201677	2024-10-15 14:47:43.201677	Thành phố Cao Lãnh, tỉnh Đồng Tháp	10.274872	105.577116	Chùa Kiến An Cung	0.00	DT277
526	2024-10-15 14:47:44.14808	2024-10-15 14:47:44.14808	Thành phố Sa Đéc, tỉnh Đồng Tháp	10.364102	105.550850	Nhà cổ Huỳnh Thủy Lê	0.00	DT277
527	2024-10-15 14:47:45.086135	2024-10-15 14:47:45.086135	Huyện Tháp Mười, tỉnh Đồng Tháp	10.284303	105.583118	Khu di tích Gò Tháp	0.00	DT277
528	2024-10-15 14:47:46.081992	2024-10-15 14:47:46.081992	Thành phố Sa Đéc, tỉnh Đồng Tháp	10.366832	105.551730	Vườn sinh thái Làng Tân Quy Đông	0.00	DT277
529	2024-10-15 14:47:47.021608	2024-10-15 14:47:47.021608	Thành phố Sa Đéc, tỉnh Đồng Tháp	10.356940	105.558950	Hồ sen Sa Đéc	0.00	DT277
530	2024-10-15 14:47:48.018789	2024-10-15 14:47:48.018789	Huyện Cao Lãnh, tỉnh Đồng Tháp	10.230037	105.576700	Cù lao Tân Phong	0.00	DT277
531	2024-10-15 14:47:49.081624	2024-10-15 14:47:49.081624	Huyện Thanh Bình, tỉnh Đồng Tháp	10.245000	105.572200	Chùa Phước Kiến	0.00	DT277
533	2024-10-15 14:47:51.155402	2024-10-15 14:47:51.155402	Thành phố Tân An, tỉnh Long An	10.568507	106.465663	Chợ Bình Tân	0.00	LA272
534	2024-10-15 14:47:52.081919	2024-10-15 14:47:52.081919	Huyện Tân Hưng, tỉnh Long An	10.510000	106.200000	Vườn quốc gia Lò Gò - Xa Mát	0.00	LA272
535	2024-10-15 14:47:53.021812	2024-10-15 14:47:53.021812	Thành phố Tân An, tỉnh Long An	10.558200	106.351100	Địa đạo Lợi Bình Nhơn	0.00	LA272
536	2024-10-15 14:47:54.071504	2024-10-15 14:47:54.071504	Thành phố Tân An, tỉnh Long An	10.543189	106.355635	Nhà thờ Tân An	0.00	LA272
537	2024-10-15 14:47:55.183983	2024-10-15 14:47:55.183983	Thành phố Tân An, tỉnh Long An	10.545500	106.368700	Công viên Bảo Tàng Long An	0.00	LA272
538	2024-10-15 14:47:56.121774	2024-10-15 14:47:56.121774	Huyện Bến Lức, tỉnh Long An	10.601000	106.424000	Khu du lịch sinh thái Phước Lợi	0.00	LA272
539	2024-10-15 14:47:57.061869	2024-10-15 14:47:57.061869	Thành phố Tân An, tỉnh Long An	10.540000	106.370000	Cảng Quốc Tế Long An	0.00	LA272
540	2024-10-15 14:47:58.031575	2024-10-15 14:47:58.031575	Huyện Bến Lức, tỉnh Long An	10.552950	106.357730	Chùa Lạc Thiên	0.00	LA272
541	2024-10-15 14:47:59.074729	2024-10-15 14:47:59.074729	Huyện Thủ Thừa, tỉnh Long An	10.410000	106.370000	Cánh đồng quạt gió	0.00	LA272
542	2024-10-15 14:48:00.21193	2024-10-15 14:48:00.21193	Huyện Cần Giuộc, tỉnh Long An	10.428700	106.470000	Rạch Huyện	0.00	LA272
543	2024-10-15 14:48:01.247537	2024-10-15 14:48:01.247537	Huyện Sa Pa, tỉnh Lào Cai	22.321110	104.333268	Sa Pa	0.00	LC214
544	2024-10-15 14:48:02.198916	2024-10-15 14:48:02.198916	Huyện Sa Pa, tỉnh Lào Cai	22.258280	103.144497	Fansipan	0.00	LC214
545	2024-10-15 14:48:03.419027	2024-10-15 14:48:03.419027	Huyện Sa Pa, tỉnh Lào Cai	22.313057	104.286644	Thung lũng Mường Hoa	0.00	LC214
546	2024-10-15 14:48:04.410155	2024-10-15 14:48:04.410155	Huyện Sa Pa, tỉnh Lào Cai	22.326388	104.334017	Chợ tình Sa Pa	0.00	LC214
547	2024-10-15 14:48:05.490901	2024-10-15 14:48:05.491906	Huyện Sa Pa, tỉnh Lào Cai	22.320598	104.318351	Cát Cát Village	0.00	LC214
548	2024-10-15 14:48:06.451376	2024-10-15 14:48:06.451376	Huyện Sa Pa, tỉnh Lào Cai	22.258850	104.296569	Trạm Tôn	0.00	LC214
549	2024-10-15 14:48:07.391092	2024-10-15 14:48:07.391092	Huyện Sa Pa, tỉnh Lào Cai	22.327825	104.323454	Hồ Sapa	0.00	LC214
550	2024-10-15 14:48:08.331522	2024-10-15 14:48:08.331522	Huyện Sa Pa, tỉnh Lào Cai	22.320216	104.240969	Làng Tả Van	0.00	LC214
551	2024-10-15 14:48:09.292119	2024-10-15 14:48:09.292119	Huyện Sa Pa, tỉnh Lào Cai	22.325650	104.339167	Thác Bạc	0.00	LC214
552	2024-10-15 14:48:10.265321	2024-10-15 14:48:10.265321	Huyện Sa Pa, tỉnh Lào Cai	22.260397	103.143751	Cable Car Fansipan	0.00	LC214
553	2024-10-15 14:48:11.259602	2024-10-15 14:48:11.259602	Thành phố Nha Trang, tỉnh Khánh Hòa	12.240529	109.196793	Bãi biển Nha Trang	0.00	KH258
554	2024-10-15 14:48:12.233148	2024-10-15 14:48:12.233148	Đảo Hòn Tre, Nha Trang, tỉnh Khánh Hòa	12.222065	109.205966	Vinpearl Land	0.00	KH258
555	2024-10-15 14:48:13.336992	2024-10-15 14:48:13.336992	Thành phố Nha Trang, tỉnh Khánh Hòa	12.246374	109.195446	Tháp Bà Ponagar	0.00	KH258
556	2024-10-15 14:48:14.29832	2024-10-15 14:48:14.29832	Thành phố Nha Trang, tỉnh Khánh Hòa	12.250093	109.196878	Chùa Long Sơn	0.00	KH258
557	2024-10-15 14:48:15.23661	2024-10-15 14:48:15.23661	Thành phố Nha Trang, tỉnh Khánh Hòa	12.259410	109.232158	Hòn Chồng	0.00	KH258
558	2024-10-15 14:48:16.189215	2024-10-15 14:48:16.189215	Huyện Vạn Ninh, tỉnh Khánh Hòa	12.227992	109.200023	Đảo Khỉ	0.00	KH258
559	2024-10-15 14:48:17.111433	2024-10-15 14:48:17.111433	Thành phố Nha Trang, tỉnh Khánh Hòa	12.245626	109.195254	Biển Trần Phú	0.00	KH258
560	2024-10-15 14:48:18.059367	2024-10-15 14:48:18.059367	Thành phố Nha Trang, tỉnh Khánh Hòa	12.238270	109.198060	Chợ Đầm	0.00	KH258
561	2024-10-15 14:48:19.061253	2024-10-15 14:48:19.061253	Huyện Vĩnh Nguyên, tỉnh Khánh Hòa	12.293405	109.279735	Thủy cung Trí Nguyên	0.00	KH258
562	2024-10-15 14:48:20.0113	2024-10-15 14:48:20.0113	Thành phố Cam Ranh, tỉnh Khánh Hòa	11.971895	109.203154	Khu du lịch Bắc bán đảo Cam Ranh	0.00	KH258
563	2024-10-15 14:48:20.953873	2024-10-15 14:48:20.953873	Thành phố Pleiku, tỉnh Gia Lai	13.960800	108.117900	Biển Hồ	0.00	GL269
564	2024-10-15 14:48:21.951192	2024-10-15 14:48:21.951192	Thành phố Pleiku, tỉnh Gia Lai	13.969420	108.008890	Chùa Minh Thành	0.00	GL269
565	2024-10-15 14:48:22.902349	2024-10-15 14:48:22.902349	Huyện Chư Pah, tỉnh Gia Lai	14.005430	108.095640	Thác Phú Cường	0.00	GL269
566	2024-10-15 14:48:23.853419	2024-10-15 14:48:23.853419	Thành phố Pleiku, tỉnh Gia Lai	13.912136	108.008350	Nhà thờ Tổ	0.00	GL269
567	2024-10-15 14:48:24.88251	2024-10-15 14:48:24.88251	Thành phố Pleiku, tỉnh Gia Lai	13.953740	108.007540	Công viên Diên Hồng	0.00	GL269
568	2024-10-15 14:48:25.920514	2024-10-15 14:48:25.920514	Huyện Ia Grai, tỉnh Gia Lai	13.510264	108.169436	Nhà máy thủy điện Ia Ly	0.00	GL269
569	2024-10-15 14:48:27.029297	2024-10-15 14:48:27.029297	Huyện Chư Pah, tỉnh Gia Lai	13.943034	108.086124	Thác K50	0.00	GL269
570	2024-10-15 14:48:28.156389	2024-10-15 14:48:28.156389	Thành phố Pleiku, tỉnh Gia Lai	13.908882	108.004134	Nhà Rông	0.00	GL269
571	2024-10-15 14:48:29.28279	2024-10-15 14:48:29.28279	Huyện Ayun Pa, tỉnh Gia Lai	13.759850	108.155051	Hồ Ayun Hạ	0.00	GL269
572	2024-10-15 14:48:30.510498	2024-10-15 14:48:30.510498	Huyện Kon Plong, tỉnh Gia Lai	14.035146	108.219209	Khu du lịch sinh thái Măng Đen	0.00	GL269
573	2024-10-15 14:48:31.760585	2024-10-15 14:48:31.760585	Huyện Cẩm Xuyên, tỉnh Hà Tĩnh	18.292850	105.691689	Biển Thiên Cầm	0.00	HT239
574	2024-10-15 14:48:32.832241	2024-10-15 14:48:32.832241	Huyện Can Lộc, tỉnh Hà Tĩnh	18.298158	105.613467	Ngã ba Đồng Lộc	0.00	HT239
575	2024-10-15 14:48:33.831601	2024-10-15 14:48:33.831601	Huyện Can Lộc, tỉnh Hà Tĩnh	18.165000	105.695000	Chùa Hương Tích	0.00	HT239
576	2024-10-15 14:48:34.790179	2024-10-15 14:48:34.790179	Huyện Can Lộc, tỉnh Hà Tĩnh	18.155000	105.688000	Thác Hương Tích	0.00	HT239
577	2024-10-15 14:48:35.80397	2024-10-15 14:48:35.80397	Huyện Quảng Trạch, tỉnh Hà Tĩnh	18.285000	105.602000	Đèo Ngang	0.00	HT239
578	2024-10-15 14:48:36.799173	2024-10-15 14:48:36.799173	Huyện Lộc Hà, tỉnh Hà Tĩnh	18.423689	105.908200	Nhà thờ giáo xứ Phú Nhuận	0.00	HT239
579	2024-10-15 14:48:37.74841	2024-10-15 14:48:37.74841	Huyện Vũ Quang, tỉnh Hà Tĩnh	18.635700	105.280600	Vườn quốc gia Vũ Quang	0.00	HT239
580	2024-10-15 14:48:38.751232	2024-10-15 14:48:38.751232	Huyện Kỳ Anh, tỉnh Hà Tĩnh	18.382000	105.610000	Cồn Bến Nghé	0.00	HT239
581	2024-10-15 14:48:39.651427	2024-10-15 14:48:39.651427	Huyện Kỳ Anh, tỉnh Hà Tĩnh	18.407000	105.617000	Đền Chợ Huyện	0.00	HT239
582	2024-10-15 14:48:40.581196	2024-10-15 14:48:40.581196	Huyện Kỳ Anh, tỉnh Hà Tĩnh	18.405000	105.614000	Cảng Vũng Áng	0.00	HT239
583	2024-10-15 14:48:41.580907	2024-10-15 14:48:41.580907	Thành phố Thái Nguyên, tỉnh Thái Nguyên	21.585000	105.933000	Chùa Tư Phúc	0.00	TN208
584	2024-10-15 14:48:42.508284	2024-10-15 14:48:42.508284	Huyện Tam Dương, tỉnh Vĩnh Phúc	21.290000	105.489000	Vườn quốc gia Tam Đảo	0.00	TN208
585	2024-10-15 14:48:43.470421	2024-10-15 14:48:43.470421	Thành phố Thái Nguyên, tỉnh Thái Nguyên	21.580000	105.824000	Nhà máy gạch Thái Nguyên	0.00	TN208
586	2024-10-15 14:48:44.442311	2024-10-15 14:48:44.442311	Huyện Tân Cương, tỉnh Thái Nguyên	21.529000	105.836000	Đồi chè Tân Cương	0.00	TN208
587	2024-10-15 14:48:45.42776	2024-10-15 14:48:45.42776	Thành phố Thái Nguyên, tỉnh Thái Nguyên	21.591300	105.847000	Đền Đồng Bẩm	0.00	TN208
588	2024-10-15 14:48:46.560818	2024-10-15 14:48:46.560818	Huyện Đại Từ, tỉnh Thái Nguyên	21.553200	105.829000	Khu du lịch Hồ Núi Cốc	0.00	TN208
589	2024-10-15 14:48:47.714179	2024-10-15 14:48:47.714179	Thành phố Thái Nguyên, tỉnh Thái Nguyên	21.593000	105.827000	Trường Đại học Thái Nguyên	0.00	TN208
590	2024-10-15 14:48:48.632723	2024-10-15 14:48:48.632723	Huyện Bá Thước, tỉnh Thanh Hóa	20.533000	104.612000	Vườn Quốc gia Phu Luông	0.00	TN208
591	2024-10-15 14:48:49.561651	2024-10-15 14:48:49.561651	Thành phố Thái Nguyên, tỉnh Thái Nguyên	21.592000	105.830000	Công viên Văn hóa Thái Nguyên	0.00	TN208
592	2024-10-15 14:48:50.540742	2024-10-15 14:48:50.540742	Huyện Phú Lương, tỉnh Thái Nguyên	21.585000	105.860000	Đỉnh Phú Sĩ	0.00	TN208
593	2024-10-15 14:48:51.484224	2024-10-15 14:48:51.484224	Huyện Phù Ninh, tỉnh Phú Thọ	21.370000	105.225000	Đền Hùng	0.00	PT210
594	2024-10-15 14:48:52.431111	2024-10-15 14:48:52.431111	Huyện Hùng Vương, tỉnh Phú Thọ	21.330000	105.200000	Thành cổ Hùng Vương	0.00	PT210
595	2024-10-15 14:48:53.395628	2024-10-15 14:48:53.395628	Huyện Hùng Vương, tỉnh Phú Thọ	21.340000	105.228000	Hồ Hùng	0.00	PT210
596	2024-10-15 14:48:54.347523	2024-10-15 14:48:54.347523	Huyện Phù Ninh, tỉnh Phú Thọ	21.366000	105.243000	Đền thờ Lạc Long Quân	0.00	PT210
597	2024-10-15 14:48:55.37106	2024-10-15 14:48:55.37106	Huyện Phù Ninh, tỉnh Phú Thọ	21.365000	105.223000	Đền thờ Âu Cơ	0.00	PT210
598	2024-10-15 14:48:56.327577	2024-10-15 14:48:56.327577	Huyện Tân Sơn, tỉnh Phú Thọ	21.283000	105.268000	Vườn Quốc gia Xuân Sơn	0.00	PT210
599	2024-10-15 14:48:57.300879	2024-10-15 14:48:57.300879	Huyện Phù Ninh, tỉnh Phú Thọ	21.370000	105.227000	Cầu Phú Thọ	0.00	PT210
600	2024-10-15 14:48:58.272836	2024-10-15 14:48:58.272836	Huyện Phù Ninh, tỉnh Phú Thọ	21.360000	105.230000	Quần thể di tích Đền Hùng	0.00	PT210
601	2024-10-15 14:48:59.231964	2024-10-15 14:48:59.231964	Huyện Phù Ninh, tỉnh Phú Thọ	21.365000	105.220000	Công viên Đền Hùng	0.00	PT210
602	2024-10-15 14:49:00.210793	2024-10-15 14:49:00.210793	Huyện Phù Ninh, tỉnh Phú Thọ	21.360000	105.220000	Các mỏ đá Phú Thọ	0.00	PT210
603	2024-10-15 14:51:20.662983	2024-10-15 14:51:20.662983	Huyện Ba Bể, tỉnh Bắc Kạn	22.197182	105.560453	Hồ Ba Bể	0.00	BK209
604	2024-10-15 14:51:21.936027	2024-10-15 14:51:21.936027	Huyện Ba Bể, tỉnh Bắc Kạn	22.267400	105.566310	Động Hua Mạ	0.00	BK209
605	2024-10-15 14:51:23.363105	2024-10-15 14:51:23.363105	Huyện Ba Bể, tỉnh Bắc Kạn	22.205840	105.553450	Thác Đầu Đẳng	0.00	BK209
606	2024-10-15 14:51:25.442901	2024-10-15 14:51:25.442901	Huyện Ba Bể, tỉnh Bắc Kạn	22.188209	105.588340	Vườn quốc gia Ba Bể	0.00	BK209
607	2024-10-15 14:51:28.326994	2024-10-15 14:51:28.326994	Huyện Ba Bể, tỉnh Bắc Kạn	22.213680	105.572600	Chùa Bà Bể	0.00	BK209
608	2024-10-15 14:51:29.596352	2024-10-15 14:51:29.596352	Huyện Ba Bể, tỉnh Bắc Kạn	22.267600	105.548600	Cao nguyên Bắc Kạn	0.00	BK209
609	2024-10-15 14:51:30.936418	2024-10-15 14:51:30.936418	Huyện Ba Bể, tỉnh Bắc Kạn	22.188800	105.555900	Làng dân tộc Tày	0.00	BK209
610	2024-10-15 14:51:31.998598	2024-10-15 14:51:31.998598	Huyện Ba Bể, tỉnh Bắc Kạn	22.230020	105.578930	Đảo An Mã	0.00	BK209
611	2024-10-15 14:51:32.990809	2024-10-15 14:51:32.990809	Huyện Ba Bể, tỉnh Bắc Kạn	22.197182	105.560453	Khu du lịch Hồ Ba Bể	0.00	BK209
612	2024-10-15 14:51:34.008283	2024-10-15 14:51:34.008283	Huyện Ba Bể, tỉnh Bắc Kạn	22.195620	105.566280	Bến Hồ Ba Bể	0.00	BK209
613	2024-10-15 14:51:35.046514	2024-10-15 14:51:35.046514	Huyện Trà Cú, tỉnh Trà Vinh	9.660000	106.327000	Bãi biển Ba Động	0.00	TV294
614	2024-10-15 14:51:36.008695	2024-10-15 14:51:36.008695	Huyện Cầu Ngang, tỉnh Trà Vinh	9.888000	106.338000	Chùa Hang	0.00	TV294
615	2024-10-15 14:51:36.958592	2024-10-15 14:51:36.958592	Huyện Duyên Hải, tỉnh Trà Vinh	9.745000	106.358000	Cù Lao Bông Bảng	0.00	TV294
616	2024-10-15 14:51:37.911706	2024-10-15 14:51:37.911706	Thành phố Trà Vinh, tỉnh Trà Vinh	9.949000	106.330000	Chùa Ông	0.00	TV294
617	2024-10-15 14:51:38.866554	2024-10-15 14:51:38.866554	Thành phố Trà Vinh, tỉnh Trà Vinh	9.924000	106.300000	Chợ nổi Trà Vinh	0.00	TV294
618	2024-10-15 14:51:39.808682	2024-10-15 14:51:39.808682	Huyện Duyên Hải, tỉnh Trà Vinh	9.530000	106.318000	Khu du lịch sinh thái Cồn Phụng	0.00	TV294
619	2024-10-15 14:51:40.718831	2024-10-15 14:51:40.718831	Huyện Tiểu Cần, tỉnh Trà Vinh	9.650000	106.420000	Bãi biển Long Hòa	0.00	TV294
620	2024-10-15 14:51:41.683769	2024-10-15 14:51:41.683769	Thành phố Trà Vinh, tỉnh Trà Vinh	9.915000	106.307000	Di tích lịch sử văn hóa	0.00	TV294
621	2024-10-15 14:51:42.608481	2024-10-15 14:51:42.608481	Huyện Trà Cú, tỉnh Trà Vinh	9.920000	106.310000	Khu du lịch Văn hóa Hòa Tâm	0.00	TV294
622	2024-10-15 14:51:43.646653	2024-10-15 14:51:43.646653	Huyện Cầu Ngang, tỉnh Trà Vinh	9.930000	106.310000	Chùa Vàm Rây	0.00	TV294
623	2024-10-15 14:51:44.68222	2024-10-15 14:51:44.68222	Thành phố Lạng Sơn, tỉnh Lạng Sơn	21.835000	106.999000	Động Nhị Thanh	0.00	LS205
624	2024-10-15 14:51:45.604863	2024-10-15 14:51:45.604863	Thành phố Lạng Sơn, tỉnh Lạng Sơn	21.831000	106.992000	Chùa Tam Thanh	0.00	LS205
625	2024-10-15 14:51:46.583143	2024-10-15 14:51:46.583143	Thành phố Lạng Sơn, tỉnh Lạng Sơn	21.853000	107.003000	Thành Nhà Mạc	0.00	LS205
626	2024-10-15 14:51:47.625379	2024-10-15 14:51:47.625379	Huyện Bắc Sơn, tỉnh Lạng Sơn	21.868000	106.826000	Động Bắc Sơn	0.00	LS205
627	2024-10-15 14:51:48.568705	2024-10-15 14:51:48.568705	Huyện Lạng Giang, tỉnh Lạng Sơn	21.870000	107.004000	Nhà thờ Kép	0.00	LS205
628	2024-10-15 14:51:49.549906	2024-10-15 14:51:49.549906	Huyện Bắc Sơn, tỉnh Lạng Sơn	21.860000	106.800000	Tam Giác Mạch	0.00	LS205
629	2024-10-15 14:51:50.467935	2024-10-15 14:51:50.467935	Thành phố Lạng Sơn, tỉnh Lạng Sơn	21.835000	106.988000	Chợ Đông Kinh	0.00	LS205
630	2024-10-15 14:51:51.360241	2024-10-15 14:51:51.360241	Thành phố Lạng Sơn, tỉnh Lạng Sơn	21.813000	107.005000	Cột mốc 108	0.00	LS205
631	2024-10-15 14:51:52.336175	2024-10-15 14:51:52.336175	Huyện Lộc Bình, tỉnh Lạng Sơn	21.825000	106.887000	Đỉnh núi Mẫu Sơn	0.00	LS205
632	2024-10-15 14:51:53.290196	2024-10-15 14:51:53.290196	Huyện Lộc Bình, tỉnh Lạng Sơn	21.818000	106.893000	Đền Mẫu Sơn	0.00	LS205
633	2024-10-15 14:51:54.302551	2024-10-15 14:51:54.302551	Thành phố Lai Châu, tỉnh Lai Châu	22.346500	103.668500	Hồ Lai Châu	0.00	LC213
634	2024-10-15 14:51:55.305819	2024-10-15 14:51:55.305819	Huyện Tam Đường, tỉnh Lai Châu	22.327000	103.601000	Đèo Ô Quy Hồ	0.00	LC213
635	2024-10-15 14:51:56.370257	2024-10-15 14:51:56.370257	Huyện Tam Đường, tỉnh Lai Châu	22.338000	103.713000	Thác Tình Yêu	0.00	LC213
636	2024-10-15 14:51:57.312887	2024-10-15 14:51:57.312887	Huyện Phong Thổ, tỉnh Lai Châu	22.319000	103.724000	Vườn quốc gia Hoàng Liên	0.00	LC213
637	2024-10-15 14:51:58.29326	2024-10-15 14:51:58.29326	Huyện Lai Châu, tỉnh Lai Châu	22.333000	103.688000	Đền Mẫu	0.00	LC213
638	2024-10-15 14:51:59.301639	2024-10-15 14:51:59.301639	Huyện Sa Pa, tỉnh Lai Châu	22.258280	103.144497	Đỉnh Fansipan	0.00	LC213
639	2024-10-15 14:52:00.311266	2024-10-15 14:52:00.311266	Thành phố Lai Châu, tỉnh Lai Châu	22.346500	103.668500	Thành phố Lai Châu	0.00	LC213
640	2024-10-15 14:52:01.347383	2024-10-15 14:52:01.347383	Huyện Tam Đường, tỉnh Lai Châu	22.340000	103.650000	Làng người Thái	0.00	LC213
641	2024-10-15 14:52:02.281478	2024-10-15 14:52:02.281478	Thành phố Lai Châu, tỉnh Lai Châu	22.354000	103.660000	Khu du lịch sinh thái Lai Châu	0.00	LC213
642	2024-10-15 14:52:03.229047	2024-10-15 14:52:03.229047	Huyện Tam Đường, tỉnh Lai Châu	22.330000	103.670000	Các bản làng dân tộc	0.00	LC213
643	2024-10-15 14:52:04.240993	2024-10-15 14:52:04.240993	Huyện Na Hang, tỉnh Tuyên Quang	21.834500	105.151300	Thác Mơ	0.00	TQ207
644	2024-10-15 14:52:05.239974	2024-10-15 14:52:05.239974	Huyện Na Hang, tỉnh Tuyên Quang	21.892000	105.154000	Hồ Na Hang	0.00	TQ207
645	2024-10-15 14:52:06.26685	2024-10-15 14:52:06.26685	Huyện Tuyên Quang, tỉnh Tuyên Quang	21.829800	105.181200	Đền Thượng	0.00	TQ207
646	2024-10-15 14:52:07.188541	2024-10-15 14:52:07.188541	Huyện Sơn Dương, tỉnh Tuyên Quang	21.737200	105.392700	Công viên Tân Trào	0.00	TQ207
647	2024-10-15 14:52:08.17175	2024-10-15 14:52:08.17175	Huyện Sơn Dương, tỉnh Tuyên Quang	21.737600	105.392900	Di tích Quốc gia đặc biệt Tân Trào	0.00	TQ207
648	2024-10-15 14:52:09.175962	2024-10-15 14:52:09.175962	Huyện Chiêm Hóa, tỉnh Tuyên Quang	21.707200	105.385300	Hang Đuổm	0.00	TQ207
649	2024-10-15 14:52:10.18966	2024-10-15 14:52:10.18966	Huyện Tuyên Quang, tỉnh Tuyên Quang	21.790600	105.164300	Chùa Phú Cường	0.00	TQ207
650	2024-10-15 14:52:11.317864	2024-10-15 14:52:11.317864	Huyện Na Hang, tỉnh Tuyên Quang	21.845000	105.157000	Chùa Hang	0.00	TQ207
651	2024-10-15 14:52:12.619539	2024-10-15 14:52:12.619539	Huyện Chiêm Hóa, tỉnh Tuyên Quang	21.745200	105.193900	Khu du lịch sinh thái Hồng Thái	0.00	TQ207
652	2024-10-15 14:52:13.779836	2024-10-15 14:52:13.779836	Huyện Na Hang, tỉnh Tuyên Quang	21.719600	105.171400	Thác Bản Ba	0.00	TQ207
653	2024-10-15 14:52:14.772627	2024-10-15 14:52:14.772627	Thành phố Hưng Yên, tỉnh Hưng Yên	20.975000	106.030000	Chùa Hưng Nghĩa	0.00	HY221
654	2024-10-15 14:52:15.897148	2024-10-15 14:52:15.897148	Huyện Tiên Lữ, tỉnh Hưng Yên	20.995000	106.023000	Di tích lịch sử Vương Tiến	0.00	HY221
655	2024-10-15 14:52:16.859067	2024-10-15 14:52:16.859067	Huyện Văn Giang, tỉnh Hưng Yên	20.973000	106.042000	Khu du lịch sinh thái Vân Giang	0.00	HY221
656	2024-10-15 14:52:17.859769	2024-10-15 14:52:17.859769	Huyện Văn Lâm, tỉnh Hưng Yên	20.942000	106.045000	Đền Lảnh Giang	0.00	HY221
657	2024-10-15 14:52:18.87086	2024-10-15 14:52:18.87086	Huyện Văn Lâm, tỉnh Hưng Yên	20.949000	106.019000	Chùa Duyên Thái	0.00	HY221
658	2024-10-15 14:52:19.952481	2024-10-15 14:52:19.952481	Thành phố Hưng Yên, tỉnh Hưng Yên	20.982000	106.035000	Đền thờ Nguyễn Trãi	0.00	HY221
659	2024-10-15 14:52:20.915589	2024-10-15 14:52:20.915589	Huyện Tiên Lữ, tỉnh Hưng Yên	20.948000	106.037000	Di tích lịch sử Côn Sơn	0.00	HY221
660	2024-10-15 14:52:21.862282	2024-10-15 14:52:21.862282	Huyện Văn Lâm, tỉnh Hưng Yên	20.910000	106.015000	Chùa Bà	0.00	HY221
661	2024-10-15 14:52:22.861789	2024-10-15 14:52:22.861789	Huyện Văn Lâm, tỉnh Hưng Yên	20.910000	106.022000	Chùa Lý Hòa	0.00	HY221
662	2024-10-15 14:52:23.978476	2024-10-15 14:52:23.978476	Thành phố Hưng Yên, tỉnh Hưng Yên	20.950000	106.038000	Nhà thờ giáo xứ Hưng Yên	0.00	HY221
663	2024-10-15 14:52:24.986403	2024-10-15 14:52:24.986403	Huyện Chí Linh, tỉnh Hải Dương	20.925000	106.298000	Chùa Côn Sơn	0.00	HD220
664	2024-10-15 14:52:26.185366	2024-10-15 14:52:26.185366	Huyện Chí Linh, tỉnh Hải Dương	20.913000	106.318000	Đền thờ Trần Hưng Đạo	0.00	HD220
665	2024-10-15 14:52:27.449847	2024-10-15 14:52:27.449847	Huyện Cẩm Giàng, tỉnh Hải Dương	20.887000	106.320000	Di tích lịch sử Cổ Dương	0.00	HD220
666	2024-10-15 14:52:28.490304	2024-10-15 14:52:28.490304	Thành phố Hải Dương, tỉnh Hải Dương	20.930000	106.315000	Thành phố Hải Dương	0.00	HD220
667	2024-10-15 14:52:29.634009	2024-10-15 14:52:29.634009	Huyện Tứ Kỳ, tỉnh Hải Dương	20.885000	106.305000	Chùa Phúc Am	0.00	HD220
668	2024-10-15 14:52:30.908222	2024-10-15 14:52:30.908222	Thành phố Hải Dương, tỉnh Hải Dương	20.910000	106.305000	Công viên Hải Dương	0.00	HD220
669	2024-10-15 14:52:32.108619	2024-10-15 14:52:32.108619	Huyện Bình Giang, tỉnh Hải Dương	20.878000	106.294000	Khu di tích Kẻ Sặt	0.00	HD220
670	2024-10-15 14:52:33.106307	2024-10-15 14:52:33.106307	Huyện Cẩm Giàng, tỉnh Hải Dương	20.928000	106.303000	Đền An Sinh	0.00	HD220
671	2024-10-15 14:52:34.135141	2024-10-15 14:52:34.135141	Huyện Cẩm Giàng, tỉnh Hải Dương	20.880000	106.320000	Công viên Cẩm Giang	0.00	HD220
672	2024-10-15 14:52:35.138228	2024-10-15 14:52:35.138228	Huyện Bình Giang, tỉnh Hải Dương	20.872000	106.300000	Thác Bạc	0.00	HD220
673	2024-10-15 14:52:36.196509	2024-10-15 14:52:36.196509	Huyện Ngọc Hiển, tỉnh Sóc Trăng	9.254000	105.610000	Bãi biển Mũi Đèn	0.00	ST299
674	2024-10-15 14:52:37.149391	2024-10-15 14:52:37.149391	Thành phố Sóc Trăng, tỉnh Sóc Trăng	9.590000	105.834000	Chùa Dơi	0.00	ST299
675	2024-10-15 14:52:38.11857	2024-10-15 14:52:38.11857	Thành phố Sóc Trăng, tỉnh Sóc Trăng	9.592000	105.834000	Chùa Som Rong	0.00	ST299
676	2024-10-15 14:52:39.027506	2024-10-15 14:52:39.027506	Huyện Mỹ Tú, tỉnh Sóc Trăng	9.636000	105.754000	Cồn Mỹ Phước	0.00	ST299
677	2024-10-15 14:52:39.957747	2024-10-15 14:52:39.957747	Huyện Ngã Năm, tỉnh Sóc Trăng	9.597000	105.866000	Chợ nổi Ngã Năm	0.00	ST299
678	2024-10-15 14:52:41.002988	2024-10-15 14:52:41.002988	Thành phố Sóc Trăng, tỉnh Sóc Trăng	9.596000	105.874000	Di tích lịch sử Đền thờ Bác Hồ	0.00	ST299
679	2024-10-15 14:52:42.113105	2024-10-15 14:52:42.113105	Huyện Cù Lao Dung, tỉnh Sóc Trăng	9.476000	105.670000	Cù Lao Dung	0.00	ST299
680	2024-10-15 14:52:43.229775	2024-10-15 14:52:43.229775	Huyện Vĩnh Châu, tỉnh Sóc Trăng	9.281000	105.641000	Bãi biển Vĩnh Châu	0.00	ST299
681	2024-10-15 14:52:44.232964	2024-10-15 14:52:44.232964	Huyện Vĩnh Châu, tỉnh Sóc Trăng	9.299000	105.605000	Tháp Nghinh Phong	0.00	ST299
682	2024-10-15 14:52:45.160472	2024-10-15 14:52:45.160472	Huyện Châu Thành, tỉnh Sóc Trăng	9.663000	105.605000	Đình Phú Mỹ	0.00	ST299
683	2024-10-15 14:52:46.137423	2024-10-15 14:52:46.137423	Huyện Mường La, tỉnh Sơn La	21.188100	104.366400	Thung lũng Mường La	0.00	SL212
684	2024-10-15 14:52:47.058583	2024-10-15 14:52:47.058583	Huyện Mường La, tỉnh Sơn La	21.339700	104.366800	Thác Dải Yếm	0.00	SL212
685	2024-10-15 14:52:48.361999	2024-10-15 14:52:48.361999	Huyện Sông Mã, tỉnh Sơn La	21.280000	104.384500	Chùa Chiềng Bằng	0.00	SL212
686	2024-10-15 14:52:49.49667	2024-10-15 14:52:49.49667	Huyện Mai Sơn, tỉnh Sơn La	21.315400	104.269800	Di tích lịch sử bản Lê Lợi	0.00	SL212
687	2024-10-15 14:52:50.477459	2024-10-15 14:52:50.477459	Huyện Mường La, tỉnh Sơn La	21.189900	104.369300	Khu du lịch sinh thái Mường La	0.00	SL212
688	2024-10-15 14:52:51.416632	2024-10-15 14:52:51.416632	Huyện Mộc Châu, tỉnh Sơn La	20.970400	104.575300	Đồi chè Mộc Châu	0.00	SL212
689	2024-10-15 14:52:52.498882	2024-10-15 14:52:52.498882	Huyện Mộc Châu, tỉnh Sơn La	20.966700	104.585400	Nhà thờ Mộc Châu	0.00	SL212
690	2024-10-15 14:52:53.673993	2024-10-15 14:52:53.673993	Huyện Mộc Châu, tỉnh Sơn La	20.947500	104.554800	Thác Bản Giốc	0.00	SL212
691	2024-10-15 14:52:54.626567	2024-10-15 14:52:54.626567	Huyện Mường La, tỉnh Sơn La	21.288500	104.384600	Khu bảo tồn thiên nhiên Mường La	0.00	SL212
692	2024-10-15 14:52:55.565478	2024-10-15 14:52:55.565478	Huyện Mộc Châu, tỉnh Sơn La	20.970000	104.579600	Chợ phiên Mộc Châu	0.00	SL212
693	2024-10-15 14:52:56.589374	2024-10-15 14:52:56.589374	Huyện Long Hồ, tỉnh Vĩnh Long	10.250800	105.949700	Cồn Phụng	0.00	VL270
694	2024-10-15 14:52:57.58742	2024-10-15 14:52:57.58742	Thành phố Mỹ Tho, tỉnh Tiền Giang	10.253200	105.972600	Chùa Vĩnh Tràng	0.00	VL270
695	2024-10-15 14:52:58.566442	2024-10-15 14:52:58.566442	Huyện Trà Ôn, tỉnh Vĩnh Long	10.251000	105.909000	Chợ nổi Trà Ôn	0.00	VL270
696	2024-10-15 14:52:59.570996	2024-10-15 14:52:59.570996	Huyện Long Hồ, tỉnh Vĩnh Long	10.267300	105.958000	Khu du lịch sinh thái Mỹ Phước	0.00	VL270
697	2024-10-15 14:53:00.614316	2024-10-15 14:53:00.614316	Huyện Long Hồ, tỉnh Vĩnh Long	10.297000	105.859800	Cù lao An Bình	0.00	VL270
698	2024-10-15 14:53:01.795054	2024-10-15 14:53:01.795054	Huyện Vũng Liêm, tỉnh Vĩnh Long	10.274800	105.911600	Đền thờ bà Chúa Xứ	0.00	VL270
699	2024-10-15 14:53:03.022982	2024-10-15 14:53:03.022982	Thành phố Vĩnh Long, tỉnh Vĩnh Long	10.181000	105.776500	Nhà cổ Bình Thủy	0.00	VL270
700	2024-10-15 14:53:04.016737	2024-10-15 14:53:04.016737	Huyện Vĩnh Long, tỉnh Vĩnh Long	10.193900	105.793800	Thác Datanla	0.00	VL270
701	2024-10-15 14:53:05.039054	2024-10-15 14:53:05.039054	Huyện Phong Điền, tỉnh Cần Thơ	10.236800	105.782200	Khu du lịch sinh thái Mỹ Khánh	0.00	VL270
702	2024-10-15 14:53:06.120906	2024-10-15 14:53:06.120906	Huyện Vũng Liêm, tỉnh Vĩnh Long	10.197800	105.934500	Bãi biển Vũng Liêm	0.00	VL270
703	2024-10-15 14:53:07.153502	2024-10-15 14:53:07.153502	Huyện Bình Lục, tỉnh Hà Nam	20.557500	105.895000	Chùa Bà Đanh	0.00	HN226
704	2024-10-15 14:53:08.10828	2024-10-15 14:53:08.10828	Thành phố Phủ Lý, tỉnh Hà Nam	20.586800	105.900000	Đền Trần	0.00	HN226
705	2024-10-15 14:53:09.0757	2024-10-15 14:53:09.0757	Thành phố Phủ Lý, tỉnh Hà Nam	20.580000	105.927000	Công viên Bạch Đằng	0.00	HN226
706	2024-10-15 14:53:10.159599	2024-10-15 14:53:10.159599	Huyện Duy Tiên, tỉnh Hà Nam	20.580700	105.845400	Chùa Long Đọi	0.00	HN226
707	2024-10-15 14:53:11.335153	2024-10-15 14:53:11.335153	Huyện Kim Bảng, tỉnh Hà Nam	20.554500	105.854200	Chùa Hòa Bạc	0.00	HN226
708	2024-10-15 14:53:12.392213	2024-10-15 14:53:12.392213	Thành phố Phủ Lý, tỉnh Hà Nam	20.578000	105.830000	Di tích lịch sử Hà Nam	0.00	HN226
709	2024-10-15 14:53:13.538693	2024-10-15 14:53:13.538693	Thành phố Phủ Lý, tỉnh Hà Nam	20.581000	105.855000	Nhà thờ Phủ Lý	0.00	HN226
710	2024-10-15 14:53:14.668114	2024-10-15 14:53:14.668114	Huyện Duy Tiên, tỉnh Hà Nam	20.577000	105.844000	Đền Lê Khôi	0.00	HN226
711	2024-10-15 14:53:15.671993	2024-10-15 14:53:15.671993	Thành phố Phủ Lý, tỉnh Hà Nam	20.590000	105.920000	Công viên Vườn Hoa	0.00	HN226
712	2024-10-15 14:53:16.606847	2024-10-15 14:53:16.606847	Huyện Duy Tiên, tỉnh Hà Nam	20.579000	105.870000	Chùa Đọi Sơn	0.00	HN226
713	2024-10-15 14:53:17.566374	2024-10-15 14:53:17.566374	Thành phố Vũng Tàu, tỉnh Bà Rịa - Vũng Tàu	10.342700	107.139300	Bãi Sau	0.00	BR254
714	2024-10-15 14:53:18.527027	2024-10-15 14:53:18.527027	Thành phố Vũng Tàu, tỉnh Bà Rịa - Vũng Tàu	10.346300	107.066200	Ngọn hải đăng Vũng Tàu	0.00	BR254
715	2024-10-15 14:53:19.65358	2024-10-15 14:53:19.65358	Thành phố Vũng Tàu, tỉnh Bà Rịa - Vũng Tàu	10.335900	107.139400	Chùa Thiên Mụ	0.00	BR254
716	2024-10-15 14:53:20.707141	2024-10-15 14:53:20.707141	Thành phố Vũng Tàu, tỉnh Bà Rịa - Vũng Tàu	10.349400	107.073700	Công viên Bãi Trước	0.00	BR254
717	2024-10-15 14:53:21.839295	2024-10-15 14:53:21.839295	Thành phố Vũng Tàu, tỉnh Bà Rịa - Vũng Tàu	10.348600	107.073300	Đường đi bộ Vũng Tàu	0.00	BR254
718	2024-10-15 14:53:22.812745	2024-10-15 14:53:22.812745	Thành phố Vũng Tàu, tỉnh Bà Rịa - Vũng Tàu	10.343800	107.097800	Bãi Dứa	0.00	BR254
719	2024-10-15 14:53:23.986893	2024-10-15 14:53:23.986893	Thành phố Vũng Tàu, tỉnh Bà Rịa - Vũng Tàu	10.353900	107.067600	Thác nước Hồ Mây	0.00	BR254
721	2024-10-15 14:53:25.975432	2024-10-15 14:53:25.975432	Thành phố Vũng Tàu, tỉnh Bà Rịa - Vũng Tàu	10.352200	107.072800	Khu du lịch Hồ Mây	0.00	BR254
722	2024-10-15 14:53:27.033545	2024-10-15 14:53:27.033545	Huyện Long Điền, tỉnh Bà Rịa - Vũng Tàu	10.347500	107.142200	Cồn Bàu Tràm	0.00	BR254
511	2024-10-15 14:47:28.40585	2024-10-15 14:47:28.40585	Huyện Lăk, tỉnh Đắk Lắk	12.487300	108.275200	Vườn quốc gia Bạch Mã	0.00	DL262
505	2024-10-15 14:47:22.28123	2024-10-15 14:47:22.28123	Thành phố Buôn Ma Thuột, tỉnh Đắk Lắk	12.670330	108.501400	Nhà thờ Buôn Ma Thuột	0.00	DL262
508	2024-10-15 14:47:25.489263	2024-10-15 14:47:25.489263	Huyện Lăk, tỉnh Đắk Lắk	12.295911	108.475820	Hồ Lăk	0.00	DL262
507	2024-10-15 14:47:24.321039	2024-10-15 14:47:24.321039	Huyện Krông Ana, tỉnh Đắk Lắk	12.651076	108.336786	Thác Gia Long	0.00	DL262
510	2024-10-15 14:47:27.381793	2024-10-15 14:47:27.381793	Thành phố Buôn Ma Thuột, tỉnh Đắk Lắk	12.669778	108.501125	Chùa Khải Đoan	0.00	DL262
509	2024-10-15 14:47:26.45808	2024-10-15 14:47:26.45808	Huyện Buôn Đôn, tỉnh Đắk Lắk	12.677969	108.637634	Đảo Khỉ	0.00	DL262
504	2024-10-15 14:47:21.320933	2024-10-15 14:47:21.320933	Huyện Buôn Đôn, tỉnh Đắk Lắk	12.654980	108.506964	Vườn Quốc Gia Yok Đôn	0.00	DL262
512	2024-10-15 14:47:29.552802	2024-10-15 14:47:29.552802	Huyện Lăk, tỉnh Đắk Lắk	12.294200	108.473200	Khu du lịch sinh thái Lak	0.00	DL262
506	2024-10-15 14:47:23.268969	2024-10-15 14:47:23.268969	Thành phố Buôn Ma Thuột, tỉnh Đắk Lắk	12.669198	108.473400	Cà phê Buôn Ma Thuột	0.00	DL262
503	2024-10-15 14:47:20.367717	2024-10-15 14:47:20.367717	Huyện Krông Ana, tỉnh Đắk Lắk	12.669862	108.364224	Thác Dray Nur	0.00	DL262
720	2024-10-15 14:53:24.95693	2024-10-15 14:53:24.95693	Thành phố Vũng Tàu, tỉnh Bà Rịa - Vũng Tàu	10.352700	107.074500	Thiền viện Chơn Không	0.00	BR254
39	2024-10-14 16:56:26.66162	2024-10-14 16:56:26.66162	Huyện Duy Xuyên, Quảng Nam	15.882170	108.328400	Thánh địa Mỹ Sơn	100.00	DN236
38	2024-10-14 16:56:25.735619	2024-10-14 16:56:25.735619	Đường Bạch Đằng, Hải Châu	16.058788	108.213062	Cầu Sông Hàn	0.00	DN236
37	2024-10-14 16:56:24.691363	2024-10-14 16:56:24.691363	Đường 2/9, Hải Châu	16.067292	108.221410	Bảo tàng Chăm	40.00	DN236
36	2024-10-14 16:56:23.724935	2024-10-14 16:56:23.724935	Đường Trần Hưng Đạo, Sơn Trà	16.058319	108.213150	Cầu Rồng	0.00	DN236
248	2024-10-14 17:16:51.959416	2024-10-14 17:16:51.959416	Huyện Củ Chi, TP. Hồ Chí Minh	11.346944	106.466389	Khu di tích lịch sử Địa Đạo Củ Chi	0.00	HCM28
\.


--
-- Data for Name: cities; Type: TABLE DATA; Schema: public; Owner: postgres
--

COPY public.cities (id, description, name_city, area_id, image_id) FROM stdin;
TG273	\N	Tỉnh Tiền Giang	MN	366
HN24	\N	Thủ đô Hà Nội	MB	367
BG204	\N	Tỉnh Bắc Giang	MB	368
AG296	\N	Tỉnh An Giang	MN	369
BD256	\N	Tỉnh Bình Định	MT	370
BD274	\N	Tỉnh Bình Dương	MN	371
BH254	\N	Tỉnh Bình Phước	MN	372
BK209	\N	Tỉnh Bắc Kạn	MB	373
BL291	\N	Tỉnh Bạc Liêu	MN	374
BN222	\N	Tỉnh Bắc Ninh	MB	375
BR254	\N	Tỉnh Bà Rịa - Vũng Tàu	MN	376
BT252	\N	Tỉnh Bình Thuận	MT	377
BT275	\N	Tỉnh Bến Tre	MN	378
CB206	\N	Tỉnh Cao Bằng	MB	379
CM290	\N	Tỉnh Cà Mau	MN	380
CT292	\N	Thành phố Cần Thơ	MN	381
DB215	\N	Tỉnh Điện Biên	MB	382
DL262	\N	Tỉnh Đắk Lắk	MT	383
DN236	\N	Thành phố Đà Nẵng	MT	384
DN251	\N	Tỉnh Đồng Nai - Long Khánh	MN	385
DN261	\N	Tỉnh Đắk Nông	MT	386
DT277	\N	Tỉnh Đồng Tháp	MN	387
GL269	\N	Tỉnh Gia Lai	MT	388
HB218	\N	Tỉnh Hòa Bình	MB	389
HCM28	\N	Thành phố Hồ Chí Minh - Sài Gòn	MN	390
HD220	\N	Tỉnh Hải Dương	MB	391
HG219	\N	Tỉnh Hà Giang	MB	392
HG293	\N	 Tỉnh Hậu Giang	MN	393
HN226	\N	Tỉnh Hà Nam	MB	394
HP225	\N	Thành phố Hải Phòng	MB	395
HT239	\N	Tỉnh Hà Tĩnh	MT	396
HY221	\N	Tỉnh Hưng Yên	MB	397
KG297	\N	Tỉnh Kiên Giang	MN	398
KH258	\N	Tỉnh Khánh Hòa -Nha Trang	MT	399
KT260	\N	Tỉnh Kon Tum	MT	400
LA272	\N	Tỉnh Long An	MN	401
LC213	\N	Tỉnh Lai Châu	MB	402
LC214	\N	Tỉnh Lào Cai	MB	403
LD263	\N	Tỉnh Lâm Đồng - Đà Lạt	MT	404
LS205	\N	Tỉnh Lạng Sơn	MB	405
NA238	\N	Tỉnh Nghệ An	MT	406
NB229	\N	Tỉnh Ninh Bình	MB	407
ND228	\N	Tỉnh Nam Định	MB	408
NT259	\N	Tỉnh Ninh Thuận	MT	409
PT210	\N	Tỉnh Phú Thọ	MB	410
PY257	\N	Tỉnh Phú Yên	MT	411
QB232	\N	Tỉnh Quảng Bình	MT	412
QN203	\N	Tỉnh Quảng Ninh	MB	413
QN235	\N	Tỉnh Quảng Nam	MT	414
QN255	\N	Tỉnh Quảng Ngãi	MT	415
QT233	\N	Tỉnh Quảng Trị	MT	416
SL212	\N	Tỉnh Sơn La	MB	417
ST299	\N	Tỉnh Sóc Trăng	MN	418
TB227	\N	Tỉnh Thái Bình	MB	419
TH237	\N	Tỉnh Thanh Hóa	MT	420
TN208	\N	Tỉnh Thái Nguyên	MB	421
TN276	\N	Tỉnh Tây Ninh	MN	422
TQ207	\N	Tỉnh Tuyên Quang	MB	423
TTH234	\N	Tỉnh Thừa Thiên Huế	MT	424
TV294	\N	Tỉnh Trà Vinh	MN	425
VL270	\N	Tỉnh Vĩnh Long	MN	426
VP211	\N	Tỉnh Vĩnh Phúc	MB	427
YB216	\N	Tỉnh Yên Bái	MB	428
\.


--
-- Data for Name: coupon_room; Type: TABLE DATA; Schema: public; Owner: postgres
--

COPY public.coupon_room (id, coupon_id, room_id) FROM stdin;
1	10	7
\.


--
-- Data for Name: coupons; Type: TABLE DATA; Schema: public; Owner: postgres
--

COPY public.coupons (id, create_at, update_at, code, discount_type, discount_value, end_date, is_active, start_date, use_count, use_limit, account_enterprise_id) FROM stdin;
10	2024-12-15 05:32:09.191953	2024-12-15 05:57:33.364975	HIVTSPTV1212	PERCENT	20.00	2024-12-31	f	2024-12-15	1	200	5
8	\N	2024-12-03 13:42:13.116196	HIVT	FIXED_AMOUNT	25.00	2024-11-30	f	2024-11-23	0	100	5
6	2024-11-16 14:51:51.951243	2024-11-19 00:00:02.24254	F9OGW6	PERCENT	20.00	2024-11-18	f	2024-11-17	0	50	\N
7	2024-11-16 14:59:58.373024	2024-11-21 03:01:33.544405	COUPON11	PERCENT	30.00	2024-11-23	f	2024-11-20	2	2	\N
\.


--
-- Data for Name: feedbacks; Type: TABLE DATA; Schema: public; Owner: postgres
--

COPY public.feedbacks (id, create_at, update_at, content, rating, enterprise_id, user_id) FROM stdin;
\.


--
-- Data for Name: hotel_amenities; Type: TABLE DATA; Schema: public; Owner: postgres
--

COPY public.hotel_amenities (id, description, fee, name, status, hotel_id, icon_id) FROM stdin;
192	Hồ bơi vô cực	0.00	Hồ bơi	t	265	1128
194	Bãi giữ xe thông thoáng	0.00	Bãi giữ xe	t	200	1129
198	Bãi giữ xe thông thoáng	0.00	Bãi giữ xe	t	155	1129
196	Bãi giữ xe thông thoáng	0.00	Bãi giữ xe	t	191	1129
216	Bãi giữ xe thông thoáng	0.00	Bãi giữ xe	t	239	1129
206	Bãi giữ xe thông thoáng	0.00	Bãi giữ xe	t	238	1129
204	Bãi giữ xe thông thoáng	0.00	Bãi giữ xe	t	246	1129
211	Bãi giữ xe thông thoáng	0.00	Bãi giữ xe	t	257	1129
210	Bãi giữ xe thông thoáng	0.00	Bãi giữ xe	t	192	1129
208	Bãi giữ xe thông thoáng	0.00	Bãi giữ xe	t	7	1129
209	Bãi giữ xe thông thoáng	0.00	Bãi giữ xe	t	148	1129
201	Bãi giữ xe thông thoáng	0.00	Bãi giữ xe	t	150	1129
200	Bãi giữ xe thông thoáng	0.00	Bãi giữ xe	t	193	1129
202	Bãi giữ xe thông thoáng	0.00	Bãi giữ xe	t	8	1129
203	Bãi giữ xe thông thoáng	0.00	Bãi giữ xe	t	156	1129
199	Bãi giữ xe thông thoáng	0.00	Bãi giữ xe	t	265	1129
195	Bãi giữ xe thông thoáng	0.00	Bãi giữ xe	t	1	1129
218	Giặt thơm, giặt sạch	20.00	Dịch vụ giặt ủi, giặt khô	t	192	1130
229	Giặt thơm, giặt sạch	20.00	Dịch vụ giặt ủi, giặt khô	t	156	1130
227	Giặt thơm, giặt sạch	20.00	Dịch vụ giặt ủi, giặt khô	t	239	1130
225	Giặt thơm, giặt sạch	20.00	Dịch vụ giặt ủi, giặt khô	t	1	1130
231	Giặt thơm, giặt sạch	20.00	Dịch vụ giặt ủi, giặt khô	t	256	1130
237	Giặt thơm, giặt sạch	20.00	Dịch vụ giặt ủi, giặt khô	t	238	1130
235	Giặt thơm, giặt sạch	20.00	Dịch vụ giặt ủi, giặt khô	t	258	1130
223	Giặt thơm, giặt sạch	20.00	Dịch vụ giặt ủi, giặt khô	t	149	1130
240	Giặt thơm, giặt sạch	20.00	Dịch vụ giặt ủi, giặt khô	t	245	1130
232	Giặt thơm, giặt sạch	20.00	Dịch vụ giặt ủi, giặt khô	t	257	1130
241	Giặt thơm, giặt sạch	20.00	Dịch vụ giặt ủi, giặt khô	t	7	1130
239	Giặt thơm, giặt sạch	20.00	Dịch vụ giặt ủi, giặt khô	t	193	1130
233	Giặt thơm, giặt sạch	20.00	Dịch vụ giặt ủi, giặt khô	t	200	1130
234	Giặt thơm, giặt sạch	20.00	Dịch vụ giặt ủi, giặt khô	t	246	1130
230	Giặt thơm, giặt sạch	20.00	Dịch vụ giặt ủi, giặt khô	t	237	1130
224	Giặt thơm, giặt sạch	20.00	Dịch vụ giặt ủi, giặt khô	t	8	1130
226	Giặt thơm, giặt sạch	20.00	Dịch vụ giặt ủi, giặt khô	t	191	1130
247	Nhà hang nhiều món ngon ba miền	0.00	Nhà hàng	t	148	1133
243	Nhà hang nhiều món ngon ba miền	0.00	Nhà hàng	t	1	1133
246	Nhà hang nhiều món ngon ba miền	0.00	Nhà hàng	t	191	1133
242	Nhà hang nhiều món ngon ba miền	0.00	Nhà hàng	t	238	1133
254	Nhà hang nhiều món ngon ba miền	0.00	Nhà hàng	t	237	1133
253	Nhà hang nhiều món ngon ba miền	0.00	Nhà hàng	t	7	1133
249	Nhà hang nhiều món ngon ba miền	0.00	Nhà hàng	t	2	1133
248	Nhà hang nhiều món ngon ba miền	0.00	Nhà hàng	t	155	1133
251	Nhà hang nhiều món ngon ba miền	0.00	Nhà hàng	t	156	1133
252	Nhà hang nhiều món ngon ba miền	0.00	Nhà hàng	t	192	1133
250	Nhà hang nhiều món ngon ba miền	0.00	Nhà hàng	t	149	1133
255	Nhà hang nhiều món ngon ba miền	0.00	Nhà hàng	t	201	1133
245	Nhà hang nhiều món ngon ba miền	0.00	Nhà hàng	t	150	1133
244	Nhà hang nhiều món ngon ba miền	0.00	Nhà hàng	t	8	1133
269	Phòng gym nhiều dụng cụ	0.00	Phòng gym	t	2	1134
278	Phòng gym nhiều dụng cụ	0.00	Phòng gym	t	155	1134
272	Phòng gym nhiều dụng cụ	0.00	Phòng gym	t	245	1134
274	Phòng gym nhiều dụng cụ	0.00	Phòng gym	t	239	1134
271	Phòng gym nhiều dụng cụ	0.00	Phòng gym	t	1	1134
288	Phòng gym nhiều dụng cụ	0.00	Phòng gym	t	7	1134
287	Phòng gym nhiều dụng cụ	0.00	Phòng gym	t	237	1134
279	Phòng gym nhiều dụng cụ	0.00	Phòng gym	t	191	1134
286	Phòng gym nhiều dụng cụ	0.00	Phòng gym	t	200	1134
285	Phòng gym nhiều dụng cụ	0.00	Phòng gym	t	246	1134
270	Phòng gym nhiều dụng cụ	0.00	Phòng gym	t	149	1134
284	Phòng gym nhiều dụng cụ	0.00	Phòng gym	t	256	1134
266	Phòng gym nhiều dụng cụ	0.00	Phòng gym	t	192	1134
283	Phòng gym nhiều dụng cụ	0.00	Phòng gym	t	150	1134
273	Phòng gym nhiều dụng cụ	0.00	Phòng gym	t	193	1134
282	Phòng gym nhiều dụng cụ	0.00	Phòng gym	t	156	1134
280	Phòng gym nhiều dụng cụ	0.00	Phòng gym	t	201	1134
281	Phòng gym nhiều dụng cụ	0.00	Phòng gym	t	148	1134
277	Phòng gym nhiều dụng cụ	0.00	Phòng gym	t	264	1134
276	Phòng gym nhiều dụng cụ	0.00	Phòng gym	t	257	1134
275	Phòng gym nhiều dụng cụ	0.00	Phòng gym	t	238	1134
268	Phòng gym nhiều dụng cụ	0.00	Phòng gym	t	265	1134
267	Phòng gym nhiều dụng cụ	0.00	Phòng gym	t	8	1134
329	Đưa rước tận nơi	0.00	Dịch vụ đưa đón sân bay	t	192	1131
313	Phòng hút thuốc tách biệt, sạch sẽ	0.00	Khu vực hút thuốc riêng biệt	t	191	1132
302	Phòng hút thuốc tách biệt, sạch sẽ	0.00	Khu vực hút thuốc riêng biệt	t	8	1132
307	Phòng hút thuốc tách biệt, sạch sẽ	0.00	Khu vực hút thuốc riêng biệt	t	193	1132
300	Phòng hút thuốc tách biệt, sạch sẽ	0.00	Khu vực hút thuốc riêng biệt	t	258	1132
295	Phòng hút thuốc tách biệt, sạch sẽ	0.00	Khu vực hút thuốc riêng biệt	t	239	1132
293	Phòng hút thuốc tách biệt, sạch sẽ	0.00	Khu vực hút thuốc riêng biệt	t	150	1132
298	Phòng hút thuốc tách biệt, sạch sẽ	0.00	Khu vực hút thuốc riêng biệt	t	256	1132
304	Phòng hút thuốc tách biệt, sạch sẽ	0.00	Khu vực hút thuốc riêng biệt	t	265	1132
305	Phòng hút thuốc tách biệt, sạch sẽ	0.00	Khu vực hút thuốc riêng biệt	t	201	1132
311	Phòng hút thuốc tách biệt, sạch sẽ	0.00	Khu vực hút thuốc riêng biệt	t	238	1132
309	Phòng hút thuốc tách biệt, sạch sẽ	0.00	Khu vực hút thuốc riêng biệt	t	257	1132
312	Phòng hút thuốc tách biệt, sạch sẽ	0.00	Khu vực hút thuốc riêng biệt	t	149	1132
265	Nhà hang nhiều món ngon ba miền	0.00	Nhà hàng	t	265	1133
260	Nhà hang nhiều món ngon ba miền	0.00	Nhà hàng	t	246	1133
264	Nhà hang nhiều món ngon ba miền	0.00	Nhà hàng	t	264	1133
263	Nhà hang nhiều món ngon ba miền	0.00	Nhà hàng	t	256	1133
262	Nhà hang nhiều món ngon ba miền	0.00	Nhà hàng	t	257	1133
261	Nhà hang nhiều món ngon ba miền	0.00	Nhà hàng	t	258	1133
259	Nhà hang nhiều món ngon ba miền	0.00	Nhà hàng	t	200	1133
258	Nhà hang nhiều món ngon ba miền	0.00	Nhà hàng	t	245	1133
257	Nhà hang nhiều món ngon ba miền	0.00	Nhà hàng	t	193	1133
256	Nhà hang nhiều món ngon ba miền	0.00	Nhà hàng	t	239	1133
289	Phòng gym nhiều dụng cụ	0.00	Phòng gym	t	258	1134
171	Hồ bơi vô cực	0.00	Hồ bơi	t	238	1128
185	Hồ bơi vô cực	0.00	Hồ bơi	t	239	1128
175	Hồ bơi vô cực	0.00	Hồ bơi	t	191	1128
173	Hồ bơi vô cực	0.00	Hồ bơi	t	193	1128
187	Hồ bơi vô cực	0.00	Hồ bơi	t	264	1128
191	Hồ bơi vô cực	0.00	Hồ bơi	t	156	1128
177	Hồ bơi vô cực	0.00	Hồ bơi	t	148	1128
178	Hồ bơi vô cực	0.00	Hồ bơi	t	8	1128
180	Hồ bơi vô cực	0.00	Hồ bơi	t	200	1128
179	Hồ bơi vô cực	0.00	Hồ bơi	t	150	1128
176	Hồ bơi vô cực	0.00	Hồ bơi	t	192	1128
190	Hồ bơi vô cực	0.00	Hồ bơi	t	237	1128
189	Hồ bơi vô cực	0.00	Hồ bơi	t	245	1128
172	Hồ bơi vô cực	0.00	Hồ bơi	t	246	1128
184	Hồ bơi vô cực	0.00	Hồ bơi	t	149	1128
186	Hồ bơi vô cực	0.00	Hồ bơi	t	258	1128
188	Hồ bơi vô cực	0.00	Hồ bơi	t	257	1128
174	Hồ bơi vô cực	0.00	Hồ bơi	t	201	1128
183	Hồ bơi vô cực	0.00	Hồ bơi	t	155	1128
181	Hồ bơi vô cực	0.00	Hồ bơi	t	256	1128
182	Hồ bơi vô cực	0.00	Hồ bơi	t	2	1128
193	Hồ bơi vô cực	0.00	Hồ bơi	t	7	1128
338	Hồ bơi vô cực	0.00	Hồ bơi	t	1	1128
197	Bãi giữ xe thông thoáng	0.00	Bãi giữ xe	t	149	1129
207	Bãi giữ xe thông thoáng	0.00	Bãi giữ xe	t	256	1129
217	Bãi giữ xe thông thoáng	0.00	Bãi giữ xe	t	264	1129
205	Bãi giữ xe thông thoáng	0.00	Bãi giữ xe	t	2	1129
215	Bãi giữ xe thông thoáng	0.00	Bãi giữ xe	t	245	1129
214	Bãi giữ xe thông thoáng	0.00	Bãi giữ xe	t	258	1129
212	Bãi giữ xe thông thoáng	0.00	Bãi giữ xe	t	237	1129
213	Bãi giữ xe thông thoáng	0.00	Bãi giữ xe	t	201	1129
228	Giặt thơm, giặt sạch	20.00	Dịch vụ giặt ủi, giặt khô	t	148	1130
238	Giặt thơm, giặt sạch	20.00	Dịch vụ giặt ủi, giặt khô	t	201	1130
236	Giặt thơm, giặt sạch	20.00	Dịch vụ giặt ủi, giặt khô	t	264	1130
222	Giặt thơm, giặt sạch	20.00	Dịch vụ giặt ủi, giặt khô	t	155	1130
221	Giặt thơm, giặt sạch	20.00	Dịch vụ giặt ủi, giặt khô	t	150	1130
220	Giặt thơm, giặt sạch	20.00	Dịch vụ giặt ủi, giặt khô	t	265	1130
219	Giặt thơm, giặt sạch	20.00	Dịch vụ giặt ủi, giặt khô	t	2	1130
314	Đưa rước tận nơi	0.00	Dịch vụ đưa đón sân bay	t	1	1131
332	Đưa rước tận nơi	0.00	Dịch vụ đưa đón sân bay	t	191	1131
330	Đưa rước tận nơi	0.00	Dịch vụ đưa đón sân bay	t	155	1131
334	Đưa rước tận nơi	0.00	Dịch vụ đưa đón sân bay	t	150	1131
320	Đưa rước tận nơi	0.00	Dịch vụ đưa đón sân bay	t	264	1131
326	Đưa rước tận nơi	0.00	Dịch vụ đưa đón sân bay	t	239	1131
327	Đưa rước tận nơi	0.00	Dịch vụ đưa đón sân bay	t	265	1131
337	Đưa rước tận nơi	0.00	Dịch vụ đưa đón sân bay	t	149	1131
336	Đưa rước tận nơi	0.00	Dịch vụ đưa đón sân bay	t	7	1131
325	Đưa rước tận nơi	0.00	Dịch vụ đưa đón sân bay	t	237	1131
324	Đưa rước tận nơi	0.00	Dịch vụ đưa đón sân bay	t	246	1131
322	Đưa rước tận nơi	0.00	Dịch vụ đưa đón sân bay	t	193	1131
323	Đưa rước tận nơi	0.00	Dịch vụ đưa đón sân bay	t	245	1131
331	Đưa rước tận nơi	0.00	Dịch vụ đưa đón sân bay	t	2	1131
328	Đưa rước tận nơi	0.00	Dịch vụ đưa đón sân bay	t	8	1131
335	Đưa rước tận nơi	0.00	Dịch vụ đưa đón sân bay	t	156	1131
321	Đưa rước tận nơi	0.00	Dịch vụ đưa đón sân bay	t	238	1131
317	Đưa rước tận nơi	0.00	Dịch vụ đưa đón sân bay	t	258	1131
316	Đưa rước tận nơi	0.00	Dịch vụ đưa đón sân bay	t	256	1131
315	Đưa rước tận nơi	0.00	Dịch vụ đưa đón sân bay	t	200	1131
318	Đưa rước tận nơi	0.00	Dịch vụ đưa đón sân bay	t	257	1131
319	Đưa rước tận nơi	0.00	Dịch vụ đưa đón sân bay	t	201	1131
333	Đưa rước tận nơi	0.00	Dịch vụ đưa đón sân bay	t	148	1131
310	Phòng hút thuốc tách biệt, sạch sẽ	0.00	Khu vực hút thuốc riêng biệt	t	237	1132
301	Phòng hút thuốc tách biệt, sạch sẽ	0.00	Khu vực hút thuốc riêng biệt	t	7	1132
308	Phòng hút thuốc tách biệt, sạch sẽ	0.00	Khu vực hút thuốc riêng biệt	t	245	1132
306	Phòng hút thuốc tách biệt, sạch sẽ	0.00	Khu vực hút thuốc riêng biệt	t	200	1132
303	Phòng hút thuốc tách biệt, sạch sẽ	0.00	Khu vực hút thuốc riêng biệt	t	264	1132
294	Phòng hút thuốc tách biệt, sạch sẽ	0.00	Khu vực hút thuốc riêng biệt	f	1	1132
299	Phòng hút thuốc tách biệt, sạch sẽ	0.00	Khu vực hút thuốc riêng biệt	t	192	1132
297	Phòng hút thuốc tách biệt, sạch sẽ	0.00	Khu vực hút thuốc riêng biệt	t	2	1132
296	Phòng hút thuốc tách biệt, sạch sẽ	0.00	Khu vực hút thuốc riêng biệt	t	246	1132
292	Phòng hút thuốc tách biệt, sạch sẽ	0.00	Khu vực hút thuốc riêng biệt	t	156	1132
290	Phòng hút thuốc tách biệt, sạch sẽ	0.00	Khu vực hút thuốc riêng biệt	t	155	1132
291	Phòng hút thuốc tách biệt, sạch sẽ	0.00	Khu vực hút thuốc riêng biệt	t	148	1132
\.


--
-- Data for Name: hotel_images; Type: TABLE DATA; Schema: public; Owner: postgres
--

COPY public.hotel_images (id, hotel_id, image_id) FROM stdin;
1	1	1
2	1	2
3	1	3
4	1	4
5	1	5
6	1	6
7	1	7
8	1	8
9	1	9
10	1	10
11	2	11
12	2	12
13	2	13
14	2	14
15	2	15
16	2	16
17	2	17
18	2	18
19	2	19
20	2	20
21	4	21
22	4	22
23	4	23
24	4	24
25	4	25
26	4	26
27	4	27
28	4	28
29	4	29
30	4	30
31	5	31
32	5	32
33	5	33
34	5	34
35	5	35
36	5	36
37	5	37
38	5	38
39	5	39
40	5	40
41	6	41
42	6	42
43	6	43
44	6	44
45	6	45
46	6	46
47	6	47
48	6	48
49	6	49
50	6	50
51	7	51
52	7	52
53	7	53
54	7	54
55	7	55
56	7	56
57	7	57
58	7	58
59	7	59
60	7	60
61	8	61
62	8	62
63	8	63
64	8	64
65	8	65
66	8	66
67	8	67
68	8	68
69	8	69
70	8	70
71	90	71
72	90	72
73	90	73
74	90	74
75	90	75
76	90	76
77	90	77
78	90	78
79	90	79
80	90	80
81	148	81
82	148	82
83	148	83
84	148	84
85	148	85
86	148	86
87	148	87
88	148	88
89	148	89
90	148	90
91	151	91
92	151	92
93	151	93
94	151	94
95	151	95
96	151	96
97	151	97
98	151	98
99	151	99
100	151	100
101	155	101
102	155	102
103	155	103
104	155	104
105	155	105
106	155	106
107	155	107
108	155	108
109	155	109
110	155	110
111	156	111
112	156	112
113	156	113
114	156	114
115	156	115
116	156	116
117	156	117
118	156	118
119	156	119
120	156	120
121	154	121
122	154	122
123	154	123
124	154	124
125	154	125
126	154	126
127	154	127
128	154	128
129	154	129
130	154	130
131	265	131
132	265	132
133	265	133
134	265	134
135	265	135
136	265	136
137	265	137
138	265	138
139	265	139
140	265	140
141	264	141
142	264	142
143	264	143
144	264	144
145	264	145
146	264	146
147	264	147
148	264	148
149	264	149
150	264	150
151	261	151
152	261	152
153	261	153
154	261	154
155	261	155
156	261	156
157	261	157
158	261	158
159	261	159
160	261	160
161	257	161
162	257	162
163	257	163
164	257	164
165	257	165
166	257	166
167	257	167
168	257	168
169	257	169
170	257	170
171	258	171
172	258	172
173	258	173
174	258	174
175	258	175
176	258	176
177	258	177
178	258	178
179	258	179
180	258	180
181	259	181
182	259	182
183	259	183
184	259	184
185	259	185
186	259	186
187	259	187
188	259	188
189	259	189
190	259	190
191	260	191
192	260	192
193	260	193
194	260	194
195	260	195
196	260	196
197	260	197
198	260	198
199	260	199
200	260	200
201	191	317
202	191	318
203	191	319
204	191	320
205	191	321
206	256	322
207	256	323
208	256	324
209	237	326
210	237	327
211	237	328
212	237	329
213	193	330
214	193	331
215	193	332
216	193	333
221	49	346
222	49	347
223	49	348
224	49	349
225	192	749
226	192	750
\.


--
-- Data for Name: hotel_users; Type: TABLE DATA; Schema: public; Owner: postgres
--

COPY public.hotel_users (hotel_id, user_id) FROM stdin;
\.


--
-- Data for Name: hotels; Type: TABLE DATA; Schema: public; Owner: postgres
--

COPY public.hotels (id, create_at, update_at, address, description, name, phone_number, rating, enterprise_id, status) FROM stdin;
9	2024-10-24 05:09:23.254483	2024-10-24 05:09:23.254483	456 Lê Duẩn, TP. Cà Mau		Khách sạn Hương Giang	0290765432	4	32	t
10	2024-10-24 05:09:23.912477	2024-10-24 05:09:23.912477	789 Trần Hưng Đạo, TP. Cà Mau		Khách sạn Cà Mau	0290234567	4	33	t
11	2024-10-24 05:09:24.553566	2024-10-24 05:09:24.553566	101 Hồ Tùng Mậu, TP. Cà Mau		Homestay Cà Mau Đẹp	0290345678	4	34	t
12	2024-10-24 05:09:25.23484	2024-10-24 05:09:25.23484	202 Nguyễn Thị Minh Khai, TP. Cà Mau		Homestay Tình Bạn	0290456789	4	35	t
13	2024-10-24 05:09:25.904487	2024-10-24 05:09:25.904487	303 Lê Lợi, TP. Cà Mau		Homestay Cù Lao	0290567890	4	36	t
14	2024-10-24 05:09:26.598364	2024-10-24 05:09:26.598364	404 Trần Phú, TP. Cà Mau		Resort Sang Trọng	0290678901	4	37	t
15	2024-10-24 05:09:27.232904	2024-10-24 05:09:27.232904	505 Phan Đình Phùng, TP. Cà Mau		Resort Biển Cà Mau	0290789012	4	38	t
16	2024-10-24 05:09:27.869507	2024-10-24 05:09:27.869507	606 Đinh Tiên Hoàng, TP. Cà Mau		Homestay Sông Nước	0290890123	4	39	t
17	2024-10-24 05:09:28.521339	2024-10-24 05:09:28.521339	707 Hùng Vương, TP. Cà Mau		Homestay Hoa Rừng	0290901234	4	40	t
18	2024-10-24 05:09:29.227345	2024-10-24 05:09:29.227345	123 Nguyễn Huệ, TP. Bạc Liêu		Khách sạn Bạc Liêu	0291123456	4	41	t
19	2024-10-24 05:09:29.85317	2024-10-24 05:09:29.85317	456 Lê Lợi, TP. Bạc Liêu		Khách sạn Việt Pháp	0291654321	4	42	t
20	2024-10-24 05:09:30.513103	2024-10-24 05:09:30.513103	789 Trần Phú, TP. Bạc Liêu		Khách sạn Hoàng Hôn	0291234567	4	43	t
21	2024-10-24 05:09:31.198834	2024-10-24 05:09:31.198834	101 Lê Duẩn, TP. Bạc Liêu		Homestay Bạc Liêu Xinh	0291345678	4	44	t
22	2024-10-24 05:09:31.875068	2024-10-24 05:09:31.875068	202 Nguyễn Thị Minh Khai, TP. Bạc Liêu		Homestay Bình An	0291456789	4	45	t
23	2024-10-24 05:09:32.60992	2024-10-24 05:09:32.60992	303 Đường 30/4, TP. Bạc Liêu		Homestay Cà Phê Sáng	0291567890	4	46	t
24	2024-10-24 05:09:33.538089	2024-10-24 05:09:33.538089	404 Trần Văn Ơn, TP. Bạc Liêu		Resort Phú Quốc	0291678901	4	47	t
25	2024-10-24 05:09:34.215453	2024-10-24 05:09:34.215453	505 Đường 1/5, TP. Bạc Liêu		Resort Bạc Liêu Sang Trọng	0291789012	4	48	t
26	2024-10-24 05:09:34.880038	2024-10-24 05:09:34.880038	606 Lê Hồng Phong, TP. Bạc Liêu		Homestay Duyên Dáng	0291890123	4	49	t
27	2024-10-24 05:09:35.542156	2024-10-24 05:09:35.542156	707 Nguyễn Thái Học, TP. Bạc Liêu		Homestay Yên Tĩnh	0291901234	4	50	t
38	2024-10-24 05:09:43.147339	2024-10-24 05:09:43.147339	Đường 19 Tháng 8, TP. Vị Thanh, Hậu Giang		Khách Sạn Hậu Giang	02933850777	4	73	t
39	2024-10-24 05:09:43.828693	2024-10-24 05:09:43.828693	Đường Trần Hưng Đạo, TP. Vị Thanh, Hậu Giang		Khách Sạn Sài Gòn Hậu Giang	02933852222	4	74	t
40	2024-10-24 05:09:44.487815	2024-10-24 05:09:44.487815	Đường Lê Hồng Phong, TP. Vị Thanh, Hậu Giang		Khách Sạn Minh Hậu	02933851333	4	75	t
41	2024-10-24 05:09:45.143527	2024-10-24 05:09:45.143527	Xã Nhơn Nghĩa, Huyện Châu Thành, Hậu Giang		Homestay Nhơn Nghĩa	02933831111	4	76	t
42	2024-10-24 05:09:45.789696	2024-10-24 05:09:45.789696	Xã Tân Phú, Huyện Châu Thành A, Hậu Giang		Homestay Tân Phú	02933865555	4	77	t
43	2024-10-24 05:09:46.474766	2024-10-24 05:09:46.474766	Xã Phú Hữu, Huyện Châu Thành A, Hậu Giang		Homestay Phú Hữu	02933821222	4	78	t
44	2024-10-24 05:09:47.166336	2024-10-24 05:09:47.166336	Đường Ngô Thì Nhậm, TP. Vị Thanh, Hậu Giang		Homestay Vị Thanh	02933860888	4	79	t
45	2024-10-24 05:09:47.842664	2024-10-24 05:09:47.842664	Xã Long Bình, Huyện Long Mỹ, Hậu Giang		Homestay Long Bình	02933888888	4	80	t
46	2024-10-24 05:09:48.487239	2024-10-24 05:09:48.487239	Đường Trần Quang Khải, TP. Vị Thanh, Hậu Giang		Resort Hậu Giang	02933859999	4	81	t
47	2024-10-24 05:09:49.179607	2024-10-24 05:09:49.179607	Xã Lương Nghĩa, Huyện Long Mỹ, Hậu Giang		Resort Ngọc Sương	02933878777	4	82	t
48	2024-10-24 05:09:49.841337	2024-10-24 05:09:49.841337	Đường Hùng Vương, TP. Cần Thơ		Khách Sạn Vinpearl Cần Thơ	02923738888	4	89	t
50	2024-10-24 05:09:51.209188	2024-10-24 05:09:51.209188	Đường Nguyễn Trãi, TP. Cần Thơ		Khách Sạn Ninh Kiều	02923828666	4	91	t
51	2024-10-24 05:09:51.884408	2024-10-24 05:09:51.884408	Xã Mỹ Khánh, Huyện Phong Điền, Cần Thơ		Homestay Mỹ Khánh	02923650222	4	92	t
52	2024-10-24 05:09:52.657873	2024-10-24 05:09:52.657873	Xã Tân Thới, Huyện Phong Điền, Cần Thơ		Homestay Tân Thới	02923651111	4	93	t
54	2024-10-24 05:09:54.018877	2024-10-24 05:09:54.018877	Xã Giai Xuân, Huyện Phong Điền, Cần Thơ		Homestay Giai Xuân	02923655444	4	95	t
55	2024-10-24 05:09:54.654217	2024-10-24 05:09:54.654217	Đường 30 Tháng 4, TP. Cần Thơ		Homestay Hạnh Phúc	02923735222	4	96	t
56	2024-10-24 05:09:55.299528	2024-10-24 05:09:55.299528	Đường Trần Hưng Đạo, TP. Cần Thơ		Resort Cần Thơ	02923747888	4	97	t
29	2024-10-24 05:09:36.941086	2024-10-24 05:09:36.941086	456 Lê Lợi, TP. Sóc Trăng		Khách sạn Cồn Ông	0292654321	4	62	t
214	2024-10-28 16:06:16.889694	2024-10-28 16:06:16.889694	Xã Cư Êbur, TP. Buôn Ma Thuột		Homestay Cư Êbur	02623871222	4	288	t
215	2024-10-28 16:06:17.514277	2024-10-28 16:06:17.514277	Phường Tân Lợi, TP. Buôn Ma Thuột		Homestay Tân Lợi	02623872333	4	289	t
216	2024-10-28 16:06:18.336331	2024-10-28 16:06:18.336331	Xã Krông Ana, Huyện Krông Ana		Homestay Krông Ana	02623873444	4	290	t
217	2024-10-28 16:06:19.243366	2024-10-28 16:06:19.243366	Xã Ea Tu, TP. Buôn Ma Thuột		Homestay Ea Tu	02623874555	4	291	t
218	2024-10-28 16:06:20.060482	2024-10-28 16:06:20.060482	Đường Hùng Vương, TP. Buôn Ma Thuột		Resort Đắk Lắk Garden	02623875666	4	292	t
219	2024-10-28 16:06:20.77203	2024-10-28 16:06:20.77203	Đường Bùi Thị Xuân, TP. Buôn Ma Thuột		Resort Làng Cà Phê	02623876777	4	293	t
220	2024-10-28 16:06:21.597516	2024-10-28 16:06:21.597516	Đường Lê Duẩn, TP. Pleiku		Khách Sạn Pleiku	02693822888	4	294	t
221	2024-10-28 16:06:22.408544	2024-10-28 16:06:22.408544	Đường Nguyễn Thị Minh Khai, TP. Pleiku		Khách Sạn Sài Gòn – Pleiku	02693881777	4	296	t
222	2024-10-28 16:06:23.243122	2024-10-28 16:06:23.243122	Xã Nghĩa Hưng, Huyện Chư Pah		Homestay Nghĩa Hưng	02693882888	4	297	t
1	2024-10-24 04:21:51.280656	2024-12-15 23:09:18.618609	159 Thuy Van, Vung Tau, Vietnam	Chi nhánh 1	Hotel Imperial Vung Tau	0954385115	4	5	t
2	2024-10-24 04:21:52.231077	2024-10-28 16:26:03.123273	9 Hoang Hoa Tham, Vung Tau, Vietnam		An Hoa Residence	0254355088	4	10	t
4	2024-10-24 05:09:19.838803	2024-10-28 16:35:25.78149	123 Tran Phu, Vung Tau, Vietnam		Homestay Vung Tau	0901234567	4	11	t
5	2024-10-24 05:09:20.501189	2024-10-28 16:50:56.228197	28 Đường Thi Sách 5.23, Tòa nhà The Sóng, Tầng 5 Vung Tau		Cozy Homestay	0933330330	4	12	t
6	2024-10-24 05:09:21.181599	2024-10-28 17:09:19.987787	789 Le Lai, Vung Tau, Vietnam		Vung Tau Homestay	0928765432	4	13	t
7	2024-10-24 05:09:21.875961	2024-10-28 17:10:52.883396	Binh Chau, Xuyen Moc, Vung Tau, Vietnam		Ocean View Resort	0254385888	4	14	t
8	2024-10-24 05:09:22.558526	2024-10-28 17:40:37.55487	1 Thùy Vân Vung Tau 790 Tỉnh Bà Rịa-vũng Tàu		Vung Tau Paradise Resort	0254385342	4	29	t
49	2024-10-24 05:09:50.520985	2024-11-16 06:17:07.088764	Đường Lê Lợi, TP. Cần Thơ		Khách Sạn Nam Bộ	02923730999	4	90	t
57	2024-10-24 05:09:55.967432	2024-10-24 05:09:55.967432	Xã Tân Thới, Huyện Phong Điền, Cần Thơ		Resort Vườn Cò	02923652777	4	98	t
58	2024-10-24 05:09:56.644352	2024-10-24 05:09:56.644352	Đường 3/2, TP. Rạch Giá, Kiên Giang		Khách Sạn Victoria Rạch Giá	02973853888	4	99	t
59	2024-10-24 05:09:57.30464	2024-10-24 05:09:57.30464	Đường Nguyễn Công Trứ, TP. Rạch Giá, Kiên Giang		Khách Sạn Ngọc Hà	02973899999	4	100	t
60	2024-10-24 05:09:57.96879	2024-10-24 05:09:57.96879	Đường Trần Hưng Đạo, TP. Phú Quốc, Kiên Giang		Khách Sạn Novotel Phú Quốc	02973991111	4	101	t
61	2024-10-24 05:09:58.615411	2024-10-24 05:09:58.615411	Xã Tân Hiệp, Huyện Châu Thành, Kiên Giang		Homestay Tân Hiệp	02973747222	4	102	t
63	2024-10-24 05:09:59.935873	2024-10-24 05:09:59.935873	Xã An Hòa, Huyện An Biên, Kiên Giang		Homestay An Hòa	02973890222	4	104	t
64	2024-10-24 05:10:00.622055	2024-10-24 05:10:00.622055	Đường Trần Phú, TP. Rạch Giá, Kiên Giang		Homestay Rạch Giá	02973850333	4	105	t
66	2024-10-24 05:10:01.913538	2024-10-24 05:10:01.913538	Đường Trần Hưng Đạo, TP. Phú Quốc, Kiên Giang		Resort JW Marriott Phú Quốc	02973990888	4	107	t
67	2024-10-24 05:10:02.603218	2024-10-24 05:10:02.603218	Xã Dương Tơ, TP. Phú Quốc, Kiên Giang		Resort Vinpearl Phú Quốc	02973991222	4	108	t
72	2024-10-24 05:10:05.942	2024-10-24 05:10:05.942	Xã Phú Mỹ, Huyện Châu Thành, Kiên Giang		Homestay Phú Mỹ	02973747131	4	118	t
75	2024-10-24 05:10:07.921027	2024-10-24 05:10:07.921027	Đường Dương Đông, TP. Phú Quốc, Kiên Giang		Homestay Bãi Sao	02973992424	4	121	t
78	2024-10-24 05:10:09.853332	2024-10-24 05:10:09.853332	Đường Lê Lợi, TP. Long Xuyên, An Giang		Khách Sạn Hòa Bình	02963868888	4	130	t
79	2024-10-24 05:10:10.534497	2024-10-24 05:10:10.534497	Đường Trần Hưng Đạo, TP. Long Xuyên, An Giang		Khách Sạn Sài Gòn - An Giang	02963868999	4	131	t
80	2024-10-24 05:10:11.206395	2024-10-24 05:10:11.206395	Đường Nguyễn Thái Học, TP. Châu Đốc, An Giang		Khách Sạn Victoria Châu Đốc	02963883333	4	132	t
81	2024-10-24 05:10:11.881012	2024-10-24 05:10:11.881012	Xã Tân An, Huyện Tịnh Biên, An Giang		Homestay Tân An	2963855222	4	133	t
82	2024-10-24 05:10:12.544523	2024-10-24 05:10:12.545528	Xã Khánh An, Huyện An Phú, An Giang		Homestay Khánh An	2963855111	4	134	t
83	2024-10-24 05:10:13.238451	2024-10-24 05:10:13.238451	Xã Vĩnh Hội Đông, Huyện An Phú, An Giang		Homestay Vĩnh Hội	2963880222	4	135	t
84	2024-10-24 05:10:13.882069	2024-10-24 05:10:13.882069	Xã Tân Trung, Huyện Châu Thành, An Giang		Homestay Tân Trung	2963865333	4	136	t
85	2024-10-24 05:10:14.544796	2024-10-24 05:10:14.544796	Đường Nguyễn Thị Minh Khai, TP. Long Xuyên, An Giang		Homestay Long Xuyên	2963868666	4	137	t
86	2024-10-24 05:10:15.193074	2024-10-24 05:10:15.193074	Đường Trần Hưng Đạo, TP. Châu Đốc, An Giang		Resort Victoria Châu Đốc	2963883444	4	138	t
87	2024-10-24 05:10:15.872072	2024-10-24 05:10:15.872072	Đường Quốc Lộ 91, TP. Châu Đốc, An Giang		Resort Phú Quốc An Giang	2963880888	4	139	t
30	2024-10-24 05:09:37.588648	2024-10-24 05:09:37.588648	789 Trần Hưng Đạo, TP. Sóc Trăng		Khách sạn Tâm An	0292234567	4	63	t
36	2024-10-24 05:09:41.713645	2024-10-24 05:09:41.713645	505 Đường 1/5, TP. Sóc Trăng		Homestay Hoa Bạch	0292890123	4	69	t
31	2024-10-24 05:09:38.291266	2024-10-24 05:09:38.291266	101 Đường 30/4, TP. Sóc Trăng		Homestay Như Ý	0292345678	4	64	t
28	2024-10-24 05:09:36.23137	2024-10-24 05:09:36.23137	123 Nguyễn Huệ, TP. Sóc Trăng		Khách sạn Sóc Trăng	0292123456	4	61	t
37	2024-10-24 05:09:42.393177	2024-10-24 05:09:42.393177	606 Hồ Chí Minh, TP. Sóc Trăng		Homestay Mùa Hè	0292901234	4	70	t
34	2024-10-24 05:09:40.304082	2024-10-24 05:09:40.304082	404 Trần Phú, TP. Sóc Trăng		Resort Bạc Liêu	0292678901	4	67	t
35	2024-10-24 05:09:40.994765	2024-10-24 05:09:40.994765	505 Đường 1/5, TP. Sóc Trăng		Resort Trà Sư	0292789012	4	68	t
32	2024-10-24 05:09:38.946211	2024-10-24 05:09:38.946211	202 Nguyễn Thị Minh Khai, TP. Sóc Trăng		Homestay Bình Yên	0292456789	4	65	t
33	2024-10-24 05:09:39.654733	2024-10-24 05:09:39.654733	303 Lê Văn Tám, TP. Sóc Trăng		Homestay Đầm Thị	0292567890	4	66	t
89	2024-10-28 16:04:43.536907	2024-10-28 16:04:43.537961	168 Trần Hưng Đạo, khóm 8 Phường 5, TP. Cà Mau		Khách sạn Hoàng Hổ	0919525268	4	7	t
91	2024-10-28 16:04:45.235941	2024-10-28 16:04:45.235941	Xã Dương Tơ, TP. Phú Quốc, Kiên Giang		Resort Vinpearl Phú Quốc	02973991322	4	123	t
92	2024-10-28 16:04:45.899836	2024-10-28 16:04:45.899836	Đường 30/4, TP. Cao Lãnh, Đồng Tháp		Khách Sạn Sài Gòn - Đồng Tháp	02773855555	4	140	t
93	2024-10-28 16:04:46.590289	2024-10-28 16:04:46.590289	Đường Lê Quý Đôn, TP. Cao Lãnh		Khách Sạn Mỹ Phước	02773888888	4	141	t
94	2024-10-28 16:04:47.387564	2024-10-28 16:04:47.387564	Đường Nguyễn Huệ, TP. Sa Đéc, Đồng Tháp		Khách Sạn Sa Đéc	02773933333	4	142	t
95	2024-10-28 16:04:48.10407	2024-10-28 16:04:48.10407	Xã Mỹ Hiệp, Huyện Cao Lãnh, Đồng Tháp		Homestay Mỹ Hiệp	02773866222	4	143	t
96	2024-10-28 16:04:48.922115	2024-10-28 16:04:48.922115	Xã Tân Khánh Đông, TP. Sa Đéc, Đồng Tháp		Homestay Tân Khánh	02773931111	4	144	t
97	2024-10-28 16:04:49.642205	2024-10-28 16:04:49.642205	Xã Tân Hòa,Huyện Lai Vung, Đồng Tháp		Homestay Tân Hòa	02773840333	4	145	t
98	2024-10-28 16:04:50.459865	2024-10-28 16:04:50.459865	Xã Mỹ An,Huyện Tháp Mười, Đồng Tháp		Homestay Mỹ An	02773878222	4	146	t
99	2024-10-28 16:04:51.287847	2024-10-28 16:04:51.287847	Đường Nguyễn Thị Minh Khai, TP. Cao Lãnh, Đồng Tháp		Homestay Cao Lãnh	02773855777	4	147	t
100	2024-10-28 16:04:52.104158	2024-10-28 16:04:52.104158	Đường 30/4, TP. Sa Đéc, Đồng Tháp		Resort Trường Thịnh	02773933666	4	148	t
90	2024-10-28 16:04:44.5231	2024-11-03 18:34:54.215182	09 Thống Nhất, Vũng Tàu		Muong Thanh Vung Tau	0254355246	4	8	t
101	2024-10-28 16:04:52.96455	2024-10-28 16:04:52.96455	Đường Quốc Lộ 1A, TP. Cao Lãnh, Đồng Tháp		Resort Đồng Tháp	02773855888	4	149	t
102	2024-10-28 16:04:53.741724	2024-10-28 16:04:53.741724	Đường Nguyễn Thái Học, TP. Vĩnh Long		Khách Sạn Vĩnh Long	02703841111	4	150	t
103	2024-10-28 16:04:54.555677	2024-10-28 16:04:54.555677	Đường Trần Phú, TP. Vĩnh Long		Khách Sạn Khải Hoàn	02703841222	4	151	t
104	2024-10-28 16:04:55.270619	2024-10-28 16:04:55.270619	Xã Tân Ngãi, TP. Vĩnh Long		Homestay Tân Ngãi	02703843444	4	153	t
105	2024-10-28 16:04:55.986273	2024-10-28 16:04:55.986273	Xã Long Phước, Huyện Long Hồ, Vĩnh Long		Homestay Long Phước	02703844555	4	154	t
106	2024-10-28 16:04:56.642502	2024-10-28 16:04:56.642502	Xã Bình Minh, Huyện Bình Minh, Vĩnh Long		Homestay Bình Minh	02703845666	4	155	t
107	2024-10-28 16:04:57.421145	2024-10-28 16:04:57.421145	Xã Thanh Đức, Huyện Long Hồ, Vĩnh Long		Homestay Thanh Đức	02703846777	4	156	t
108	2024-10-28 16:04:58.243054	2024-10-28 16:04:58.243054	Đường Trần Đề, TP. Vĩnh Long		Homestay Vĩnh Long	02703847888	4	157	t
109	2024-10-28 16:04:58.930181	2024-10-28 16:04:58.930181	Đường Quốc Lộ 1A, Huyện Long Hồ, Vĩnh Long		Resort Vĩnh Long	02703848999	4	158	t
110	2024-10-28 16:04:59.688555	2024-10-28 16:04:59.688555	Đường 30/4, Huyện Mang Thít, Vĩnh Long		Resort Thanh Bình	02703849000	4	159	t
111	2024-10-28 16:05:00.49879	2024-10-28 16:05:00.49879	Đường Nguyễn Huệ, TP. Trà Vinh		Khách Sạn Trà Vinh	02943852111	4	160	t
112	2024-10-28 16:05:01.209791	2024-10-28 16:05:01.209791	Đường Hùng Vương, TP. Trà Vinh		Khách Sạn Mekong	02943852333	4	162	t
113	2024-10-28 16:05:01.977767	2024-10-28 16:05:01.977767	Xã Hòa Tân, Huyện Càng Long, Trà Vinh		Homestay Hòa Tân	02943853444	4	163	t
114	2024-10-28 16:05:02.851747	2024-10-28 16:05:02.851747	Xã Mỹ Long, Huyện Cầu Ngang, Trà Vinh		Homestay Mỹ Long	02943855666	4	165	t
115	2024-10-28 16:05:03.516404	2024-10-28 16:05:03.516404	Xã Long Đức, Huyện Long Hồ, Trà Vinh		Homestay Long Đức	02943856777	4	166	t
116	2024-10-28 16:05:04.227529	2024-10-28 16:05:04.227529	Đường Nguyễn Trãi, TP. Trà Vinh		Homestay Trà Vinh	02943857888	4	167	t
117	2024-10-28 16:05:05.010618	2024-10-28 16:05:05.010618	Đường Quốc Lộ 60, Huyện Trà Cú, Trà Vinh		Resort Trà Vinh Beach	02943858999	4	168	t
118	2024-10-28 16:05:05.816121	2024-10-28 16:05:05.816121	Đường 30/4, TP. Trà Vinh		Resort Mỹ Long	02943859000	4	169	t
119	2024-10-28 16:05:06.562759	2024-10-28 16:05:06.562759	Đường Nguyễn Huệ, TP. Bến Tre		Khách Sạn Bến Tre	02753835111	4	173	t
120	2024-10-28 16:05:07.357878	2024-10-28 16:05:07.357878	Đường Lê Văn Khương, TP. Bến Tre		Khách Sạn Hùng Vương	02753835222	4	174	t
121	2024-10-28 16:05:08.07323	2024-10-28 16:05:08.07323	Xã Bình Phú, TP. Bến Tre		Homestay Bình Phú	02753836444	4	176	t
122	2024-10-28 16:05:08.789215	2024-10-28 16:05:08.789215	Xã Phú Nhuận, Huyện Bến Tre, Bến Tre		Homestay Phú Nhuận	02753837555	4	177	t
123	2024-10-28 16:05:09.462019	2024-10-28 16:05:09.462019	Xã Thanh Tân, Huyện Mỏ Cày Bắc, Bến Tre		Homestay Thanh Tân	02753838666	4	178	t
124	2024-10-28 16:05:10.321242	2024-10-28 16:05:10.321242	Xã Tân Thành, Huyện Mỏ Cày Nam, Bến Tre		Homestay Tân Thành	02753839777	4	179	t
125	2024-10-28 16:05:11.052162	2024-10-28 16:05:11.052162	Xã Mỹ Thạnh An, TP. Bến Tre		Homestay Mỹ Thạnh An	02753840888	4	180	t
126	2024-10-28 16:05:11.866321	2024-10-28 16:05:11.866321	Đường Quốc Lộ 60, TP. Bến Tre		Resort Cồn Ngựa	02753841999	4	181	t
127	2024-10-28 16:05:12.542984	2024-10-28 16:05:12.542984	Đường 30/4, TP. Bến Tre		Resort Bến Tre River	02753842000	4	182	t
128	2024-10-28 16:05:13.330499	2024-10-28 16:05:13.330499	Đường Nguyễn Huệ, TP. Mỹ Tho		Khách Sạn Mỹ Tho	02733882111	4	183	t
129	2024-10-28 16:05:14.173751	2024-10-28 16:05:14.173751	Đường Lê Lợi, TP. Mỹ Tho		Khách Sạn Trung An	02733882222	4	184	t
130	2024-10-28 16:05:14.932162	2024-10-28 16:05:14.932162	Đường Trần Hưng Đạo, TP. Mỹ Tho		Khách Sạn Đồng Na	02733882333	4	185	t
131	2024-10-28 16:05:15.566642	2024-10-28 16:05:15.566642	Xã Tân Phong, TP. Mỹ Tho		Homestay Tân Phong	02733883444	4	186	t
132	2024-10-28 16:05:16.303835	2024-10-28 16:05:16.303835	Xã Bình Đức, Huyện Châu Thành, Tiền Giang		Homestay Bình Đức	02733884555	4	187	t
133	2024-10-28 16:05:16.981173	2024-10-28 16:05:16.981173	Xã Thân Cửu Nghĩa, Huyện Châu Thành, Tiền Giang		Homestay Thân Cửu Nghĩa	02733885666	4	188	t
134	2024-10-28 16:05:17.699562	2024-10-28 16:05:17.699562	Xã Long Định, Huyện Châu Thành, Tiền Giang		Homestay Long Định	02733886777	4	189	t
135	2024-10-28 16:05:18.518635	2024-10-28 16:05:18.518635	Đường Quốc Lộ 1A, Huyện Gò Công Đông, Tiền Giang		Homestay Gò Công	02733887888	4	190	t
136	2024-10-28 16:05:19.279167	2024-10-28 16:05:19.279167	Đường Quốc Lộ 50, TP. Mỹ Tho		Resort Mỹ Tho Riverside	02733888999	4	191	t
137	2024-10-28 16:05:19.950057	2024-10-28 16:05:19.950057	Đường ĐT 870A, Huyện Tân Phước, Tiền Giang		Resort Tân Phước	02733889000	4	192	t
138	2024-10-28 16:05:20.621651	2024-10-28 16:05:20.621651	Đường Trần Hưng Đạo, TP. Tân An		Khách Sạn Tân An	02723836111	4	206	t
139	2024-10-28 16:05:21.385442	2024-10-28 16:05:21.385442	Đường Lê Duẩn, TP. Tân An		Khách Sạn Long An	02723836222	4	207	t
140	2024-10-28 16:05:22.104019	2024-10-28 16:05:22.104019	Đường Quốc Lộ 1A, TP. Tân An		Khách Sạn Cửu Long	02723836333	4	208	t
141	2024-10-28 16:05:22.823729	2024-10-28 16:05:22.823729	Xã Bình Tâm, TP. Tân An		Homestay Bình Tâm	02723837444	4	209	t
142	2024-10-28 16:05:23.532714	2024-10-28 16:05:23.532714	Xã Nhơn Thạnh, Huyện Bến Lức, Long An		Homestay Nhơn Thạnh	02723838555	4	210	t
143	2024-10-28 16:05:24.30771	2024-10-28 16:05:24.30771	Xã Thái Bình, Huyện Vĩnh Hưng, Long An		Homestay Thái Bình	02723839666	4	211	t
144	2024-10-28 16:05:25.176065	2024-10-28 16:05:25.176065	Xã Đức Hòa Thượng, Huyện Đức Hòa, Long An		Homestay Đức Hòa Thượng	02723840777	4	212	t
145	2024-10-28 16:05:25.986021	2024-10-28 16:05:25.986021	Xã Lợi Bình Nhơn, TP. Tân An		Homestay Lợi Bình Nhơn	02723841888	4	213	t
146	2024-10-28 16:05:26.819298	2024-10-28 16:05:26.819298	Đường Quốc Lộ 62, Huyện Bến Lức, Long An		Resort Bến Lức	02723842999	4	214	t
147	2024-10-28 16:05:27.475607	2024-10-28 16:05:27.475607	Đường Quốc Lộ 62, Huyện Bến Lức, Long An		Resort Phú An	02723843000	4	215	t
149	2024-10-28 16:05:29.168456	2024-10-28 16:05:29.168456	Đường Trần Hưng Đạo, Quận 1		Khách Sạn Majestic	02838295517	4	217	t
150	2024-10-28 16:05:29.884077	2024-10-28 16:05:29.884077	Đường Nguyễn Huệ, Quận 1		Khách Sạn Grand Saigon	02838292002	4	218	t
152	2024-10-28 16:05:31.311032	2024-10-28 16:05:31.311032	Đường Nguyễn Thị Nghĩa, Quận 1		Homestay Nghĩa	02838373080	4	220	t
153	2024-10-28 16:05:32.183839	2024-10-28 16:05:32.183839	Đường Lê Văn Sỹ, Quận 3		Homestay Lê Văn Sỹ	02839977997	4	221	t
151	2024-10-28 16:05:30.494886	2024-11-03 19:03:50.605012	Đường Phạm Ngũ Lão, Quận 1		Homestay Phạm Ngũ Lão	02838362045	4	219	t
155	2024-10-28 16:05:33.674054	2024-11-03 19:16:09.197164	Đường Võ Nguyên Giáp, Quận 7		Resort An Lam Saigon River	02837405888	4	223	t
156	2024-10-28 16:05:34.596223	2024-11-03 19:25:49.119154	Đường Nguyễn Hữu Cảnh, Bình Thạnh		Resort The Landmark	02822530000	4	224	t
154	2024-10-28 16:05:32.956793	2024-11-03 19:33:05.343623	Đường Lê Văn Sỹ, Quận 3		Homestay Mới	02839999999	4	222	t
157	2024-10-28 16:05:35.255985	2024-10-28 16:05:35.255985	Đường Đinh Tiên Hoàng, TP. Biên Hòa		Khách Sạn Vạn Phúc	02513888888	4	225	t
158	2024-10-28 16:05:36.024424	2024-10-28 16:05:36.024424	Đường Nguyễn Văn Trỗi, TP. Biên Hòa		Khách Sạn Golf Biên Hòa	02513883333	4	227	t
159	2024-10-28 16:05:36.744797	2024-10-28 16:05:36.744797	Xã Hố Nai 3, Huyện Trảng Bom		Homestay Hố Nai 3	02513894444	4	228	t
160	2024-10-28 16:05:37.458051	2024-10-28 16:05:37.458051	Xã Phú Hội, Huyện Nhơn Trạch		Homestay Phú Hội	02513896666	4	230	t
161	2024-10-28 16:05:38.280938	2024-10-28 16:05:38.280938	Xã Long Thành, Huyện Long Thành		Homestay Long Thành	02513897777	4	231	t
162	2024-10-28 16:05:38.996726	2024-10-28 16:05:38.996726	Xã An Phước, Huyện Long Thành		Homestay An Phước	02513898888	4	232	t
163	2024-10-28 16:05:39.713265	2024-10-28 16:05:39.713265	Đường 19/8, TP. Biên Hòa		Resort Melia Hồ Tràm Beach	02513681111	4	233	t
164	2024-10-28 16:05:40.640223	2024-10-28 16:05:40.640223	Xã Phước Tân, TP. Biên Hòa		Resort Vườn Vua Resort	02513899000	4	234	t
165	2024-10-28 16:05:41.45715	2024-10-28 16:05:41.45715	Đường 30/4, TP. Thủ Dầu Một		Khách Sạn Thanh Bình	02743843333	4	236	t
166	2024-10-28 16:05:42.275662	2024-10-28 16:05:42.275662	Đường ĐT743, TP. Dĩ An		Khách Sạn Dĩ An	02743787888	4	237	t
167	2024-10-28 16:05:42.989591	2024-10-28 16:05:42.989591	Phường An Bình, TP. Dĩ An		Homestay An Bình	02743789000	4	239	t
168	2024-10-28 16:05:43.706572	2024-10-28 16:05:43.706572	Phường Bình Hòa, TP. Thuận An		Homestay Bình Hòa	02743789111	4	240	t
169	2024-10-28 16:05:44.525599	2024-10-28 16:05:44.525599	Phường Bình Nhâm, TP. Thuận An		Homestay Bình Nhâm	02743790222	4	241	t
170	2024-10-28 16:05:45.345604	2024-10-28 16:05:45.345604	Phường Lái Thiêu, TP. Thuận An		Homestay Lái Thiêu	02743791333	4	242	t
171	2024-10-28 16:05:46.062368	2024-10-28 16:05:46.062368	Đường Hùng Vương, TP. Thủ Dầu Một		Resort Bạch Dinh	02743856789	4	243	t
172	2024-10-28 16:05:46.886968	2024-10-28 16:05:46.886968	Đường Nguyễn Văn Tiết, TP. Thủ Dầu Một		Resort Phú Nhuận	02743821222	4	244	t
173	2024-10-28 16:05:47.593381	2024-10-28 16:05:47.593381	Đường Cách Mạng Tháng Tám, TP. Tây Ninh		Khách Sạn Victory	02763856789	4	245	t
174	2024-10-28 16:05:48.345075	2024-10-28 16:05:48.345075	Đường Trần Hưng Đạo, TP. Tây Ninh		Khách Sạn Đông Hồ	02763822222	4	246	t
175	2024-10-28 16:05:48.986541	2024-10-28 16:05:48.986541	Đường Nguyễn Thị Minh Khai, TP. Tây Ninh		Khách Sạn Kim Hoàng	02763857888	4	247	t
176	2024-10-28 16:05:49.648016	2024-10-28 16:05:49.648016	Xã Suối Ngô, Huyện Dương Minh Châu		Homestay Suối Ngô	02763823333	4	248	t
177	2024-10-28 16:05:50.291512	2024-10-28 16:05:50.291512	Xã Ninh Sơn, Huyện Ninh Sơn		Homestay Ninh Sơn	02763824444	4	249	t
178	2024-10-28 16:05:50.978602	2024-10-28 16:05:50.978602	Phường 3, TP. Tây Ninh		Homestay Phường 3	02763858999	4	250	t
179	2024-10-28 16:05:51.598234	2024-10-28 16:05:51.598234	Xã Bàu Năng, Huyện Dương Minh Châu		Homestay Bàu Năng	02763860111	4	252	t
180	2024-10-28 16:05:52.36252	2024-10-28 16:05:52.36252	Đường Quốc lộ 22, TP. Tây Ninh		Resort Cát Tường	02763861222	4	253	t
181	2024-10-28 16:05:53.002869	2024-10-28 16:05:53.002869	Đường Trường Chinh, TP. Tây Ninh		Resort Hoàng Hảo	02763862333	4	254	t
182	2024-10-28 16:05:53.641943	2024-10-28 16:05:53.641943	Đường Lê Duẩn, TP. Đồng Xoài		Khách Sạn Đông Xoài	02713867888	4	255	t
183	2024-10-28 16:05:54.338821	2024-10-28 16:05:54.338821	Đường Quốc lộ 14, TP. Đồng Phú		Khách Sạn Đồng Phú	02713870000	4	257	t
184	2024-10-28 16:05:55.010788	2024-10-28 16:05:55.010788	Xã Phú Nghĩa, Huyện Bù Gia Mập		Homestay Phú Nghĩa	02713871111	4	258	t
185	2024-10-28 16:05:55.78695	2024-10-28 16:05:55.78695	Xã Thanh Bình, Huyện Bù Đăng		Homestay Thanh Bình	02713872222	4	259	t
186	2024-10-28 16:05:56.453073	2024-10-28 16:05:56.453073	Phường Tân Bình, TP. Đồng Xoài		Homestay Tân Bình	02713873333	4	260	t
187	2024-10-28 16:05:57.320151	2024-10-28 16:05:57.320151	Xã Nghĩa Trung, Huyện Bù Đăng		Homestay Nghĩa Trung	02713874444	4	261	t
188	2024-10-28 16:05:58.041565	2024-10-28 16:05:58.041565	Xã Phú Riềng, Huyện Phú Riềng		Homestay Phú Riềng	02713875555	4	262	t
189	2024-10-28 16:05:58.718568	2024-10-28 16:05:58.718568	Đường Hùng Vương, TP. Đồng Xoài		Resort Bù Đăng	02713876666	4	263	t
190	2024-10-28 16:05:59.357546	2024-10-28 16:05:59.357546	Đường Hồ Chí Minh, Huyện Bù Gia Mập		Resort Vườn Bảo Ngọc	02713877777	4	264	t
192	2024-10-28 16:06:00.627582	2024-10-28 16:06:00.627582	Đường Nguyễn Văn Cừ, TP. Đà Lạt		Khách Sạn Ngọc Lan	02633822999	4	266	t
194	2024-10-28 16:06:02.095287	2024-10-28 16:06:02.095287	Xã Tân Lạc, Huyện Lạc Dương		Homestay Tân Lạc	02633879999	4	268	t
195	2024-10-28 16:06:02.81321	2024-10-28 16:06:02.81321	Xã Xuân Thọ, Huyện Đà Lạt		Homestay Xuân Thọ	02633879000	4	269	t
196	2024-10-28 16:06:03.579637	2024-10-28 16:06:03.579637	Phường 3, TP. Đà Lạt		Homestay Đà Lạt Xanh	02633880111	4	270	t
197	2024-10-28 16:06:04.28926	2024-10-28 16:06:04.28926	Xã Bàu Năng, Huyện Dương Minh Châu		Homestay Bàu Năng	02763860111	4	252	t
198	2024-10-28 16:06:05.001392	2024-10-28 16:06:05.001392	Xã Đạ Nhim, Huyện Lạc Dương		Homestay Đạ Nhim	02633881222	4	271	t
199	2024-10-28 16:06:05.72557	2024-10-28 16:06:05.72557	Xã Đơn Dương, Huyện Đơn Dương		Homestay Đơn Dương	02633882333	4	272	t
200	2024-10-28 16:06:06.500095	2024-10-28 16:06:06.500095	Đường Hồ Tùng Mậu, TP. Đà Lạt		Resort Đà Lạt Palace	02633577888	4	273	t
201	2024-10-28 16:06:07.253741	2024-10-28 16:06:07.253741	Đường Trần Hưng Đạo, TP. Đà Lạt		Resort Mimoza	02633589999	4	274	t
202	2024-10-28 16:06:07.973441	2024-10-28 16:06:07.973441	Đường Nguyễn Văn Cừ, TP. Gia Nghĩa		Khách Sạn Gia Nghĩa	02613868999	4	275	t
203	2024-10-28 16:06:08.796545	2024-10-28 16:06:08.796545	Đường Lê Hồng Phong, TP. Gia Nghĩa		Khách Sạn Quê Hương	02613869888	4	276	t
204	2024-10-28 16:06:09.613403	2024-10-28 16:06:09.613403	Xã Đắk Rmoan, TP. Gia Nghĩa		Khách Sạn Đắk Nông	02613870777	4	277	t
205	2024-10-28 16:06:10.32832	2024-10-28 16:06:10.32832	Xã Đắk Nia, TP. Gia Nghĩa		Homestay Đắk Nia	02613871111	4	278	t
206	2024-10-28 16:06:11.047388	2024-10-28 16:06:11.047388	Xã Đắk Wer, Huyện Đắk R'lấp		Homestay Đắk Wer	02613872222	4	279	t
207	2024-10-28 16:06:11.863589	2024-10-28 16:06:11.863589	Xã Đắk Mol, Huyện Đắk Song		Homestay Đắk Mol	02613874444	4	281	t
208	2024-10-28 16:06:12.687098	2024-10-28 16:06:12.687098	Xã Đắk Ha, Huyện Đắk Glong		Homestay Đắk Ha	02613875555	4	282	t
209	2024-10-28 16:06:13.328402	2024-10-28 16:06:13.328402	Đường Lê Duẩn, TP. Gia Nghĩa		Resort Đắk Nông Eco	02613876666	4	283	t
210	2024-10-28 16:06:14.121963	2024-10-28 16:06:14.121963	Đường Nguyễn Tất Thành, TP. Buôn Ma Thuột		Khách Sạn Mường Thanh	02623868888	4	284	t
211	2024-10-28 16:06:14.788233	2024-10-28 16:06:14.788233	Đường Nguyễn Tất Thành, TP. Buôn Ma Thuột		Khách Sạn Hoàng Anh Gia Lai	02623821999	4	285	t
212	2024-10-28 16:06:15.526946	2024-10-28 16:06:15.526946	Đường Lê Thánh Tông, TP. Buôn Ma Thuột		Khách Sạn Đông Phương	02623869777	4	286	t
213	2024-10-28 16:06:16.203987	2024-10-28 16:06:16.203987	Xã Hòa Khánh, Huyện Buôn Hồ		Homestay Hòa Khánh	02623870111	4	287	t
193	2024-10-28 16:06:01.28838	2024-11-15 12:17:43.962314	Đường Phan Bội Châu, TP. Đà Lạt		Khách Sạn Kỳ Đà	02633567777	4	267	t
223	2024-10-28 16:06:24.052203	2024-10-28 16:06:24.052203	Xã Ia Kha, Huyện Ia Grai		Homestay Ia Kha	02693883999	4	298	t
224	2024-10-28 16:06:24.769961	2024-10-28 16:06:24.769961	Phường Yên Thế, TP. Pleiku		Homestay Yên Thế	02693884000	4	299	t
225	2024-10-28 16:06:25.491535	2024-10-28 16:06:25.491535	Xã Pờ Ê, Huyện Chư Sê		Homestay Pờ Ê	02693885111	4	300	t
226	2024-10-28 16:06:26.26231	2024-10-28 16:06:26.26231	Xã Biển Hồ, Huyện Pleiku		Homestay Biển Hồ	02693886222	4	301	t
227	2024-10-28 16:06:27.023612	2024-10-28 16:06:27.023612	Đường Trần Hưng Đạo, TP. Pleiku		Resort Biển Hồ	02693887333	4	302	t
228	2024-10-28 16:06:27.679039	2024-10-28 16:06:27.679039	Đường Nguyễn Huệ, TP. Pleiku		Resort Hoàng Ngọc	02693888444	4	303	t
229	2024-10-28 16:06:28.351033	2024-10-28 16:06:28.351033	Đường Trần Hưng Đạo, TP. Kon Tum		Khách Sạn Sông Đà	02603888888	4	304	t
230	2024-10-28 16:06:28.999055	2024-10-28 16:06:28.999055	Đường Hùng Vương, TP. Kon Tum		Khách Sạn Indochine	02603869999	4	305	t
231	2024-10-28 16:06:29.711553	2024-10-28 16:06:29.711553	Xã Đắk Rinh, Huyện Đắk Tô		Homestay Đắk Rinh	02603871111	4	307	t
232	2024-10-28 16:06:30.523087	2024-10-28 16:06:30.523087	Xã Đắk Kôi, Huyện Kon Plong		Homestay Đắk Kôi	02603873333	4	309	t
233	2024-10-28 16:06:31.292119	2024-10-28 16:06:31.292119	Xã Ngọc Linh, Huyện Đắk Glei		Homestay Ngọc Linh	02603874444	4	310	t
234	2024-10-28 16:06:32.093915	2024-10-28 16:06:32.093915	Xã Măng Bút, Huyện Kon Plong		Homestay Măng Bút	02603875555	4	311	t
235	2024-10-28 16:06:32.766009	2024-10-28 16:06:32.766009	Đường Nguyễn Huệ, TP. Kon Tum		Resort Green Kon Tum	02603876666	4	312	t
236	2024-10-28 16:06:33.516987	2024-10-28 16:06:33.516987	Xã Đắk Long, Huyện Kon Plong		Resort Đắk Long	02603877777	4	313	t
238	2024-10-28 16:06:35.012562	2024-10-28 16:06:35.012562	Đường Huỳnh Thúc Kháng, Mũi Né		Khách Sạn Sea Links Beach Resort	02523747777	4	315	t
239	2024-10-28 16:06:35.688909	2024-10-28 16:06:35.688909	Đường Võ Nguyên Giáp, Mũi Né		Khách Sạn Pandanus Resort	02523748888	4	316	t
240	2024-10-28 16:06:36.361905	2024-10-28 16:06:36.361905	Phường Phú Hài, Mũi Né		Homestay Phú Hài	02523749999	4	317	t
241	2024-10-28 16:06:37.059302	2024-10-28 16:06:37.059302	Phường Mũi Né, TP. Phan Thiết		Homestay Mũi Né	02523750000	4	318	t
242	2024-10-28 16:06:37.772204	2024-10-28 16:06:37.772204	Xã Tiến Thành, TP. Phan Thiết		Homestay Tiến Thành	02523751111	4	319	t
243	2024-10-28 16:06:38.441076	2024-10-28 16:06:38.441076	Phường Hàm Tiến, TP. Phan Thiết		Homestay Hàm Tiến	02523752222	4	320	t
244	2024-10-28 16:06:39.410149	2024-10-28 16:06:39.410149	Phường Phú Tài, TP. Phan Thiết		Homestay Phú Tài	02523753333	4	321	t
245	2024-10-28 16:06:40.125075	2024-10-28 16:06:40.125075	Đường Lê Lợi, TP. Phan Thiết		Resort The Cliff Resort & Residences	02523754444	4	322	t
246	2024-10-28 16:06:40.858713	2024-10-28 16:06:40.858713	Đường Võ Nguyên Giáp, Mũi Né		Resort Lotus Mũi Né	02523755555	4	323	t
247	2024-10-28 16:06:41.618559	2024-10-28 16:06:41.618559	Đường Lê Duẩn, TP. Phan Rang-Tháp Chàm		Khách Sạn Công Đoàn Ninh Thuận	02593888888	4	324	t
248	2024-10-28 16:06:42.481911	2024-10-28 16:06:42.481911	Đường Lê Quý Đôn, TP. Phan Rang-Tháp Chàm		Khách Sạn Vạn An	02593870777	4	326	t
249	2024-10-28 16:06:43.202703	2024-10-28 16:06:43.202703	Xã Phước Hải, Huyện Ninh Phước		Homestay Phước Hải	02593871111	4	327	t
250	2024-10-28 16:06:43.853913	2024-10-28 16:06:43.853913	Phường Mỹ Hải, TP. Phan Rang-Tháp Chàm		Homestay Mỹ Hải	02593872222	4	328	t
251	2024-10-28 16:06:44.508427	2024-10-28 16:06:44.508427	Xã Phước Tân, Huyện Ninh Phước		Homestay Phước Tân	02593873333	4	329	t
252	2024-10-28 16:06:45.184556	2024-10-28 16:06:45.184556	Xã Phước Sơn, Huyện Ninh Phước		Homestay Phước Sơn	02593874444	4	330	t
253	2024-10-28 16:06:45.800398	2024-10-28 16:06:45.800398	Phường Đô Vinh, TP. Phan Rang-Tháp Chàm		Homestay Đô Vinh	02593875555	4	331	t
254	2024-10-28 16:06:46.478172	2024-10-28 16:06:46.478172	Đường Lê Hồng Phong, TP. Phan Rang-Tháp Chàm		Resort Ninh Chữ	02593876666	4	332	t
255	2024-10-28 16:06:47.121994	2024-10-28 16:06:47.121994	Đường 16/4, TP. Phan Rang-Tháp Chàm		Resort Vĩnh Hy	02593877777	4	333	t
262	2024-10-28 16:06:51.641575	2024-10-28 16:06:51.641575	Xã Cam Bình, TP. Cam Ranh		Homestay Cam Bình	02583872222	4	340	t
263	2024-10-28 16:06:52.313443	2024-10-28 16:06:52.313443	Phường Cam Linh, TP. Cam Ranh		Homestay Cam Linh	02583873333	4	341	t
266	2024-10-28 16:06:54.305881	2024-10-28 16:06:54.305881	Đường Lê Duẩn, TP. Tuy Hòa		Khách Sạn Sài Gòn - Phú Yên	02573811111	4	344	t
267	2024-10-28 16:06:54.974046	2024-10-28 16:06:54.974046	Đường Trần Hưng Đạo, TP. Tuy Hòa		Khách Sạn Hoàng Khải	02573812222	4	345	t
268	2024-10-28 16:06:55.59258	2024-10-28 16:06:55.59258	Đường Nguyễn Huệ, TP. Tuy Hòa		Khách Sạn Trung Nam Hải	02573813333	4	346	t
269	2024-10-28 16:06:56.208703	2024-10-28 16:06:56.208703	Xã An Ninh Đông, Huyện Tuy An		Homestay An Ninh Đông	02573814444	4	347	t
270	2024-10-28 16:06:56.86173	2024-10-28 16:06:56.86173	Phường 6, TP. Tuy Hòa		Homestay Tuy Hòa	02573815555	4	348	t
271	2024-10-28 16:06:57.470477	2024-10-28 16:06:57.470477	Xã An Hải, Huyện Tuy An		Homestay An Hải	02573816666	4	349	t
272	2024-10-28 16:06:58.106112	2024-10-28 16:06:58.106112	Phường Xuân Yên, TP. Tuy Hòa		Homestay Xuân Yên	02573817777	4	350	t
273	2024-10-28 16:06:58.71718	2024-10-28 16:06:58.71718	Xã An Thạch, Huyện Tuy An		Homestay An Thạch	02573818888	4	351	t
274	2024-10-28 16:06:59.338955	2024-10-28 16:06:59.338955	Đường Lê Duẩn, TP. Tuy Hòa		Resort Sala Tuy Hòa	02573819999	4	352	t
275	2024-10-28 16:06:59.971405	2024-10-28 16:06:59.971405	Đường Nguyễn Tất Thành, TP. Tuy Hòa		Resort Yến Hương	02573820000	4	353	t
276	2024-10-28 16:07:00.57469	2024-10-28 16:07:00.57469	Đường Nguyễn Huệ, TP. Quy Nhơn		Khách Sạn Golden Coast	02563822222	4	355	t
277	2024-10-28 16:07:01.226186	2024-10-28 16:07:01.226186	Đường An Dương Vương, TP. Quy Nhơn		Khách Sạn Hải Âu	02563823333	4	356	t
278	2024-10-28 16:07:01.85436	2024-10-28 16:07:01.85436	Phường Lê Lợi, TP. Quy Nhơn		Homestay Lê Lợi	02563824444	4	357	t
279	2024-10-28 16:07:02.551522	2024-10-28 16:07:02.551522	Phường Trần Phú, TP. Quy Nhơn		Homestay Trần Phú	02563825555	4	358	t
264	2024-10-28 16:06:53.032698	2024-11-03 20:22:23.245897	Đường Trần Phú, TP. Nha Trang		Resort Evason Ana Mandara	02583891111	4	342	t
261	2024-10-28 16:06:51.021713	2024-11-03 20:25:55.852942	Phường Phước Long, TP. Nha Trang		Homestay Phước Long	02583871111	4	339	t
257	2024-10-28 16:06:48.355092	2024-11-03 20:34:28.294869	Đường Nguyễn Thị Minh Khai, TP. Nha Trang		Khách Sạn Sunrise Nha Trang	02583888888	4	335	t
258	2024-10-28 16:06:49.101638	2024-11-03 20:44:39.449168	Đường Lê Lợi, TP. Nha Trang		Khách Sạn Hằng Nga	02583822222	4	336	t
259	2024-10-28 16:06:49.78162	2024-11-03 20:53:53.195994	Phường Vĩnh Hải, TP. Nha Trang		Homestay Vĩnh Hải	02583869999	4	337	t
260	2024-10-28 16:06:50.41175	2024-11-03 20:56:10.113817	Xã Vĩnh Ngọc, TP. Nha Trang		Homestay Vĩnh Ngọc	02583870777	4	338	t
256	2024-10-28 16:06:47.731537	2024-11-11 03:59:56.667217	Đường Trần Phú, TP. Nha Trang		Khách Sạn Vinpearl Nha Trang	02583899999	4	334	t
237	2024-10-28 16:06:34.294542	2024-11-12 02:18:16.350588	Đường Nguyễn Đình Chiểu, Mũi Né		Khách Sạn Mũi Né Hills	02523745555	4	314	t
280	2024-10-28 16:07:03.219695	2024-10-28 16:07:03.219695	Xã Nhơn Hải, Huyện Nhơn Trạch		Homestay Nhơn Hải	02563826666	4	359	t
281	2024-10-28 16:07:03.837972	2024-10-28 16:07:03.837972	Xã Nhơn Bình, TP. Quy Nhơn		Homestay Nhơn Bình	02563827777	4	360	t
282	2024-10-28 16:07:04.44953	2024-10-28 16:07:04.44953	Phường Ghềnh Ráng, TP. Quy Nhơn		Homestay Ghềnh Ráng	02563828888	4	361	t
283	2024-10-28 16:07:05.095166	2024-10-28 16:07:05.095166	Đường Xuân Diệu, TP. Quy Nhơn		Resort FLC Quy Nhơn	02563829999	4	362	t
284	2024-10-28 16:07:05.703813	2024-10-28 16:07:05.703813	Đường Hoàng Hoa Thám, TP. Quy Nhơn		Resort Hoàng Anh Gia Lai	02563830000	4	363	t
285	2024-10-28 16:07:06.307246	2024-10-28 16:07:06.307246	Đường Hùng Vương, TP. Quảng Ngãi		Khách Sạn Hoàng Sa	02553823222	4	365	t
286	2024-10-28 16:07:06.907279	2024-10-28 16:07:06.907279	Đường Trần Phú, TP. Quảng Ngãi		Khách Sạn Thiên Đường Xanh	02553824333	4	366	t
287	2024-10-28 16:07:07.571588	2024-10-28 16:07:07.571588	Xã Tịnh Kỳ, TP. Quảng Ngãi		Homestay Tịnh Kỳ	02553825444	4	367	t
288	2024-10-28 16:07:08.214612	2024-10-28 16:07:08.214612	Xã Nghĩa Phú, TP. Quảng Ngãi		Homestay Nghĩa Phú	02553826555	4	368	t
289	2024-10-28 16:07:08.83153	2024-10-28 16:07:08.83153	Xã Tịnh Sơn, Huyện Sơn Tịnh		Homestay Tịnh Sơn	02553828777	4	370	t
290	2024-10-28 16:07:09.449741	2024-10-28 16:07:09.449741	Xã Bình Hải, Huyện Bình Sơn		Homestay Bình Hải	02553829888	4	371	t
291	2024-10-28 16:07:10.06323	2024-10-28 16:07:10.06323	Đường Lê Lợi, TP. Quảng Ngãi		Resort Sa Huỳnh Beach Resort	02553830000	4	372	t
292	2024-10-28 16:07:10.681376	2024-10-28 16:07:10.681376	Đường Nguyễn Huệ, TP. Hội An		Khách Sạn Silk Village	02353911111	4	374	t
293	2024-10-28 16:07:11.299459	2024-10-28 16:07:11.299459	Đường Cửa Đại, TP. Hội An		Khách Sạn Hạnh Phúc	02353912222	4	375	t
294	2024-10-28 16:07:11.923381	2024-10-28 16:07:11.923381	Đường Lê Lợi, TP. Tam Kỳ		Khách Sạn Hương Sen	02353913333	4	376	t
295	2024-10-28 16:07:12.536985	2024-10-28 16:07:12.536985	Phường Cẩm Châu, TP. Hội An		Homestay Cẩm Châu	02353914444	4	377	t
296	2024-10-28 16:07:13.179343	2024-10-28 16:07:13.179343	Xã Duy Hải, Huyện Duy Xuyên		Homestay Duy Hải	02353915555	4	378	t
297	2024-10-28 16:07:13.787402	2024-10-28 16:07:13.787402	Phường Minh An, TP. Hội An		Homestay Minh An	02353916666	4	379	t
298	2024-10-28 16:07:14.423448	2024-10-28 16:07:14.423448	Xã Tam Thanh, Huyện Tam Kỳ		Homestay Tam Thanh	02353917777	4	380	t
299	2024-10-28 16:07:15.079464	2024-10-28 16:07:15.079464	Xã Điện Dương, Huyện Điện Bàn		Homestay Điện Dương	02353918888	4	381	t
300	2024-10-28 16:07:15.721634	2024-10-28 16:07:15.721634	Đường Nguyễn Tất Thành, TP. Hội An		Resort Palm Garden	02353919999	4	382	t
301	2024-10-28 16:07:16.37202	2024-10-28 16:07:16.37202	Đường Lạc Long Quân, TP. Hội An		Resort Golden Sand	02353920000	4	383	t
302	2024-10-28 16:07:17.012372	2024-10-28 16:07:17.012372	Đường Hàm Nghi, TP. Hà Tĩnh		Khách Sạn Bảo Khánh	02393856222	4	385	t
303	2024-10-28 16:07:17.639401	2024-10-28 16:07:17.639401	Đường Phan Đình Phùng, TP. Hà Tĩnh		Khách Sạn Mường Thanh Hà Tĩnh	02393856333	4	386	t
304	2024-10-28 16:07:18.290016	2024-10-28 16:07:18.290016	Xã Thạch Hạ, TP. Hà Tĩnh		Homestay Thạch Hạ	02393856444	4	387	t
305	2024-10-28 16:07:18.942538	2024-10-28 16:07:18.942538	Xã Cẩm Nhượng, Huyện Cẩm Xuyên		Homestay Cẩm Nhượng	02393856555	4	388	t
306	2024-10-28 16:07:19.595441	2024-10-28 16:07:19.595441	Phường Tân Giang, TP. Hà Tĩnh		Homestay Tân Giang	02393856666	4	389	t
307	2024-10-28 16:07:20.275249	2024-10-28 16:07:20.275249	Xã Kỳ Ninh, Huyện Kỳ Anh		Homestay Kỳ Ninh	02393856777	4	390	t
308	2024-10-28 16:07:20.946889	2024-10-28 16:07:20.946889	Xã Đức Hòa, Huyện Đức Thọ		Homestay Đức Hòa	02393856888	4	391	t
309	2024-10-28 16:07:21.683975	2024-10-28 16:07:21.683975	Đường Nguyễn Thị Minh Khai, TP. Hà Tĩnh		Resort Nghệ Tĩnh Resort	02393856999	4	392	t
310	2024-10-28 16:07:22.346627	2024-10-28 16:07:22.346627	Đường Biển Xuân Thành, Huyện Nghi Xuân		Resort Xuân Thành	02393857000	4	393	t
311	2024-10-28 16:07:22.96531	2024-10-28 16:07:22.96531	Đường Hồ Tùng Mậu, TP. Vinh		Khách Sạn Vinpearl Nghệ An	02383856111	4	394	t
312	2024-10-28 16:07:23.608595	2024-10-28 16:07:23.608595	Đường Lê Lợi, TP. Vinh		Khách Sạn Mường Thanh Grand	02383856222	4	395	t
313	2024-10-28 16:07:24.273568	2024-10-28 16:07:24.273568	Đường Nguyễn Văn Cừ, TP. Vinh		Khách Sạn Bạch Dương	02383856333	4	396	t
314	2024-10-28 16:07:24.920245	2024-10-28 16:07:24.920245	Phường Bến Thủy, TP. Vinh		Homestay Bến Thủy	02383856444	4	397	t
315	2024-10-28 16:07:25.551718	2024-10-28 16:07:25.551718	Xã Nghi Đức, TP. Vinh		Homestay Nghi Đức	02383856555	4	398	t
316	2024-10-28 16:07:26.209658	2024-10-28 16:07:26.209658	Xã Hưng Đông, TP. Vinh		Homestay Hưng Đông	02383856666	4	399	t
317	2024-10-28 16:07:26.863961	2024-10-28 16:07:26.863961	Xã Diễn Kim, Huyện Diễn Châu		Homestay Diễn Kim	02383856777	4	400	t
318	2024-10-28 16:07:27.49774	2024-10-28 16:07:27.49774	Xã Quỳnh Lưu, Huyện Quỳnh Lưu		Homestay Quỳnh Lưu	02383856888	4	401	t
319	2024-10-28 16:07:28.137842	2024-10-28 16:07:28.137842	Đường Cửa Lò, Huyện Nghi Lộc		Resort Cửa Lò	02393856999	4	402	t
320	2024-10-28 16:07:28.77602	2024-10-28 16:07:28.77602	Đường Bãi biển, Huyện Nghi Lộc		Resort Vinpearl Cửa Lò	02393857000	4	403	t
321	2024-10-28 16:07:29.425134	2024-10-28 16:07:29.425134	Đường Hòa Bình, TP. Hòa Bình		Khách Sạn Victoria Hòa Bình	02183856222	4	405	t
322	2024-10-28 16:07:30.06052	2024-10-28 16:07:30.06052	Xã Thung Nai, Huyện Cao Phong		Homestay Thung Nai	02183856444	4	407	t
323	2024-10-28 16:07:30.684748	2024-10-28 16:07:30.684748	Xã Kim Bôi, Huyện Kim Bôi		Homestay Kim Bôi	02183856555	4	408	t
324	2024-10-28 16:07:31.327163	2024-10-28 16:07:31.327163	Xã Vĩnh Đồng, Huyện Đà Bắc		Homestay Vĩnh Đồng	02183856666	4	409	t
325	2024-10-28 16:07:31.996929	2024-10-28 16:07:31.996929	Xã Mai Châu, Huyện Mai Châu		Homestay Mai Châu	02183856777	4	410	t
326	2024-10-28 16:07:32.661392	2024-10-28 16:07:32.661392	Xã Lạc Thủy, Huyện Lạc Thủy		Homestay Lạc Thủy	02183856888	4	411	t
327	2024-10-28 16:07:33.30541	2024-10-28 16:07:33.30541	Đường Hòa Bình, Huyện Mai Châu		Resort Mai Châu Ecolodge	02183856999	4	412	t
328	2024-10-28 16:07:33.92864	2024-10-28 16:07:33.92864	Đường Quốc lộ 6, Huyện Lương Sơn		Resort Serena Hòa Bình	02183857000	4	413	t
329	2024-10-28 16:07:34.607978	2024-10-28 16:07:34.607978	Đường Lê Văn Lương, TP. Sơn La		Khách Sạn Mường Thanh Sơn La	02123856111	4	414	t
330	2024-10-28 16:07:35.261923	2024-10-28 16:07:35.261923	Đường Ngọc Bích, TP. Sơn La		Khách Sạn Sao Mai	02123856222	4	415	t
331	2024-10-28 16:07:35.898531	2024-10-28 16:07:35.898531	Đường Chu Văn Thịnh, TP. Sơn La		Khách Sạn Thái Hòa	02123856333	4	416	t
332	2024-10-28 16:07:36.526953	2024-10-28 16:07:36.526953	Xã Mường Chiềng, Huyện Mường La		Homestay Mường Chiềng	02123856444	4	417	t
333	2024-10-28 16:07:37.202675	2024-10-28 16:07:37.202675	Xã Hát Lót, Huyện Mai Sơn		Homestay Hát Lót	02123856555	4	418	t
334	2024-10-28 16:07:37.859587	2024-10-28 16:07:37.859587	Xã Tà Hộc, Huyện Mai Sơn		Homestay Tà Hộc	02123856666	4	419	t
335	2024-10-28 16:07:38.506542	2024-10-28 16:07:38.506542	Xã Chiềng An, Huyện Văn Hồ		Homestay Chiềng An	02123856777	4	420	t
336	2024-10-28 16:07:39.13891	2024-10-28 16:07:39.13891	Xã Mường La, Huyện Mường La		Homestay Mường La	02123856888	4	421	t
337	2024-10-28 16:07:39.751344	2024-10-28 16:07:39.751344	Đường Quốc lộ 43, Huyện Mường La		Resort Mường La	02123856999	4	422	t
338	2024-10-28 16:07:40.392657	2024-10-28 16:07:40.392657	Đường Huổi Tà, Huyện Phù Yên		Resort Phù Yên	02123857000	4	423	t
339	2024-10-28 16:07:41.023062	2024-10-28 16:07:41.023062	Đường Lê Quý Đôn, TP. Lai Châu		Khách Sạn Lai Châu	02133856111	4	424	t
340	2024-10-28 16:07:41.68036	2024-10-28 16:07:41.68036	Đường 14/3, TP. Lai Châu		Khách Sạn Hữu Nghị	02133856222	4	425	t
341	2024-10-28 16:07:42.341487	2024-10-28 16:07:42.341487	Đường Đoàn Kết, TP. Lai Châu		Khách Sạn Tân Sơn	02133856333	4	426	t
342	2024-10-28 16:07:42.974124	2024-10-28 16:07:42.974124	Xã Mường So, Huyện Phong Thổ		Homestay Mường So	02133856444	4	427	t
343	2024-10-28 16:07:43.592576	2024-10-28 16:07:43.592576	Xã Sin Suối Hồ, Huyện Phong Thổ		Homestay Sin Suối Hồ	02133856555	4	428	t
344	2024-10-28 16:07:44.259934	2024-10-28 16:07:44.259934	Xã Tả Lèng, Huyện Tam Đường		Homestay Tả Lèng	02133856666	4	429	t
345	2024-10-28 16:07:44.979831	2024-10-28 16:07:44.979831	Xã Bản Bo, Huyện Tam Đường		Homestay Bản Bo	02133856777	4	430	t
346	2024-10-28 16:07:45.751756	2024-10-28 16:07:45.751756	Xã Mường Mít, Huyện Nậm Nhùn		Homestay Mường Mít	02133856888	4	431	t
347	2024-10-28 16:07:46.454056	2024-10-28 16:07:46.454056	Xã Tà Tổng, Huyện Mường Tè		Resort Tà Tổng	02133856999	4	432	t
348	2024-10-28 16:07:47.427973	2024-10-28 16:07:47.427973	Xã Mù Cang Chải, Huyện Mù Cang Chải		Resort Mù Cang Chải	02133857000	4	433	t
349	2024-10-28 16:07:48.073592	2024-10-28 16:07:48.073592	Đường 7/5, TP. Điện Biên Phủ		Khách Sạn Điện Biên	02153856111	4	434	t
350	2024-10-28 16:07:48.71142	2024-10-28 16:07:48.71142	Đường Trần Hưng Đạo, TP. Điện Biên Phủ		Khách Sạn Muong Thanh	02153856222	4	435	t
351	2024-10-28 16:07:49.329329	2024-10-28 16:07:49.329329	Xã Mường Phăng, Huyện Điện Biên		Homestay Mường Phăng	02153856444	4	437	t
352	2024-10-28 16:07:49.97728	2024-10-28 16:07:49.97728	Đường 10/3, Huyện Điện Biên		Resort Điện Biên	02153856999	4	438	t
353	2024-10-28 16:07:50.603965	2024-10-28 16:07:50.603965	Đường Hùng Vương, TP. Việt Trì		Khách Sạn Hùng Vương	02103856222	4	440	t
354	2024-10-28 16:07:51.235714	2024-10-28 16:07:51.235714	Đường Lê Quý Đôn, TP. Việt Trì		Khách Sạn Vạn Xuân	02103856333	4	441	t
355	2024-10-28 16:07:51.898825	2024-10-28 16:07:51.898825	Xã Hương Nộn, Huyện Tam Nông		Homestay Hương Nộn	02103856444	4	442	t
356	2024-10-28 16:07:52.530457	2024-10-28 16:07:52.530457	Xã Cổ Tiết, Huyện Tam Nông		Homestay Cổ Tiết	02103856555	4	443	t
357	2024-10-28 16:07:53.221912	2024-10-28 16:07:53.221912	Xã Vĩnh Lộc, Huyện Lâm Thao		Homestay Vĩnh Lộc	02103856666	4	444	t
358	2024-10-28 16:07:53.871212	2024-10-28 16:07:53.871212	Xã Thanh Minh, Huyện Thanh Ba		Homestay Thanh Minh	02103856777	4	445	t
359	2024-10-28 16:07:54.498057	2024-10-28 16:07:54.498057	Đường Quốc lộ 32, Huyện Đoan Hùng		Resort Đoan Hùng	02153856999	4	446	t
360	2024-10-28 16:07:55.138393	2024-10-28 16:07:55.138393	Xã Bảo Yên, Huyện Bảo Yên		Resort Bảo Yên	02153857000	4	447	t
361	2024-10-28 16:07:55.773769	2024-10-28 16:07:55.773769	Đường Nguyễn Thị Minh Khai, TP. Bắc Giang		Khách Sạn Bắc Giang	02043856111	4	448	t
362	2024-10-28 16:07:56.441561	2024-10-28 16:07:56.441561	Đường Lê Lợi, TP. Bắc Giang		Khách Sạn Mới	02043856222	4	449	t
363	2024-10-28 16:07:57.082396	2024-10-28 16:07:57.082396	Xã Tiên Sơn, Huyện Việt Yên		Homestay Tiên Sơn	02043856555	4	452	t
364	2024-10-28 16:07:57.712263	2024-10-28 16:07:57.712263	Xã Hương Mai, Huyện Việt Yên		Homestay Hương Mai	02043856666	4	453	t
365	2024-10-28 16:07:58.3306	2024-10-28 16:07:58.3306	Xã Quang Thịnh, Huyện Lạng Giang		Homestay Quang Thịnh	02043856777	4	454	t
366	2024-10-28 16:07:58.964745	2024-10-28 16:07:58.964745	Xã Tân Hưng, Huyện Yên Thế		Homestay Tân Hưng	02043856888	4	455	t
367	2024-10-28 16:07:59.57999	2024-10-28 16:07:59.57999	Xã Vô Tranh, Huyện Lục Nam		Resort Vô Tranh	02043856999	4	456	t
368	2024-10-28 16:08:00.2296	2024-10-28 16:08:00.2296	Xã Hố Nai, Huyện Lục Ngạn		Resort Hố Nai	02043857000	4	457	t
369	2024-10-28 16:08:00.876078	2024-10-28 16:08:00.876078	Đường Ngô Quyền, TP. Lạng Sơn		Khách Sạn Đông Kinh	02053856111	4	458	t
370	2024-10-28 16:08:01.507541	2024-10-28 16:08:01.507541	Đường Trần Đăng Ninh, TP. Lạng Sơn		Khách Sạn Quốc Tế Lạng Sơn	02053856333	4	460	t
371	2024-10-28 16:08:02.209403	2024-10-28 16:08:02.209403	Xã Mai Pha, TP. Lạng Sơn		Homestay Mai Pha	02043856444	4	461	t
372	2024-10-28 16:08:02.869322	2024-10-28 16:08:02.869322	Xã Chi Lăng, Huyện Chi Lăng		Homestay Chi Lăng	02043856555	4	462	t
373	2024-10-28 16:08:03.518117	2024-10-28 16:08:03.518117	Xã Hữu Lũng, Huyện Hữu Lũng		Homestay Hữu Lũng	02043856666	4	463	t
374	2024-10-28 16:08:04.168865	2024-10-28 16:08:04.168865	Xã Quang Lang, Huyện Văn Lãng		Homestay Quang Lang	02043856777	4	464	t
375	2024-10-28 16:08:04.796765	2024-10-28 16:08:04.796765	Xã Thụy Hùng, Huyện Văn Quan		Homestay Thụy Hùng	02043856888	4	465	t
376	2024-10-28 16:08:05.437982	2024-10-28 16:08:05.437982	Xã Lộc Bình, Huyện Lộc Bình		Resort Lộc Bình	02043856999	4	466	t
377	2024-10-28 16:08:06.069272	2024-10-28 16:08:06.069272	Xã Mẫu Sơn, Huyện Lộc Bình		Resort Mẫu Sơn	02043857000	4	467	t
378	2024-10-28 16:08:06.685753	2024-10-28 16:08:06.685753	Đường Lương Ngọc Quyến, TP. Thái Nguyên		Khách Sạn Thái Nguyên	02083856111	4	468	t
379	2024-10-28 16:08:07.343833	2024-10-28 16:08:07.343833	Đường Phan Đình Phùng, TP. Thái Nguyên		Khách Sạn Phú Lâm	02083856222	4	469	t
380	2024-10-28 16:08:07.988785	2024-10-28 16:08:07.988785	Xã Tân Cương, TP. Thái Nguyên		Homestay Tân Cương	02043856444	4	471	t
381	2024-10-28 16:08:08.614137	2024-10-28 16:08:08.614137	Xã Quyết Thắng, TP. Thái Nguyên		Homestay Quyết Thắng	02083856555	4	472	t
382	2024-10-28 16:08:09.225969	2024-10-28 16:08:09.225969	Xã Huống Thượng, TP. Thái Nguyên		Homestay Huống Thượng	02083856666	4	473	t
383	2024-10-28 16:08:09.877565	2024-10-28 16:08:09.877565	Xã Đồng Bẩm, TP. Thái Nguyên		Homestay Đồng Bẩm	02083856777	4	474	t
384	2024-10-28 16:08:10.514136	2024-10-28 16:08:10.514136	Xã Phúc Xuân, TP. Thái Nguyên		Homestay Phúc Xuân	02083856888	4	475	t
385	2024-10-28 16:08:11.173006	2024-10-28 16:08:11.173006	Xã Dân Tiến, Huyện Võ Nhai		Resort Dân Tiến	02083856999	4	476	t
386	2024-10-28 16:08:11.814735	2024-10-28 16:08:11.814735	Xã Lương Sơn, Huyện Phú Lương		Resort Lương Sơn	02083857000	4	477	t
387	2024-10-28 16:08:12.454985	2024-10-28 16:08:12.454985	Đường Nguyễn Thái Học, TP. Yên Bái		Khách Sạn Yên Bái	02163856111	4	478	t
388	2024-10-28 16:08:13.173923	2024-10-28 16:08:13.173923	Đường Lê Thánh Tông, TP. Yên Bái		Khách Sạn Hưng Thịnh	02163856333	4	480	t
389	2024-10-28 16:08:13.825615	2024-10-28 16:08:13.825615	Xã Minh Bảo, TP. Yên Bái		Homestay Minh Bảo	02163856444	4	481	t
390	2024-10-28 16:08:14.484616	2024-10-28 16:08:14.484616	Xã Văn Phú, TP. Yên Bái		Homestay Văn Phú	02163856555	4	482	t
391	2024-10-28 16:08:15.133747	2024-10-28 16:08:15.133747	Xã Nguyên Khê, Huyện Lục Yên		Homestay Nguyên Khê	02163856666	4	483	t
392	2024-10-28 16:08:15.757984	2024-10-28 16:08:15.757984	Xã Tân Hợp, Huyện Văn Yên		Homestay Tân Hợp	02163856777	4	484	t
393	2024-10-28 16:08:16.411577	2024-10-28 16:08:16.411577	Xã Phú Thịnh, Huyện Yên Bình		Homestay Phú Thịnh	02163856888	4	485	t
394	2024-10-28 16:08:17.059601	2024-10-28 16:08:17.059601	Xã Suối Giàng, Huyện Văn Chấn		Resort Suối Giàng	02163856999	4	486	t
395	2024-10-28 16:08:17.687497	2024-10-28 16:08:17.687497	Xã Cảm Nhân, Huyện Yên Bình		Resort Cảm Nhân	02163857000	4	487	t
396	2024-10-28 16:08:18.341946	2024-10-28 16:08:18.341946	Đường Lê Duẩn, TP. Lào Cai		Khách Sạn Lào Cai	02143856111	4	488	t
397	2024-10-28 16:08:18.952561	2024-10-28 16:08:18.952561	Đường Trần Hưng Đạo, TP. Lào Cai		Khách Sạn Hoàng Liên Sơn	02143856222	4	489	t
398	2024-10-28 16:08:19.597862	2024-10-28 16:08:19.597862	Xã Sa Pa, Huyện Sa Pa		Homestay Sa Pa	02143856444	4	491	t
399	2024-10-28 16:08:20.223326	2024-10-28 16:08:20.223326	Xã Tả Phìn, Huyện Sa Pa		Homestay Tả Phìn	02143856555	4	492	t
400	2024-10-28 16:08:20.86399	2024-10-28 16:08:20.86399	Xã Bát Xát, Huyện Bát Xát		Homestay Bát Xát	02143856666	4	493	t
401	2024-10-28 16:08:21.506763	2024-10-28 16:08:21.506763	Xã Mường Khương, Huyện Mường Khương		Homestay Mường Khương	02143856777	4	494	t
402	2024-10-28 16:08:22.193542	2024-10-28 16:08:22.193542	Xã Y Tý, Huyện Bát Xát		Homestay Y Tý	02143856888	4	495	t
403	2024-10-28 16:08:22.851396	2024-10-28 16:08:22.851396	Xã Tả Giàng Phình, Huyện Bát Xát		Resort Tả Giàng Phình	02143856999	4	496	t
404	2024-10-28 16:08:23.501522	2024-10-28 16:08:23.501522	Xã Lao Chải, Huyện Sa Pa		Resort Lao Chải	02143857000	4	497	t
405	2024-10-28 16:08:24.118882	2024-10-28 16:08:24.118882	Đường Trường Chinh, TP. Bắc Kạn		Khách Sạn Bắc Kạn	02063856111	4	498	t
406	2024-10-28 16:08:24.753846	2024-10-28 16:08:24.753846	Đường Ngô Gia Tự, TP. Bắc Kạn		Khách Sạn Hoàng Văn Thụ	02063856222	4	499	t
407	2024-10-28 16:08:25.405003	2024-10-28 16:08:25.405003	Đường Lê Thị Hồng Gấm, TP. Bắc Kạn		Khách Sạn Kim Bảng	02063856333	4	500	t
408	2024-10-28 16:08:26.054099	2024-10-28 16:08:26.054099	Xã Nông Thượng, TP. Bắc Kạn		Homestay Nông Thượng	02063856444	4	501	t
409	2024-10-28 16:08:26.678525	2024-10-28 16:08:26.678525	Xã Bình Trung, Huyện Chợ Đồn		Homestay Bình Trung	02063856555	4	502	t
410	2024-10-28 16:08:27.320125	2024-10-28 16:08:27.320125	Xã Yên Thịnh, Huyện Chợ Đồn		Homestay Yên Thịnh	02063856666	4	503	t
411	2024-10-28 16:08:27.943953	2024-10-28 16:08:27.943953	Xã Quang Binh, Huyện Chợ Mới		Homestay Quang Binh	02063856777	4	504	t
412	2024-10-28 16:08:28.562388	2024-10-28 16:08:28.562388	Xã Phú Lạc, Huyện Na Rì		Homestay Phú Lạc	02063856888	4	505	t
413	2024-10-28 16:08:29.212948	2024-10-28 16:08:29.212948	Xã Bằng Lãng, Huyện Ngân Sơn		Resort Bằng Lãng	02063856999	4	506	t
414	2024-10-28 16:08:29.844109	2024-10-28 16:08:29.844109	Xã Tân Tú, Huyện Chợ Đồn		Resort Tân Tú	02063857000	4	507	t
415	2024-10-28 16:08:30.450556	2024-10-28 16:08:30.450556	Đường 1/4, TP. Hà Giang		Khách Sạn Hà Giang	02193856111	4	518	t
416	2024-10-28 16:08:31.114462	2024-10-28 16:08:31.114462	Đường Trường Chinh, TP. Hà Giang		Khách Sạn Hoàng Nam	02193856222	4	519	t
417	2024-10-28 16:08:31.719355	2024-10-28 16:08:31.719355	Đường Nguyễn Trãi, TP. Hà Giang		Khách Sạn Phú Quý	02193856333	4	520	t
418	2024-10-28 16:08:32.38918	2024-10-28 16:08:32.38918	Xã Tả Van Chư, Huyện Hoàng Su Phì		Homestay Tả Van Chư	02193856444	4	521	t
419	2024-10-28 16:08:33.004807	2024-10-28 16:08:33.004807	Xã Sủng Là, Huyện Đồng Văn		Homestay Sủng Là	02193856555	4	522	t
420	2024-10-28 16:08:33.607784	2024-10-28 16:08:33.607784	Xã Phố Cáo, Huyện Đồng Văn		Homestay Phố Cáo	02193856666	4	523	t
421	2024-10-28 16:08:34.241329	2024-10-28 16:08:34.241329	Xã Thượng Phùng, Huyện Mèo Vạc		Homestay Thượng Phùng	02193856777	4	524	t
422	2024-10-28 16:08:34.846239	2024-10-28 16:08:34.846239	Xã Lũng Cú, Huyện Đồng Văn		Homestay Lũng Cú	02193856888	4	525	t
423	2024-10-28 16:08:35.440678	2024-10-28 16:08:35.440678	Xã Bản Luốc, Huyện Hoàng Su Phì		Resort Bản Luốc	02193856999	4	526	t
424	2024-10-28 16:08:36.06936	2024-10-28 16:08:36.06936	Xã Túng Sán, Huyện Hoàng Su Phì		Resort Túng Sán	02193857000	4	527	t
425	2024-10-28 16:08:36.663274	2024-10-28 16:08:36.663274	Đường Trần Hưng Đạo, TP. Nam Định		Khách Sạn Nam Định	02283856111	4	528	t
426	2024-10-28 16:08:37.312921	2024-10-28 16:08:37.312921	Đường Nguyễn Du, TP. Nam Định		Khách Sạn Hoa Mai	02283856222	4	529	t
427	2024-10-28 16:08:37.949631	2024-10-28 16:08:37.949631	Xã Nghĩa Minh, Huyện Nghĩa Hưng		Homestay Nghĩa Minh	02283856444	4	531	t
428	2024-10-28 16:08:38.551382	2024-10-28 16:08:38.551382	Xã Hồng Quang, Huyện Nam Trực		Homestay Yên Ninh	02283856555	4	532	t
429	2024-10-28 16:08:39.172572	2024-10-28 16:08:39.172572	Xã Xuân Trường, Huyện Xuân Trường		Homestay Xuân Trường	02283856666	4	533	t
430	2024-10-28 16:08:39.781559	2024-10-28 16:08:39.781559	Xã Hải Minh, Huyện Hải Hậu		Homestay Hải Minh	02283856777	4	534	t
431	2024-10-28 16:08:40.393744	2024-10-28 16:08:40.393744	Xã Kim Thái, Huyện Vụ Bản		Homestay Kim Thái	02283856888	4	535	t
432	2024-10-28 16:08:41.016042	2024-10-28 16:08:41.016042	Xã Nam Tiến, Huyện Nam Trực		Resort Nam Tiến	02283856999	4	536	t
433	2024-10-28 16:08:41.631516	2024-10-28 16:08:41.631516	Xã Hồng Quang, Huyện Nam Trực		Resort Hồng Quang	02283857000	4	537	t
434	2024-10-28 16:08:42.24523	2024-10-28 16:08:42.24523	Đường Nguyễn Huệ, TP. Ninh Bình		Khách Sạn Ninh Bình	02293856111	4	538	t
435	2024-10-28 16:08:42.857686	2024-10-28 16:08:42.857686	Đường Trần Hưng Đạo, TP. Ninh Bình		Khách Sạn Hoàng Gia	02293856222	4	539	t
436	2024-10-28 16:08:43.468184	2024-10-28 16:08:43.468184	Đường Lê Đại Hành, TP. Ninh Bình		Khách Sạn Hoàng Sơn	02293856333	4	540	t
437	2024-10-28 16:08:44.13694	2024-10-28 16:08:44.13694	Xã Ninh Nhất, Huyện Ninh Bình		Homestay Ninh Nhất	02293856444	4	541	t
438	2024-10-28 16:08:44.769395	2024-10-28 16:08:44.769395	Xã Ninh Xuân, Huyện Hoa Lư		Homestay Ninh Xuân	02293856555	4	542	t
439	2024-10-28 16:08:45.384026	2024-10-28 16:08:45.384026	Xã Trường Yên, Huyện Hoa Lư		Homestay Trường Yên	02293856666	4	543	t
440	2024-10-28 16:08:46.011557	2024-10-28 16:08:46.011557	Xã Yên Sơn, Huyện Yên Khánh		Homestay Yên Sơn	02293856777	4	544	t
441	2024-10-28 16:08:46.647891	2024-10-28 16:08:46.647891	Xã Gia Thanh, Huyện Gia Viễn		Homestay Gia Thanh	02293856888	4	545	t
442	2024-10-28 16:08:47.280134	2024-10-28 16:08:47.280134	Xã Tam Cường, Huyện Tam Điệp		Resort Tam Cường	02293856999	4	546	t
443	2024-10-28 16:08:47.926895	2024-10-28 16:08:47.926895	Xã Ninh Mỹ, Huyện Hoa Lư		Resort Ninh Mỹ	02293857000	4	547	t
444	2024-10-28 16:08:48.544722	2024-10-28 16:08:48.544722	Đường Trần Hưng Đạo, TP. Phủ Lý		Khách Sạn Phủ Lý	02263856111	4	548	t
445	2024-10-28 16:08:49.202369	2024-10-28 16:08:49.202369	Đường Nguyễn Văn Trỗi, TP. Phủ Lý		Khách Sạn Hương Giang	02263856222	4	549	t
446	2024-10-28 16:08:49.831594	2024-10-28 16:08:49.831594	Đường Lê Lợi, TP. Phủ Lý		Khách Sạn Hoa Sen	02263856333	4	550	t
447	2024-10-28 16:08:50.466325	2024-10-28 16:08:50.466325	Xã Bảo Toàn, Huyện Bình Lục		Homestay Bảo Toàn	02293856444	4	551	t
448	2024-10-28 16:08:51.09966	2024-10-28 16:08:51.09966	Xã Liên Sơn, Huyện Thanh Liêm		Homestay Liên Sơn	02293856555	4	552	t
449	2024-10-28 16:08:51.773636	2024-10-28 16:08:51.773636	Xã Xuân Khê, Huyện Lý Nhân		Homestay Xuân Khê	02293856666	4	553	t
450	2024-10-28 16:08:52.413713	2024-10-28 16:08:52.413713	Xã Ngọc Sơn, Huyện Kim Bảng		Homestay Ngọc Sơn	02293856777	4	554	t
451	2024-10-28 16:08:53.046607	2024-10-28 16:08:53.046607	Xã Chân Lý, Huyện Lý Nhân		Homestay Chân Lý	02293856888	4	555	t
452	2024-10-28 16:08:53.681377	2024-10-28 16:08:53.681377	Xã Thanh Sơn, Huyện Thanh Liêm		Resort Thanh Sơn	02293856999	4	556	t
453	2024-10-28 16:08:54.338547	2024-10-28 16:08:54.338547	Xã Liêm Tuyền, TP. Phủ Lý		Resort Liêm Tuyền	02293857000	4	557	t
454	2024-10-28 16:08:54.979475	2024-10-28 16:08:54.979475	Đường Lê Quý Đôn, TP. Thái Bình		Khách Sạn Thái Bình	02273856111	4	558	t
455	2024-10-28 16:08:55.630426	2024-10-28 16:08:55.630426	Đường Nguyễn Huệ, TP. Thái Bình		Khách Sạn Minh Khai	02273856222	4	559	t
456	2024-10-28 16:08:56.253419	2024-10-28 16:08:56.253419	Đường Trần Hưng Đạo, TP. Thái Bình		Khách Sạn Phú Hưng	02273856333	4	560	t
457	2024-10-28 16:08:56.875281	2024-10-28 16:08:56.875281	Xã Đông La, Huyện Đông Hưng		Homestay Đông La	02273856444	4	561	t
458	2024-10-28 16:08:57.521631	2024-10-28 16:08:57.521631	Xã Tây Tiến, Huyện Hưng Hà		Homestay Tây Tiến	02273856666	4	563	t
459	2024-10-28 16:08:58.221337	2024-10-28 16:08:58.221337	Xã Văn Lương, Huyện Kiến Xương		Homestay Văn Lương	02273856777	4	564	t
460	2024-10-28 16:08:58.873597	2024-10-28 16:08:58.873597	Xã Liên Hiệp, Huyện Tiền Hải		Homestay Liên Hiệp	02273856888	4	565	t
461	2024-10-28 16:08:59.511177	2024-10-28 16:08:59.511177	Xã Thái Thịnh, Huyện Thái Thịnh		Resort Thái Thịnh	02273856999	4	566	t
462	2024-10-28 16:09:00.203393	2024-10-28 16:09:00.203393	Xã Bắc Sơn, Huyện Quỳnh Phụ		Resort Bắc Sơn	02273857000	4	567	t
463	2024-10-28 16:09:00.849873	2024-10-28 16:09:00.849873	Đường An Đà, TP. Hưng Yên		Khách Sạn Hưng Yên	02213856111	4	568	t
464	2024-10-28 16:09:01.49703	2024-10-28 16:09:01.49703	Đường Nguyễn Văn Linh, TP. Hưng Yên		Khách Sạn Phú An	02213856222	4	569	t
465	2024-10-28 16:09:02.211306	2024-10-28 16:09:02.211306	Xã Liên Phương, Huyện Văn Lâm		Homestay Liên Phương	02213856444	4	571	t
466	2024-10-28 16:09:02.854673	2024-10-28 16:09:02.854673	Xã Tân Quang, Huyện Văn Lâm		Homestay Tân Quang	02213856555	4	572	t
467	2024-10-28 16:09:03.492588	2024-10-28 16:09:03.492588	Xã Minh Khai, Huyện Văn Giang		Homestay Minh Khai	02213856666	4	573	t
468	2024-10-28 16:09:04.149574	2024-10-28 16:09:04.149574	Xã Nhân Hòa, Huyện Mỹ Hào		Homestay Nhân Hòa	02213856777	4	574	t
469	2024-10-28 16:09:04.781327	2024-10-28 16:09:04.781327	Xã Yên Mỹ, Huyện Yên Mỹ		Homestay Yên Mỹ	02213856888	4	575	t
470	2024-10-28 16:09:05.396753	2024-10-28 16:09:05.396753	Xã Như Quỳnh, Huyện Văn Lâm		Resort Như Quỳnh	02213856999	4	576	t
471	2024-10-28 16:09:06.040392	2024-10-28 16:09:06.040392	Xã Hòa Bình, Huyện Văn Giang		Resort Hòa Bình	02213857000	4	577	t
472	2024-10-28 16:09:06.674877	2024-10-28 16:09:06.674877	Đường Trần Nguyên Hãn, Hồng Bàng		Khách Sạn Pearl River	02253856222	4	579	t
473	2024-10-28 16:09:07.341491	2024-10-28 16:09:07.341491	Đường Trần Hưng Đạo, Ngô Quyền		Khách Sạn Starcity	02253856333	4	580	t
474	2024-10-28 16:09:07.97095	2024-10-28 16:09:07.97095	Xã An Đồng, Huyện An Dương		Homestay An Đồng	02253856444	4	581	t
475	2024-10-28 16:09:08.607212	2024-10-28 16:09:08.607212	Xã Tân Thành, Huyện An Dương		Homestay Tân Thành	02253856555	4	582	t
476	2024-10-28 16:09:09.236485	2024-10-28 16:09:09.236485	Xã Vĩnh Niệm, Huyện An Hải		Homestay Vĩnh Niệm	02253856666	4	583	t
477	2024-10-28 16:09:09.846669	2024-10-28 16:09:09.846669	Xã Đông Hải, Huyện Hải An		Homestay Đông Hải	02253856777	4	584	t
478	2024-10-28 16:09:10.481717	2024-10-28 16:09:10.481717	Xã Hưng Đạo, Huyện Dương Kinh		Homestay Hưng Đạo	02253856888	4	585	t
479	2024-10-28 16:09:11.133624	2024-10-28 16:09:11.133624	Xã Vũ Yên, Huyện Thủy Nguyên		Resort Vũ Yên	02253856999	4	586	t
480	2024-10-28 16:09:11.75811	2024-10-28 16:09:11.75811	Xã Minh Khai, Huyện Thủy Nguyên		Resort Minh Khai	02253857000	4	587	t
481	2024-10-28 16:09:12.398931	2024-10-28 16:09:12.398931	Đường Lê Thanh Nghị, TP. Hải Dương		Khách Sạn Hoàng Anh	02203856111	4	588	t
482	2024-10-28 16:09:13.01333	2024-10-28 16:09:13.01333	Đường Ngô Quyền, TP. Hải Dương		Khách Sạn Duy Anh	02203856222	4	589	t
483	2024-10-28 16:09:13.632767	2024-10-28 16:09:13.632767	Đường Nguyễn Lương Bằng, TP. Hải Dương		Khách Sạn Hương Sen	02203856333	4	590	t
484	2024-10-28 16:09:14.307509	2024-10-28 16:09:14.307509	Xã Gia Xuyên, Huyện Gia Lộc		Homestay Gia Xuyên	02203856555	4	592	t
485	2024-10-28 16:09:14.973634	2024-10-28 16:09:14.973634	Xã Thái Tân, Huyện Kim Thành		Homestay Thái Tân	02203856666	4	593	t
486	2024-10-28 16:09:15.613053	2024-10-28 16:09:15.613053	Xã Nhân Quyền, Huyện Kinh Môn		Homestay Nhân Quyền	02203856777	4	594	t
487	2024-10-28 16:09:16.22625	2024-10-28 16:09:16.22625	Xã Liên Hồng, Huyện Gia Lộc		Homestay Liên Hồng	02203856888	4	595	t
488	2024-10-28 16:09:16.851445	2024-10-28 16:09:16.851445	Xã Cẩm Đông, Huyện Cẩm Giàng		Resort Cẩm Đông	02203856999	4	596	t
489	2024-10-28 16:09:17.52245	2024-10-28 16:09:17.52245	Xã Lê Lợi, Huyện Lạc Sách		Resort Lê Lợi	02203857000	4	597	t
490	2024-10-28 16:09:18.169498	2024-10-28 16:09:18.169498	Đường Hạ Long, TP. Hạ Long		Khách Sạn Novotel Hạ Long Bay	02033842222	4	598	t
491	2024-10-28 16:09:18.81157	2024-10-28 16:09:18.81157	Đường Bãi Cháy, TP. Hạ Long		Khách Sạn Royal Lotus	02033842333	4	599	t
492	2024-10-28 16:09:19.449227	2024-10-28 16:09:19.449227	Đường Trần Quốc Nghiễn, TP. Hạ Long		Khách Sạn Golden Bay	02033842444	4	600	t
493	2024-10-28 16:09:20.078604	2024-10-28 16:09:20.078604	Xã Vĩnh Thái, Huyện Vĩnh Bảo		Homestay Vĩnh Thái	02033842555	4	601	t
494	2024-10-28 16:09:20.727884	2024-10-28 16:09:20.727884	Xã Tiên Yên, Huyện Tiên Yên		Homestay Tiên Yên	02033842666	4	602	t
495	2024-10-28 16:09:21.381457	2024-10-28 16:09:21.381457	Xã Cẩm Phả, Huyện Cẩm Phả		Homestay Cẩm Phả	02033842777	4	603	t
496	2024-10-28 16:09:21.986819	2024-10-28 16:09:21.986819	Xã Quảng Ninh, Huyện Quảng Ninh		Homestay Quảng Ninh	02033842888	4	604	t
497	2024-10-28 16:09:22.600315	2024-10-28 16:09:22.600315	Xã Minh Hưng, Huyện Móng Cái		Homestay Minh Hưng	02033842999	4	605	t
498	2024-10-28 16:09:23.241491	2024-10-28 16:09:23.241491	Xã Ngọc Vừng, Huyện Vân Đồn		Resort Ngọc Vừng	02033843000	4	606	t
499	2024-10-28 16:09:23.881416	2024-10-28 16:09:23.881416	Xã Cái Rồng, Huyện Vân Đồn		Resort Cái Rồng	02033843111	4	607	t
500	2024-10-28 16:09:24.503758	2024-10-28 16:09:24.503758	Đường Nguyễn Tất Thành, TP. Vĩnh Yên		Khách Sạn Pullman Vĩnh Phúc	02113888888	4	608	t
501	2024-10-28 16:09:25.155901	2024-10-28 16:09:25.155901	Đường Trần Phú, TP. Vĩnh Yên		Khách Sạn Vĩnh Phúc	02113888999	4	609	t
502	2024-10-28 16:09:25.775693	2024-10-28 16:09:25.775693	Đường Hùng Vương, TP. Vĩnh Yên		Khách Sạn Hoa Sen	02113889000	4	610	t
503	2024-10-28 16:09:26.433682	2024-10-28 16:09:26.433682	Xã Tam Đồng, Huyện Vĩnh Tường		Homestay Tam Đồng	02113889111	4	611	t
504	2024-10-28 16:09:27.161263	2024-10-28 16:09:27.161263	Xã Tích Sơn, Huyện Vĩnh Yên		Homestay Tích Sơn	02113889222	4	612	t
505	2024-10-28 16:09:27.821188	2024-10-28 16:09:27.821188	Xã Đại Đình, Huyện Tam Đảo		Resort Đại Đình	02113889666	4	613	t
506	2024-10-28 16:09:28.618909	2024-10-28 16:09:28.618909	77 Hàng Bài, Hoàn Kiếm, Hà Nội		Khách Sạn Sofitel Legend Metropole	02438266919	4	614	t
507	2024-10-28 16:09:29.243774	2024-10-28 16:09:29.243774	32 Lý Thường Kiệt, Hoàn Kiếm, Hà Nội		Khách Sạn Hilton Hanoi Opera	02439330000	4	615	t
508	2024-10-28 16:09:29.883733	2024-10-28 16:09:29.883733	34 Ngọc Thụy, Long Biên, Hà Nội		Homestay Ngọc Thụy	02435626666	4	617	t
509	2024-10-28 16:09:30.53431	2024-10-28 16:09:30.53431	20 Trần Quốc Toản, Hoàn Kiếm, Hà Nội		Homestay Trần Quốc Toản	02436688888	4	618	t
510	2024-10-28 16:09:31.161335	2024-10-28 16:09:31.161335	88 Đê La Thành, Đống Đa, Hà Nội		Homestay Đê La Thành	02437718888	4	619	t
511	2024-10-28 16:09:31.820839	2024-10-28 16:09:31.820839	12 Hàng Gai, Hoàn Kiếm, Hà Nội		Homestay Hàng Gai	02439385555	4	620	t
512	2024-10-28 16:09:32.514278	2024-10-28 16:09:32.514278	Thôn Đoàn Kết, Xã Tam Đảo, Huyện Tam Đảo		Resort Tam Đảo	02113889777	4	622	t
513	2024-10-28 16:09:33.142322	2024-10-28 16:09:33.142322	Đường Mê Linh, Xã Mê Linh, Huyện Mê Linh		Resort Mê Linh	02438555555	4	623	t
148	2024-10-28 16:05:28.346695	2024-11-03 18:44:31.099232	Đường Lê Lai, Quận 1		Khách Sạn Rex	02838292185	4	216	t
265	2024-10-28 16:06:53.647427	2024-11-03 20:20:18.701693	Đường Nguyễn Tất Thành, TP. Nha Trang		Resort Amiana Resort Nha Trang	02583892222	4	343	t
191	2024-10-28 16:05:59.99026	2024-11-11 03:44:08.104031	Đường Trần Hưng Đạo, TP. Đà Lạt		Khách Sạn Đà Lạt	02633555888	4	265	t
515	2024-12-15 17:28:56.313714	2024-12-15 23:01:47.146459	Phước Hải, Vũng Tàu	Chi nhánh 2	Hotel Imperial Vung Tau 2	0911201827	0	5	f
\.


--
-- Data for Name: images; Type: TABLE DATA; Schema: public; Owner: postgres
--

COPY public.images (id, url) FROM stdin;
1	https://res.cloudinary.com/dzbtsco86/image/upload/v1730107120/hotels/file_cc9d1n.jpg
2	https://res.cloudinary.com/dzbtsco86/image/upload/v1730107122/hotels/file_w03fbs.jpg
3	https://res.cloudinary.com/dzbtsco86/image/upload/v1730107125/hotels/file_ce1ymw.jpg
4	https://res.cloudinary.com/dzbtsco86/image/upload/v1730107127/hotels/file_chxf52.jpg
5	https://res.cloudinary.com/dzbtsco86/image/upload/v1730107129/hotels/file_w4qhos.jpg
6	https://res.cloudinary.com/dzbtsco86/image/upload/v1730107131/hotels/file_dqawmt.jpg
7	https://res.cloudinary.com/dzbtsco86/image/upload/v1730107133/hotels/file_dcdf7p.jpg
8	https://res.cloudinary.com/dzbtsco86/image/upload/v1730107135/hotels/file_b9s1e2.jpg
9	https://res.cloudinary.com/dzbtsco86/image/upload/v1730107137/hotels/file_duekiz.jpg
10	https://res.cloudinary.com/dzbtsco86/image/upload/v1730107139/hotels/file_bseops.jpg
11	https://res.cloudinary.com/dzbtsco86/image/upload/v1730107542/hotels/file_vvhwj9.jpg
12	https://res.cloudinary.com/dzbtsco86/image/upload/v1730107545/hotels/file_jsstdq.jpg
13	https://res.cloudinary.com/dzbtsco86/image/upload/v1730107547/hotels/file_nefxx5.jpg
14	https://res.cloudinary.com/dzbtsco86/image/upload/v1730107549/hotels/file_ceibvx.jpg
15	https://res.cloudinary.com/dzbtsco86/image/upload/v1730107551/hotels/file_aymh2g.jpg
16	https://res.cloudinary.com/dzbtsco86/image/upload/v1730107553/hotels/file_cbwukr.jpg
17	https://res.cloudinary.com/dzbtsco86/image/upload/v1730107555/hotels/file_jtsle0.jpg
18	https://res.cloudinary.com/dzbtsco86/image/upload/v1730107558/hotels/file_igadr3.jpg
19	https://res.cloudinary.com/dzbtsco86/image/upload/v1730107560/hotels/file_ujsdlm.jpg
20	https://res.cloudinary.com/dzbtsco86/image/upload/v1730107562/hotels/file_ofyhyd.jpg
21	https://res.cloudinary.com/dzbtsco86/image/upload/v1730108104/hotels/file_uvjry9.jpg
22	https://res.cloudinary.com/dzbtsco86/image/upload/v1730108107/hotels/file_wtdahn.jpg
23	https://res.cloudinary.com/dzbtsco86/image/upload/v1730108109/hotels/file_eauuzs.jpg
24	https://res.cloudinary.com/dzbtsco86/image/upload/v1730108111/hotels/file_fe7q9p.jpg
25	https://res.cloudinary.com/dzbtsco86/image/upload/v1730108113/hotels/file_oi6gve.jpg
26	https://res.cloudinary.com/dzbtsco86/image/upload/v1730108116/hotels/file_lwch5g.jpg
27	https://res.cloudinary.com/dzbtsco86/image/upload/v1730108118/hotels/file_zfuxft.jpg
28	https://res.cloudinary.com/dzbtsco86/image/upload/v1730108120/hotels/file_hkbfml.jpg
29	https://res.cloudinary.com/dzbtsco86/image/upload/v1730108122/hotels/file_upxozd.jpg
30	https://res.cloudinary.com/dzbtsco86/image/upload/v1730108125/hotels/file_y0gqbn.jpg
31	https://res.cloudinary.com/dzbtsco86/image/upload/v1730109037/hotels/file_mnztcw.jpg
32	https://res.cloudinary.com/dzbtsco86/image/upload/v1730109039/hotels/file_u3tcsg.jpg
33	https://res.cloudinary.com/dzbtsco86/image/upload/v1730109041/hotels/file_nvdfal.jpg
34	https://res.cloudinary.com/dzbtsco86/image/upload/v1730109043/hotels/file_t4xfdf.jpg
35	https://res.cloudinary.com/dzbtsco86/image/upload/v1730109045/hotels/file_cwwfcv.jpg
36	https://res.cloudinary.com/dzbtsco86/image/upload/v1730109047/hotels/file_qpkkuy.jpg
37	https://res.cloudinary.com/dzbtsco86/image/upload/v1730109049/hotels/file_af0hny.jpg
38	https://res.cloudinary.com/dzbtsco86/image/upload/v1730109051/hotels/file_l5yhss.jpg
39	https://res.cloudinary.com/dzbtsco86/image/upload/v1730109053/hotels/file_for9so.jpg
40	https://res.cloudinary.com/dzbtsco86/image/upload/v1730109055/hotels/file_vofh9d.jpg
41	https://res.cloudinary.com/dzbtsco86/image/upload/v1730110140/hotels/file_sdik9j.jpg
42	https://res.cloudinary.com/dzbtsco86/image/upload/v1730110142/hotels/file_gk2vuq.jpg
43	https://res.cloudinary.com/dzbtsco86/image/upload/v1730110144/hotels/file_jannnz.jpg
44	https://res.cloudinary.com/dzbtsco86/image/upload/v1730110146/hotels/file_c29wgm.jpg
45	https://res.cloudinary.com/dzbtsco86/image/upload/v1730110149/hotels/file_rgyyhn.jpg
46	https://res.cloudinary.com/dzbtsco86/image/upload/v1730110151/hotels/file_cnmck7.jpg
47	https://res.cloudinary.com/dzbtsco86/image/upload/v1730110153/hotels/file_zhjklp.jpg
48	https://res.cloudinary.com/dzbtsco86/image/upload/v1730110155/hotels/file_zavaqs.jpg
49	https://res.cloudinary.com/dzbtsco86/image/upload/v1730110157/hotels/file_yydoic.jpg
50	https://res.cloudinary.com/dzbtsco86/image/upload/v1730110159/hotels/file_fudt7z.jpg
51	https://res.cloudinary.com/dzbtsco86/image/upload/v1730110234/hotels/file_jft4hi.jpg
52	https://res.cloudinary.com/dzbtsco86/image/upload/v1730110236/hotels/file_mkclf9.jpg
53	https://res.cloudinary.com/dzbtsco86/image/upload/v1730110237/hotels/file_dl0gn0.jpg
54	https://res.cloudinary.com/dzbtsco86/image/upload/v1730110239/hotels/file_ng9nfw.jpg
55	https://res.cloudinary.com/dzbtsco86/image/upload/v1730110241/hotels/file_seusi3.jpg
56	https://res.cloudinary.com/dzbtsco86/image/upload/v1730110243/hotels/file_vudlpx.jpg
57	https://res.cloudinary.com/dzbtsco86/image/upload/v1730110245/hotels/file_usqgjk.jpg
58	https://res.cloudinary.com/dzbtsco86/image/upload/v1730110248/hotels/file_l1vqlp.jpg
59	https://res.cloudinary.com/dzbtsco86/image/upload/v1730110250/hotels/file_hrtvhf.jpg
60	https://res.cloudinary.com/dzbtsco86/image/upload/v1730110252/hotels/file_yw0hp1.jpg
61	https://res.cloudinary.com/dzbtsco86/image/upload/v1730112015/hotels/file_mgpefy.jpg
62	https://res.cloudinary.com/dzbtsco86/image/upload/v1730112017/hotels/file_hupgur.jpg
63	https://res.cloudinary.com/dzbtsco86/image/upload/v1730112020/hotels/file_li2lju.jpg
64	https://res.cloudinary.com/dzbtsco86/image/upload/v1730112022/hotels/file_yljgyr.jpg
65	https://res.cloudinary.com/dzbtsco86/image/upload/v1730112024/hotels/file_elgzfy.jpg
66	https://res.cloudinary.com/dzbtsco86/image/upload/v1730112026/hotels/file_r3sxke.jpg
67	https://res.cloudinary.com/dzbtsco86/image/upload/v1730112029/hotels/file_l0wrio.jpg
68	https://res.cloudinary.com/dzbtsco86/image/upload/v1730112032/hotels/file_ipytqy.jpg
69	https://res.cloudinary.com/dzbtsco86/image/upload/v1730112034/hotels/file_pvrz7n.jpg
70	https://res.cloudinary.com/dzbtsco86/image/upload/v1730112036/hotels/file_vrgoel.jpg
71	https://res.cloudinary.com/dzbtsco86/image/upload/v1730633671/hotels/file_gmwnuo.jpg
72	https://res.cloudinary.com/dzbtsco86/image/upload/v1730633673/hotels/file_jkbuu2.jpg
73	https://res.cloudinary.com/dzbtsco86/image/upload/v1730633676/hotels/file_tv6jwg.jpg
74	https://res.cloudinary.com/dzbtsco86/image/upload/v1730633678/hotels/file_ptnhto.jpg
75	https://res.cloudinary.com/dzbtsco86/image/upload/v1730633681/hotels/file_irx0ld.jpg
76	https://res.cloudinary.com/dzbtsco86/image/upload/v1730633683/hotels/file_ot8z6r.jpg
77	https://res.cloudinary.com/dzbtsco86/image/upload/v1730633685/hotels/file_lhxx84.jpg
78	https://res.cloudinary.com/dzbtsco86/image/upload/v1730633687/hotels/file_omlrcw.jpg
79	https://res.cloudinary.com/dzbtsco86/image/upload/v1730633690/hotels/file_iwtedg.jpg
80	https://res.cloudinary.com/dzbtsco86/image/upload/v1730633692/hotels/file_zytefu.jpg
81	https://res.cloudinary.com/dzbtsco86/image/upload/v1730634248/hotels/file_zv0qyv.jpg
82	https://res.cloudinary.com/dzbtsco86/image/upload/v1730634250/hotels/file_hhak9b.jpg
83	https://res.cloudinary.com/dzbtsco86/image/upload/v1730634253/hotels/file_qb4ykl.jpg
84	https://res.cloudinary.com/dzbtsco86/image/upload/v1730634255/hotels/file_j6jjks.jpg
85	https://res.cloudinary.com/dzbtsco86/image/upload/v1730634257/hotels/file_qt01ha.jpg
86	https://res.cloudinary.com/dzbtsco86/image/upload/v1730634260/hotels/file_viog5o.jpg
87	https://res.cloudinary.com/dzbtsco86/image/upload/v1730634262/hotels/file_lfxxoe.jpg
88	https://res.cloudinary.com/dzbtsco86/image/upload/v1730634264/hotels/file_dv9au9.jpg
89	https://res.cloudinary.com/dzbtsco86/image/upload/v1730634266/hotels/file_yhrqwv.jpg
90	https://res.cloudinary.com/dzbtsco86/image/upload/v1730634269/hotels/file_dwnpva.jpg
91	https://res.cloudinary.com/dzbtsco86/image/upload/v1730635405/hotels/file_a7givh.jpg
92	https://res.cloudinary.com/dzbtsco86/image/upload/v1730635408/hotels/file_xbveo7.jpg
93	https://res.cloudinary.com/dzbtsco86/image/upload/v1730635410/hotels/file_e6kuvj.jpg
94	https://res.cloudinary.com/dzbtsco86/image/upload/v1730635413/hotels/file_o7etfm.jpg
95	https://res.cloudinary.com/dzbtsco86/image/upload/v1730635416/hotels/file_fwutck.jpg
96	https://res.cloudinary.com/dzbtsco86/image/upload/v1730635418/hotels/file_erxsev.jpg
97	https://res.cloudinary.com/dzbtsco86/image/upload/v1730635420/hotels/file_nczax4.jpg
98	https://res.cloudinary.com/dzbtsco86/image/upload/v1730635423/hotels/file_ke5qge.jpg
99	https://res.cloudinary.com/dzbtsco86/image/upload/v1730635426/hotels/file_i4qgqv.jpg
100	https://res.cloudinary.com/dzbtsco86/image/upload/v1730635428/hotels/file_fwbrjw.jpg
101	https://res.cloudinary.com/dzbtsco86/image/upload/v1730636145/hotels/file_ljx6kf.jpg
102	https://res.cloudinary.com/dzbtsco86/image/upload/v1730636147/hotels/file_iffwic.jpg
103	https://res.cloudinary.com/dzbtsco86/image/upload/v1730636150/hotels/file_tfvx7v.jpg
104	https://res.cloudinary.com/dzbtsco86/image/upload/v1730636152/hotels/file_uzquqr.jpg
105	https://res.cloudinary.com/dzbtsco86/image/upload/v1730636155/hotels/file_hlpxx7.jpg
106	https://res.cloudinary.com/dzbtsco86/image/upload/v1730636157/hotels/file_oehse0.jpg
107	https://res.cloudinary.com/dzbtsco86/image/upload/v1730636160/hotels/file_yghzlt.jpg
108	https://res.cloudinary.com/dzbtsco86/image/upload/v1730636162/hotels/file_h6vwgi.jpg
109	https://res.cloudinary.com/dzbtsco86/image/upload/v1730636164/hotels/file_rg69yp.jpg
110	https://res.cloudinary.com/dzbtsco86/image/upload/v1730636167/hotels/file_nu94oj.jpg
111	https://res.cloudinary.com/dzbtsco86/image/upload/v1730636726/hotels/file_qwn7xa.jpg
112	https://res.cloudinary.com/dzbtsco86/image/upload/v1730636729/hotels/file_l6k0iy.jpg
113	https://res.cloudinary.com/dzbtsco86/image/upload/v1730636731/hotels/file_nr2jvc.jpg
114	https://res.cloudinary.com/dzbtsco86/image/upload/v1730636734/hotels/file_optmbn.jpg
115	https://res.cloudinary.com/dzbtsco86/image/upload/v1730636736/hotels/file_l5nw1f.jpg
116	https://res.cloudinary.com/dzbtsco86/image/upload/v1730636738/hotels/file_zr6ydc.jpg
117	https://res.cloudinary.com/dzbtsco86/image/upload/v1730636740/hotels/file_smvnvx.jpg
118	https://res.cloudinary.com/dzbtsco86/image/upload/v1730636742/hotels/file_r0lbsm.jpg
119	https://res.cloudinary.com/dzbtsco86/image/upload/v1730636744/hotels/file_upbccf.jpg
120	https://res.cloudinary.com/dzbtsco86/image/upload/v1730636747/hotels/file_qqlsfo.jpg
121	https://res.cloudinary.com/dzbtsco86/image/upload/v1730637166/hotels/file_sk1sks.jpg
122	https://res.cloudinary.com/dzbtsco86/image/upload/v1730637168/hotels/file_h2jvlp.jpg
123	https://res.cloudinary.com/dzbtsco86/image/upload/v1730637170/hotels/file_kgjn06.jpg
124	https://res.cloudinary.com/dzbtsco86/image/upload/v1730637171/hotels/file_quwgov.jpg
125	https://res.cloudinary.com/dzbtsco86/image/upload/v1730637173/hotels/file_leqwj1.jpg
126	https://res.cloudinary.com/dzbtsco86/image/upload/v1730637175/hotels/file_ut0g22.jpg
127	https://res.cloudinary.com/dzbtsco86/image/upload/v1730637177/hotels/file_n5cjej.jpg
128	https://res.cloudinary.com/dzbtsco86/image/upload/v1730637179/hotels/file_yxtxqo.jpg
129	https://res.cloudinary.com/dzbtsco86/image/upload/v1730637181/hotels/file_qtoxm5.jpg
130	https://res.cloudinary.com/dzbtsco86/image/upload/v1730637183/hotels/file_ptiis4.jpg
131	https://res.cloudinary.com/dzbtsco86/image/upload/v1730639996/hotels/file_qolwui.jpg
132	https://res.cloudinary.com/dzbtsco86/image/upload/v1730639999/hotels/file_uslwhg.jpg
133	https://res.cloudinary.com/dzbtsco86/image/upload/v1730640001/hotels/file_pcxfed.jpg
134	https://res.cloudinary.com/dzbtsco86/image/upload/v1730640003/hotels/file_gscqlb.jpg
135	https://res.cloudinary.com/dzbtsco86/image/upload/v1730640005/hotels/file_avvyia.jpg
136	https://res.cloudinary.com/dzbtsco86/image/upload/v1730640007/hotels/file_gwnqgw.jpg
137	https://res.cloudinary.com/dzbtsco86/image/upload/v1730640009/hotels/file_zzw2yq.jpg
138	https://res.cloudinary.com/dzbtsco86/image/upload/v1730640011/hotels/file_tuks5t.jpg
139	https://res.cloudinary.com/dzbtsco86/image/upload/v1730640013/hotels/file_ltygrb.jpg
140	https://res.cloudinary.com/dzbtsco86/image/upload/v1730640016/hotels/file_fp6z6h.jpg
141	https://res.cloudinary.com/dzbtsco86/image/upload/v1730640120/hotels/file_izx6k1.jpg
142	https://res.cloudinary.com/dzbtsco86/image/upload/v1730640122/hotels/file_t3kxho.jpg
143	https://res.cloudinary.com/dzbtsco86/image/upload/v1730640124/hotels/file_yo1j5m.jpg
144	https://res.cloudinary.com/dzbtsco86/image/upload/v1730640127/hotels/file_hl2ym9.jpg
145	https://res.cloudinary.com/dzbtsco86/image/upload/v1730640129/hotels/file_kzfwmn.jpg
146	https://res.cloudinary.com/dzbtsco86/image/upload/v1730640131/hotels/file_juld4w.jpg
147	https://res.cloudinary.com/dzbtsco86/image/upload/v1730640134/hotels/file_pneead.jpg
148	https://res.cloudinary.com/dzbtsco86/image/upload/v1730640136/hotels/file_cjvq9l.jpg
149	https://res.cloudinary.com/dzbtsco86/image/upload/v1730640138/hotels/file_lyvmcu.jpg
150	https://res.cloudinary.com/dzbtsco86/image/upload/v1730640141/hotels/file_wrywno.jpg
151	https://res.cloudinary.com/dzbtsco86/image/upload/v1730640335/hotels/file_jom1gv.jpg
152	https://res.cloudinary.com/dzbtsco86/image/upload/v1730640337/hotels/file_coumle.jpg
153	https://res.cloudinary.com/dzbtsco86/image/upload/v1730640339/hotels/file_aijjnf.jpg
154	https://res.cloudinary.com/dzbtsco86/image/upload/v1730640341/hotels/file_pnsgtw.jpg
155	https://res.cloudinary.com/dzbtsco86/image/upload/v1730640343/hotels/file_sqsqnk.jpg
156	https://res.cloudinary.com/dzbtsco86/image/upload/v1730640345/hotels/file_patawt.jpg
157	https://res.cloudinary.com/dzbtsco86/image/upload/v1730640347/hotels/file_ffqoa1.jpg
158	https://res.cloudinary.com/dzbtsco86/image/upload/v1730640350/hotels/file_qx5gpv.jpg
159	https://res.cloudinary.com/dzbtsco86/image/upload/v1730640351/hotels/file_tm5hho.jpg
160	https://res.cloudinary.com/dzbtsco86/image/upload/v1730640354/hotels/file_fpw9w9.jpg
161	https://res.cloudinary.com/dzbtsco86/image/upload/v1730640848/hotels/file_gfv9kr.jpg
162	https://res.cloudinary.com/dzbtsco86/image/upload/v1730640850/hotels/file_m0hfgm.jpg
163	https://res.cloudinary.com/dzbtsco86/image/upload/v1730640852/hotels/file_vt9nub.jpg
164	https://res.cloudinary.com/dzbtsco86/image/upload/v1730640854/hotels/file_b15xd0.jpg
165	https://res.cloudinary.com/dzbtsco86/image/upload/v1730640856/hotels/file_xf89br.jpg
166	https://res.cloudinary.com/dzbtsco86/image/upload/v1730640858/hotels/file_zttzt9.jpg
167	https://res.cloudinary.com/dzbtsco86/image/upload/v1730640860/hotels/file_adwbyv.jpg
168	https://res.cloudinary.com/dzbtsco86/image/upload/v1730640862/hotels/file_ktqjlz.jpg
169	https://res.cloudinary.com/dzbtsco86/image/upload/v1730640864/hotels/file_lypa6w.jpg
170	https://res.cloudinary.com/dzbtsco86/image/upload/v1730640866/hotels/file_fjtnkh.jpg
171	https://res.cloudinary.com/dzbtsco86/image/upload/v1730641459/hotels/file_qmunrx.jpg
172	https://res.cloudinary.com/dzbtsco86/image/upload/v1730641461/hotels/file_l4yku7.jpg
173	https://res.cloudinary.com/dzbtsco86/image/upload/v1730641463/hotels/file_y7jz7y.jpg
174	https://res.cloudinary.com/dzbtsco86/image/upload/v1730641465/hotels/file_ura8nx.jpg
175	https://res.cloudinary.com/dzbtsco86/image/upload/v1730641467/hotels/file_qaopn8.jpg
176	https://res.cloudinary.com/dzbtsco86/image/upload/v1730641468/hotels/file_mpfvyx.jpg
177	https://res.cloudinary.com/dzbtsco86/image/upload/v1730641470/hotels/file_gl5es0.jpg
178	https://res.cloudinary.com/dzbtsco86/image/upload/v1730641473/hotels/file_ukggv4.jpg
179	https://res.cloudinary.com/dzbtsco86/image/upload/v1730641475/hotels/file_kjehx4.jpg
180	https://res.cloudinary.com/dzbtsco86/image/upload/v1730641477/hotels/file_eo5rzy.jpg
181	https://res.cloudinary.com/dzbtsco86/image/upload/v1730642010/hotels/file_ayokdd.jpg
182	https://res.cloudinary.com/dzbtsco86/image/upload/v1730642012/hotels/file_nytr8r.jpg
183	https://res.cloudinary.com/dzbtsco86/image/upload/v1730642015/hotels/file_urqdht.jpg
184	https://res.cloudinary.com/dzbtsco86/image/upload/v1730642017/hotels/file_okk2cm.jpg
185	https://res.cloudinary.com/dzbtsco86/image/upload/v1730642020/hotels/file_soua3z.jpg
186	https://res.cloudinary.com/dzbtsco86/image/upload/v1730642022/hotels/file_bo79b6.jpg
187	https://res.cloudinary.com/dzbtsco86/image/upload/v1730642024/hotels/file_p8dw3p.jpg
188	https://res.cloudinary.com/dzbtsco86/image/upload/v1730642027/hotels/file_oicw9m.jpg
189	https://res.cloudinary.com/dzbtsco86/image/upload/v1730642028/hotels/file_xvboog.jpg
190	https://res.cloudinary.com/dzbtsco86/image/upload/v1730642031/hotels/file_t9xxtw.jpg
191	https://res.cloudinary.com/dzbtsco86/image/upload/v1730642148/hotels/file_m4fokl.jpg
192	https://res.cloudinary.com/dzbtsco86/image/upload/v1730642150/hotels/file_yxqztj.jpg
193	https://res.cloudinary.com/dzbtsco86/image/upload/v1730642152/hotels/file_ijrjp0.jpg
194	https://res.cloudinary.com/dzbtsco86/image/upload/v1730642154/hotels/file_ndklcf.jpg
195	https://res.cloudinary.com/dzbtsco86/image/upload/v1730642156/hotels/file_pvflui.jpg
196	https://res.cloudinary.com/dzbtsco86/image/upload/v1730642158/hotels/file_nb42rq.jpg
197	https://res.cloudinary.com/dzbtsco86/image/upload/v1730642160/hotels/file_kmdmwn.jpg
198	https://res.cloudinary.com/dzbtsco86/image/upload/v1730642162/hotels/file_ajcdml.jpg
199	https://res.cloudinary.com/dzbtsco86/image/upload/v1730642165/hotels/file_lsrrlu.jpg
200	https://res.cloudinary.com/dzbtsco86/image/upload/v1730642168/hotels/file_vwucza.jpg
201	http://res.cloudinary.com/dzbtsco86/image/upload/v1731062061/checkins/file_cfb6nv.jpg
202	http://res.cloudinary.com/dzbtsco86/image/upload/v1731062064/checkins/file_fhawhh.jpg
203	http://res.cloudinary.com/dzbtsco86/image/upload/v1731062141/checkins/file_dg9v09.jpg
204	http://res.cloudinary.com/dzbtsco86/image/upload/v1731062144/checkins/file_qzslre.jpg
205	http://res.cloudinary.com/dzbtsco86/image/upload/v1731062245/checkins/file_um8g36.jpg
206	http://res.cloudinary.com/dzbtsco86/image/upload/v1731062248/checkins/file_ydmyno.jpg
207	http://res.cloudinary.com/dzbtsco86/image/upload/v1731062251/checkins/file_migylr.jpg
208	http://res.cloudinary.com/dzbtsco86/image/upload/v1731062300/checkins/file_yfrv60.png
209	http://res.cloudinary.com/dzbtsco86/image/upload/v1731062521/checkins/file_s8xt5y.jpg
210	http://res.cloudinary.com/dzbtsco86/image/upload/v1731062524/checkins/file_lkmk6c.jpg
211	http://res.cloudinary.com/dzbtsco86/image/upload/v1731062586/checkins/file_boy02q.jpg
212	http://res.cloudinary.com/dzbtsco86/image/upload/v1731062589/checkins/file_kelqix.jpg
213	http://res.cloudinary.com/dzbtsco86/image/upload/v1731062704/checkins/file_as0dbf.jpg
214	http://res.cloudinary.com/dzbtsco86/image/upload/v1731062708/checkins/file_ahkqcp.jpg
215	http://res.cloudinary.com/dzbtsco86/image/upload/v1731062792/checkins/file_h1mlvb.jpg
216	http://res.cloudinary.com/dzbtsco86/image/upload/v1731062795/checkins/file_gpms93.jpg
217	http://res.cloudinary.com/dzbtsco86/image/upload/v1731062898/checkins/file_a7hvbs.jpg
218	http://res.cloudinary.com/dzbtsco86/image/upload/v1731063016/checkins/file_hhrps0.jpg
219	http://res.cloudinary.com/dzbtsco86/image/upload/v1731063020/checkins/file_atyhhh.jpg
220	http://res.cloudinary.com/dzbtsco86/image/upload/v1731063074/checkins/file_mgm4x8.jpg
221	http://res.cloudinary.com/dzbtsco86/image/upload/v1731063077/checkins/file_kpaguh.jpg
222	http://res.cloudinary.com/dzbtsco86/image/upload/v1731063079/checkins/file_e6njex.jpg
223	http://res.cloudinary.com/dzbtsco86/image/upload/v1731063170/checkins/file_swyzpv.jpg
224	http://res.cloudinary.com/dzbtsco86/image/upload/v1731063173/checkins/file_wftwhf.jpg
225	http://res.cloudinary.com/dzbtsco86/image/upload/v1731063260/checkins/file_anyuzv.jpg
226	http://res.cloudinary.com/dzbtsco86/image/upload/v1731063263/checkins/file_c4m0nf.jpg
227	http://res.cloudinary.com/dzbtsco86/image/upload/v1731073572/checkins/file_dojqa3.jpg
228	http://res.cloudinary.com/dzbtsco86/image/upload/v1731073577/checkins/file_opz16u.jpg
229	http://res.cloudinary.com/dzbtsco86/image/upload/v1731073644/checkins/file_uf8iuk.jpg
230	http://res.cloudinary.com/dzbtsco86/image/upload/v1731073724/checkins/file_oo9pfu.jpg
231	http://res.cloudinary.com/dzbtsco86/image/upload/v1731073728/checkins/file_t9dmml.jpg
232	http://res.cloudinary.com/dzbtsco86/image/upload/v1731073731/checkins/file_rzmtw5.jpg
233	http://res.cloudinary.com/dzbtsco86/image/upload/v1731073788/checkins/file_dh30kj.jpg
234	http://res.cloudinary.com/dzbtsco86/image/upload/v1731073791/checkins/file_tmhhmt.jpg
235	http://res.cloudinary.com/dzbtsco86/image/upload/v1731073889/checkins/file_lzdvag.jpg
236	http://res.cloudinary.com/dzbtsco86/image/upload/v1731073892/checkins/file_hx5nwr.jpg
237	http://res.cloudinary.com/dzbtsco86/image/upload/v1731073975/checkins/file_kak3gv.jpg
238	http://res.cloudinary.com/dzbtsco86/image/upload/v1731073983/checkins/file_zzydcq.jpg
239	http://res.cloudinary.com/dzbtsco86/image/upload/v1731073989/checkins/file_whwn1r.png
240	http://res.cloudinary.com/dzbtsco86/image/upload/v1731074066/checkins/file_n6u7yk.jpg
241	http://res.cloudinary.com/dzbtsco86/image/upload/v1731074069/checkins/file_qrerk4.jpg
242	http://res.cloudinary.com/dzbtsco86/image/upload/v1731074072/checkins/file_on5wlz.jpg
243	http://res.cloudinary.com/dzbtsco86/image/upload/v1731074386/checkins/file_kzmauy.webp
244	http://res.cloudinary.com/dzbtsco86/image/upload/v1731074466/checkins/file_yo4drp.webp
245	http://res.cloudinary.com/dzbtsco86/image/upload/v1731074470/checkins/file_spstuq.jpg
246	http://res.cloudinary.com/dzbtsco86/image/upload/v1731074535/checkins/file_bktqid.jpg
247	http://res.cloudinary.com/dzbtsco86/image/upload/v1731074539/checkins/file_efryf4.jpg
248	http://res.cloudinary.com/dzbtsco86/image/upload/v1731074583/checkins/file_ztckbe.jpg
249	http://res.cloudinary.com/dzbtsco86/image/upload/v1731074586/checkins/file_sbyrzx.jpg
250	http://res.cloudinary.com/dzbtsco86/image/upload/v1731074647/checkins/file_xsgy3m.jpg
251	http://res.cloudinary.com/dzbtsco86/image/upload/v1731074649/checkins/file_dumfcw.jpg
252	http://res.cloudinary.com/dzbtsco86/image/upload/v1731074653/checkins/file_h364vs.jpg
253	http://res.cloudinary.com/dzbtsco86/image/upload/v1731074680/checkins/file_hxhdis.jpg
254	http://res.cloudinary.com/dzbtsco86/image/upload/v1731074684/checkins/file_ixupa8.jpg
255	http://res.cloudinary.com/dzbtsco86/image/upload/v1731074921/checkins/file_sb7cfk.jpg
256	http://res.cloudinary.com/dzbtsco86/image/upload/v1731074924/checkins/file_iowcne.jpg
257	http://res.cloudinary.com/dzbtsco86/image/upload/v1731075008/checkins/file_f4g50f.jpg
258	http://res.cloudinary.com/dzbtsco86/image/upload/v1731075010/checkins/file_mmbdzs.jpg
259	http://res.cloudinary.com/dzbtsco86/image/upload/v1731075042/checkins/file_vzd2qe.jpg
260	http://res.cloudinary.com/dzbtsco86/image/upload/v1731075047/checkins/file_yuysoy.jpg
261	http://res.cloudinary.com/dzbtsco86/image/upload/v1731075100/checkins/file_bs8rlf.webp
262	http://res.cloudinary.com/dzbtsco86/image/upload/v1731075104/checkins/file_hybj7k.jpg
263	http://res.cloudinary.com/dzbtsco86/image/upload/v1731075152/checkins/file_ya3stm.jpg
264	http://res.cloudinary.com/dzbtsco86/image/upload/v1731075155/checkins/file_sftvyq.jpg
265	http://res.cloudinary.com/dzbtsco86/image/upload/v1731075207/checkins/file_rlwkgo.jpg
266	http://res.cloudinary.com/dzbtsco86/image/upload/v1731075270/checkins/file_bpxtcr.jpg
267	http://res.cloudinary.com/dzbtsco86/image/upload/v1731075355/checkins/file_bp8scw.jpg
268	http://res.cloudinary.com/dzbtsco86/image/upload/v1731075358/checkins/file_fmmq6l.jpg
269	http://res.cloudinary.com/dzbtsco86/image/upload/v1731075425/checkins/file_j9xo0a.webp
270	http://res.cloudinary.com/dzbtsco86/image/upload/v1731075472/checkins/file_hnxdpg.jpg
271	http://res.cloudinary.com/dzbtsco86/image/upload/v1731075474/checkins/file_b8aei8.webp
272	http://res.cloudinary.com/dzbtsco86/image/upload/v1731075540/checkins/file_oiy8vi.jpg
273	http://res.cloudinary.com/dzbtsco86/image/upload/v1731075601/checkins/file_i03fig.jpg
274	http://res.cloudinary.com/dzbtsco86/image/upload/v1731075605/checkins/file_xzuiu2.jpg
275	http://res.cloudinary.com/dzbtsco86/image/upload/v1731075610/checkins/file_rjlu9n.jpg
276	http://res.cloudinary.com/dzbtsco86/image/upload/v1731075655/checkins/file_eenscg.webp
277	http://res.cloudinary.com/dzbtsco86/image/upload/v1731075659/checkins/file_loq6z8.jpg
278	http://res.cloudinary.com/dzbtsco86/image/upload/v1731075704/checkins/file_ypjlox.jpg
279	http://res.cloudinary.com/dzbtsco86/image/upload/v1731075709/checkins/file_iwipsk.jpg
280	http://res.cloudinary.com/dzbtsco86/image/upload/v1731075752/checkins/file_kqtkob.jpg
281	http://res.cloudinary.com/dzbtsco86/image/upload/v1731075755/checkins/file_ewopvp.jpg
284	http://res.cloudinary.com/dzbtsco86/image/upload/v1731075788/checkins/file_wd3dxp.webp
285	http://res.cloudinary.com/dzbtsco86/image/upload/v1731075959/checkins/file_tu61uh.jpg
286	http://res.cloudinary.com/dzbtsco86/image/upload/v1731075962/checkins/file_nb3tsz.jpg
287	http://res.cloudinary.com/dzbtsco86/image/upload/v1731076337/checkins/file_yji5a0.jpg
288	http://res.cloudinary.com/dzbtsco86/image/upload/v1731077311/checkins/file_esrc7s.jpg
289	http://res.cloudinary.com/dzbtsco86/image/upload/v1731077333/checkins/file_pupkx4.jpg
290	http://res.cloudinary.com/dzbtsco86/image/upload/v1731077400/checkins/file_tkkije.jpg
293	http://res.cloudinary.com/dzbtsco86/image/upload/v1731077445/checkins/file_yf6pdj.jpg
294	http://res.cloudinary.com/dzbtsco86/image/upload/v1731077448/checkins/file_ckxvtw.jpg
295	http://res.cloudinary.com/dzbtsco86/image/upload/v1731077525/checkins/file_bkk4wd.webp
296	http://res.cloudinary.com/dzbtsco86/image/upload/v1731077528/checkins/file_xndodx.jpg
297	http://res.cloudinary.com/dzbtsco86/image/upload/v1731077603/checkins/file_wcatyb.jpg
298	http://res.cloudinary.com/dzbtsco86/image/upload/v1731077730/checkins/file_t8cd9q.webp
299	http://res.cloudinary.com/dzbtsco86/image/upload/v1731077733/checkins/file_j9trbt.jpg
300	http://res.cloudinary.com/dzbtsco86/image/upload/v1731077736/checkins/file_vgoebl.jpg
301	http://res.cloudinary.com/dzbtsco86/image/upload/v1731077804/checkins/file_aatmac.jpg
302	http://res.cloudinary.com/dzbtsco86/image/upload/v1731077806/checkins/file_vgtprw.jpg
303	http://res.cloudinary.com/dzbtsco86/image/upload/v1731078880/checkins/file_hcr4qu.jpg
304	http://res.cloudinary.com/dzbtsco86/image/upload/v1731078882/checkins/file_bbh0zi.jpg
305	http://res.cloudinary.com/dzbtsco86/image/upload/v1731079007/checkins/file_cmtdq7.jpg
306	http://res.cloudinary.com/dzbtsco86/image/upload/v1731079032/checkins/file_olp5oe.jpg
307	http://res.cloudinary.com/dzbtsco86/image/upload/v1731079189/checkins/file_yfegvr.jpg
308	http://res.cloudinary.com/dzbtsco86/image/upload/v1731079321/file_rzmkg5.jpg
309	https://res.cloudinary.com/dzbtsco86/image/upload/v1731079879/cars/file_uxmm6o.jpg
310	https://res.cloudinary.com/dzbtsco86/image/upload/v1731080403/cars/file_vymsg4.jpg
311	https://res.cloudinary.com/dzbtsco86/image/upload/v1731080476/cars/file_yg4kh1.jpg
312	https://res.cloudinary.com/dzbtsco86/image/upload/v1731080536/cars/file_dpaxuw.jpg
313	https://res.cloudinary.com/dzbtsco86/image/upload/v1731080613/cars/file_jc6add.jpg
314	https://res.cloudinary.com/dzbtsco86/image/upload/v1731081008/cars/file_n3qgkl.jpg
315	http://res.cloudinary.com/dzbtsco86/image/upload/v1731081755/checkins/file_ecu9fv.jpg
316	http://res.cloudinary.com/dzbtsco86/image/upload/v1731097711/avatars_user/file_byjz1j.jpg
317	https://res.cloudinary.com/dzbtsco86/image/upload/v1731271438/hotels/file_o20bhs.jpg
318	https://res.cloudinary.com/dzbtsco86/image/upload/v1731271442/hotels/file_cforrr.jpg
319	https://res.cloudinary.com/dzbtsco86/image/upload/v1731271445/hotels/file_d2hwzz.jpg
320	https://res.cloudinary.com/dzbtsco86/image/upload/v1731271447/hotels/file_tudvwn.jpg
321	https://res.cloudinary.com/dzbtsco86/image/upload/v1731271448/hotels/file_sxvdoz.jpg
322	https://res.cloudinary.com/dzbtsco86/image/upload/v1731272391/hotels/file_oul8px.jpg
323	https://res.cloudinary.com/dzbtsco86/image/upload/v1731272393/hotels/file_aaekm9.jpg
324	https://res.cloudinary.com/dzbtsco86/image/upload/v1731272395/hotels/file_hlgzgj.jpg
325	http://res.cloudinary.com/dzbtsco86/image/upload/v1731273030/avatars_user/file_nua5ld.jpg
326	https://res.cloudinary.com/dzbtsco86/image/upload/v1731352687/hotels/file_vwdxog.jpg
327	https://res.cloudinary.com/dzbtsco86/image/upload/v1731352690/hotels/file_ybqaw6.jpg
328	https://res.cloudinary.com/dzbtsco86/image/upload/v1731352693/hotels/file_efd3dd.jpg
329	https://res.cloudinary.com/dzbtsco86/image/upload/v1731352695/hotels/file_tofwiw.jpg
330	https://res.cloudinary.com/dzbtsco86/image/upload/v1731647855/hotels/file_m7nx7x.jpg
331	https://res.cloudinary.com/dzbtsco86/image/upload/v1731647857/hotels/file_b0iabt.jpg
332	https://res.cloudinary.com/dzbtsco86/image/upload/v1731647860/hotels/file_saywis.jpg
333	https://res.cloudinary.com/dzbtsco86/image/upload/v1731647862/hotels/file_ccz4xa.jpg
334	https://res.cloudinary.com/dzbtsco86/raw/upload/v1731700906/hotel_amenities/ifkksxqgnqk8s1etwekm
335	https://res.cloudinary.com/dzbtsco86/raw/upload/v1731701914/hotel_amenities/lvldi5w6orjdvpjonuvt
336	https://res.cloudinary.com/dzbtsco86/raw/upload/v1731702045/hotel_amenities/vewfa4zdxk35uiq5uf72
337	https://res.cloudinary.com/dzbtsco86/raw/upload/v1731702158/hotel_amenities/xglptmrl7bvnt0iyf0p3
338	https://res.cloudinary.com/dzbtsco86/raw/upload/v1731702297/hotel_amenities/h5dlbkihpp7tr4rvpqhi
339	https://res.cloudinary.com/dzbtsco86/raw/upload/v1731702426/hotel_amenities/wpevg3hdowb3j7chqsiv
340	https://res.cloudinary.com/dzbtsco86/raw/upload/v1731702690/hotel_amenities/uz7ah2xsiifnjsussw8v
341	http://res.cloudinary.com/dzbtsco86/image/upload/v1731706815/avatars_user/file_zk1knd.jpg
342	https://res.cloudinary.com/dzbtsco86/image/upload/v1731712406/hotels/file_khpf5m.jpg
343	https://res.cloudinary.com/dzbtsco86/image/upload/v1731712409/hotels/file_myzfxf.jpg
344	https://res.cloudinary.com/dzbtsco86/image/upload/v1731712411/hotels/file_wde9j0.jpg
345	https://res.cloudinary.com/dzbtsco86/image/upload/v1731712413/hotels/file_tfwjit.jpg
346	https://res.cloudinary.com/dzbtsco86/image/upload/v1731712621/hotels/file_umctre.jpg
347	https://res.cloudinary.com/dzbtsco86/image/upload/v1731712623/hotels/file_myimd9.jpg
348	https://res.cloudinary.com/dzbtsco86/image/upload/v1731712625/hotels/file_owq4it.jpg
349	https://res.cloudinary.com/dzbtsco86/image/upload/v1731712627/hotels/file_jngd0l.jpg
350	https://res.cloudinary.com/dzbtsco86/raw/upload/v1731736158/room_amenities/rw3gas2tw2d0y7qgiskd
351	https://res.cloudinary.com/dzbtsco86/raw/upload/v1731736310/room_amenities/lbztltaui39iqvtjyptm
352	https://res.cloudinary.com/dzbtsco86/raw/upload/v1732116251/hotel_amenities/pxdf0ovtvo8ird3sjl3q
353	https://res.cloudinary.com/dzbtsco86/raw/upload/v1732120088/room_amenities/tnjdtc7jic0jryhgdzwy
354	https://res.cloudinary.com/dzbtsco86/raw/upload/v1732123386/room_amenities/oy9xcpkdea5gidyb3flv
355	https://res.cloudinary.com/dzbtsco86/raw/upload/v1732123729/room_amenities/soiugxqcivojn085ihuh
357	https://res.cloudinary.com/dzbtsco86/image/upload/v1732554980/tours/file_ys1adl.jpg
358	https://res.cloudinary.com/dzbtsco86/image/upload/v1732554982/tours/file_ahpmuz.png
359	https://res.cloudinary.com/dzbtsco86/image/upload/v1732554985/tours/file_njj5rn.jpg
360	https://res.cloudinary.com/dzbtsco86/image/upload/v1732557343/tours/file_jvuq31.jpg
361	https://res.cloudinary.com/dzbtsco86/image/upload/v1732557345/tours/file_swnhxf.jpg
362	https://res.cloudinary.com/dzbtsco86/image/upload/v1732557346/tours/file_ga7rmp.jpg
363	https://res.cloudinary.com/dzbtsco86/image/upload/v1732557478/tours/file_e93ncv.jpg
364	https://res.cloudinary.com/dzbtsco86/image/upload/v1732557480/tours/file_hpui9e.jpg
365	https://res.cloudinary.com/dzbtsco86/image/upload/v1732557481/tours/file_srny2u.jpg
366	http://res.cloudinary.com/dzbtsco86/image/upload/v1732557781/city_images/file_zlph9m.jpg
367	http://res.cloudinary.com/dzbtsco86/image/upload/v1732559481/city_images/file_woq5qh.png
368	http://res.cloudinary.com/dzbtsco86/image/upload/v1732560105/city_images/file_w0qjvu.png
369	http://res.cloudinary.com/dzbtsco86/image/upload/v1732560306/city_images/file_z5ddwj.png
370	http://res.cloudinary.com/dzbtsco86/image/upload/v1732560553/city_images/file_ulnvvq.jpg
371	http://res.cloudinary.com/dzbtsco86/image/upload/v1732560849/city_images/file_yhjfrg.jpg
372	http://res.cloudinary.com/dzbtsco86/image/upload/v1732560926/city_images/file_pwsyt5.jpg
373	http://res.cloudinary.com/dzbtsco86/image/upload/v1732560992/city_images/file_hiniks.jpg
374	http://res.cloudinary.com/dzbtsco86/image/upload/v1732561089/city_images/file_tzdtio.jpg
375	http://res.cloudinary.com/dzbtsco86/image/upload/v1732561154/city_images/file_pjnqjm.png
376	http://res.cloudinary.com/dzbtsco86/image/upload/v1732561226/city_images/file_yax5bd.jpg
377	http://res.cloudinary.com/dzbtsco86/image/upload/v1732561288/city_images/file_cwwfla.jpg
378	http://res.cloudinary.com/dzbtsco86/image/upload/v1732561356/city_images/file_dbvh6e.png
379	http://res.cloudinary.com/dzbtsco86/image/upload/v1732561411/city_images/file_mtzips.jpg
380	http://res.cloudinary.com/dzbtsco86/image/upload/v1732561465/city_images/file_hy7qg0.jpg
381	http://res.cloudinary.com/dzbtsco86/image/upload/v1732561527/city_images/file_n72sw6.png
382	http://res.cloudinary.com/dzbtsco86/image/upload/v1732561571/city_images/file_dxqriv.png
383	http://res.cloudinary.com/dzbtsco86/image/upload/v1732561646/city_images/file_lz0re4.jpg
384	http://res.cloudinary.com/dzbtsco86/image/upload/v1732561697/city_images/file_tbez04.jpg
385	http://res.cloudinary.com/dzbtsco86/image/upload/v1732561768/city_images/file_vxwrr5.webp
386	http://res.cloudinary.com/dzbtsco86/image/upload/v1732561820/city_images/file_p4d7fh.jpg
387	http://res.cloudinary.com/dzbtsco86/image/upload/v1732561881/city_images/file_p9ty90.jpg
388	http://res.cloudinary.com/dzbtsco86/image/upload/v1732561952/city_images/file_omz3gg.jpg
389	http://res.cloudinary.com/dzbtsco86/image/upload/v1732562037/city_images/file_y6cx6l.jpg
390	http://res.cloudinary.com/dzbtsco86/image/upload/v1732563211/city_images/file_oko1st.jpg
391	http://res.cloudinary.com/dzbtsco86/image/upload/v1732563254/city_images/file_fugy6t.jpg
392	http://res.cloudinary.com/dzbtsco86/image/upload/v1732563315/city_images/file_wco9gc.jpg
393	http://res.cloudinary.com/dzbtsco86/image/upload/v1732563362/city_images/file_o6il1t.jpg
394	http://res.cloudinary.com/dzbtsco86/image/upload/v1732563407/city_images/file_qublja.jpg
395	http://res.cloudinary.com/dzbtsco86/image/upload/v1732563476/city_images/file_plwpwb.jpg
396	http://res.cloudinary.com/dzbtsco86/image/upload/v1732564608/city_images/file_ytk2bu.jpg
397	http://res.cloudinary.com/dzbtsco86/image/upload/v1732564737/city_images/file_y64ajy.jpg
398	http://res.cloudinary.com/dzbtsco86/image/upload/v1732564804/city_images/file_ccej02.jpg
399	http://res.cloudinary.com/dzbtsco86/image/upload/v1732564885/city_images/file_lwshfg.jpg
400	http://res.cloudinary.com/dzbtsco86/image/upload/v1732564975/city_images/file_cphmpa.jpg
401	http://res.cloudinary.com/dzbtsco86/image/upload/v1732565032/city_images/file_uzdsuo.jpg
402	http://res.cloudinary.com/dzbtsco86/image/upload/v1732565084/city_images/file_rg0ns8.jpg
403	http://res.cloudinary.com/dzbtsco86/image/upload/v1732565169/city_images/file_fedaci.jpg
404	http://res.cloudinary.com/dzbtsco86/image/upload/v1732565220/city_images/file_yuoh9x.webp
405	http://res.cloudinary.com/dzbtsco86/image/upload/v1732565275/city_images/file_qglnjy.webp
406	http://res.cloudinary.com/dzbtsco86/image/upload/v1732565353/city_images/file_hcxv6r.jpg
407	http://res.cloudinary.com/dzbtsco86/image/upload/v1732565416/city_images/file_fri0e9.jpg
408	http://res.cloudinary.com/dzbtsco86/image/upload/v1732565502/city_images/file_yquohn.jpg
409	http://res.cloudinary.com/dzbtsco86/image/upload/v1732565790/city_images/file_a3h3fh.jpg
410	http://res.cloudinary.com/dzbtsco86/image/upload/v1732565911/city_images/file_yfqybz.jpg
411	http://res.cloudinary.com/dzbtsco86/image/upload/v1732565952/city_images/file_s2rn2i.jpg
412	http://res.cloudinary.com/dzbtsco86/image/upload/v1732566099/city_images/file_b1oovm.jpg
413	http://res.cloudinary.com/dzbtsco86/image/upload/v1732566183/city_images/file_w5fzr0.jpg
414	http://res.cloudinary.com/dzbtsco86/image/upload/v1732566287/city_images/file_i4w9mm.jpg
415	http://res.cloudinary.com/dzbtsco86/image/upload/v1732566330/city_images/file_rqks1f.jpg
416	http://res.cloudinary.com/dzbtsco86/image/upload/v1732566398/city_images/file_hagg7v.jpg
417	http://res.cloudinary.com/dzbtsco86/image/upload/v1732566428/city_images/file_oihppo.jpg
418	http://res.cloudinary.com/dzbtsco86/image/upload/v1732566477/city_images/file_qjkge9.jpg
419	http://res.cloudinary.com/dzbtsco86/image/upload/v1732566512/city_images/file_onrktb.jpg
420	http://res.cloudinary.com/dzbtsco86/image/upload/v1732566571/city_images/file_xeyosz.jpg
421	http://res.cloudinary.com/dzbtsco86/image/upload/v1732566670/city_images/file_wv7c2a.jpg
422	http://res.cloudinary.com/dzbtsco86/image/upload/v1732566719/city_images/file_goyfxw.jpg
423	http://res.cloudinary.com/dzbtsco86/image/upload/v1732566783/city_images/file_yc9b8e.jpg
424	http://res.cloudinary.com/dzbtsco86/image/upload/v1732566830/city_images/file_akhqob.jpg
425	http://res.cloudinary.com/dzbtsco86/image/upload/v1732566891/city_images/file_sb5re4.jpg
426	http://res.cloudinary.com/dzbtsco86/image/upload/v1732566965/city_images/file_qywdfq.jpg
427	http://res.cloudinary.com/dzbtsco86/image/upload/v1732567028/city_images/file_yjds9y.jpg
428	http://res.cloudinary.com/dzbtsco86/image/upload/v1732567068/city_images/file_krqnlj.jpg
429	https://res.cloudinary.com/dzbtsco86/image/upload/v1732626159/tours/file_dlo8fr.jpg
430	https://res.cloudinary.com/dzbtsco86/image/upload/v1732626183/tours/file_u6aali.jpg
431	https://res.cloudinary.com/dzbtsco86/image/upload/v1732626186/tours/file_sllz8u.jpg
432	http://res.cloudinary.com/dzbtsco86/image/upload/v1732724892/file_c8ruxz.jpg
433	http://res.cloudinary.com/dzbtsco86/image/upload/v1732724896/file_nukzci.jpg
434	http://res.cloudinary.com/dzbtsco86/image/upload/v1732724898/file_cigbkz.jpg
435	http://res.cloudinary.com/dzbtsco86/image/upload/v1732725113/file_rgk5td.jpg
436	http://res.cloudinary.com/dzbtsco86/image/upload/v1732725115/file_va9qvs.jpg
437	http://res.cloudinary.com/dzbtsco86/image/upload/v1732725117/file_mtvowm.jpg
438	http://res.cloudinary.com/dzbtsco86/image/upload/v1732725372/file_bssnoz.jpg
439	http://res.cloudinary.com/dzbtsco86/image/upload/v1732725374/file_uxw3le.jpg
440	http://res.cloudinary.com/dzbtsco86/image/upload/v1732725376/file_vwrebk.jpg
441	http://res.cloudinary.com/dzbtsco86/image/upload/v1732725642/file_i8y77o.jpg
442	http://res.cloudinary.com/dzbtsco86/image/upload/v1732725646/file_ogsm1j.jpg
443	http://res.cloudinary.com/dzbtsco86/image/upload/v1732725648/file_g7vxas.jpg
444	http://res.cloudinary.com/dzbtsco86/image/upload/v1732725651/file_mnjg7k.jpg
445	http://res.cloudinary.com/dzbtsco86/image/upload/v1732725949/file_p1fkkq.jpg
446	http://res.cloudinary.com/dzbtsco86/image/upload/v1732725952/file_u1l05z.jpg
447	http://res.cloudinary.com/dzbtsco86/image/upload/v1732725955/file_azo2dx.jpg
448	http://res.cloudinary.com/dzbtsco86/image/upload/v1732947456/file_rw99il.jpg
449	http://res.cloudinary.com/dzbtsco86/image/upload/v1732947696/file_tvnywz.jpg
450	http://res.cloudinary.com/dzbtsco86/image/upload/v1732947698/file_hqxpdh.jpg
451	http://res.cloudinary.com/dzbtsco86/image/upload/v1732947702/file_ztv017.jpg
452	http://res.cloudinary.com/dzbtsco86/image/upload/v1732947706/file_haygdv.jpg
453	http://res.cloudinary.com/dzbtsco86/image/upload/v1732947709/file_ybfmbu.jpg
454	http://res.cloudinary.com/dzbtsco86/image/upload/v1732947805/file_ngwwnz.jpg
455	http://res.cloudinary.com/dzbtsco86/image/upload/v1732947808/file_xygzpz.jpg
456	http://res.cloudinary.com/dzbtsco86/image/upload/v1732947811/file_ww1s3y.jpg
457	http://res.cloudinary.com/dzbtsco86/image/upload/v1732947814/file_xut07g.jpg
458	http://res.cloudinary.com/dzbtsco86/image/upload/v1732947872/file_dlgzvn.jpg
459	http://res.cloudinary.com/dzbtsco86/image/upload/v1732947876/file_bujd8r.jpg
460	http://res.cloudinary.com/dzbtsco86/image/upload/v1732947879/file_c2tvgx.jpg
461	http://res.cloudinary.com/dzbtsco86/image/upload/v1732947883/file_f7mkmh.jpg
462	http://res.cloudinary.com/dzbtsco86/image/upload/v1732947886/file_jyilcu.jpg
463	http://res.cloudinary.com/dzbtsco86/image/upload/v1732947934/file_vh0ki3.jpg
464	http://res.cloudinary.com/dzbtsco86/image/upload/v1732947937/file_nhj5cq.jpg
465	http://res.cloudinary.com/dzbtsco86/image/upload/v1732947940/file_rnkciv.jpg
466	http://res.cloudinary.com/dzbtsco86/image/upload/v1732947943/file_kbj7s2.jpg
467	http://res.cloudinary.com/dzbtsco86/image/upload/v1732947946/file_mdtsx8.jpg
468	http://res.cloudinary.com/dzbtsco86/image/upload/v1732947977/file_rwgbap.jpg
469	http://res.cloudinary.com/dzbtsco86/image/upload/v1732947979/file_eqqnuo.jpg
470	http://res.cloudinary.com/dzbtsco86/image/upload/v1732947982/file_iblgz8.jpg
471	http://res.cloudinary.com/dzbtsco86/image/upload/v1732947985/file_wodbtu.jpg
472	http://res.cloudinary.com/dzbtsco86/image/upload/v1732947988/file_efutcq.jpg
473	http://res.cloudinary.com/dzbtsco86/image/upload/v1732948017/file_csetrj.jpg
474	http://res.cloudinary.com/dzbtsco86/image/upload/v1732948020/file_qgyflc.jpg
475	http://res.cloudinary.com/dzbtsco86/image/upload/v1732948023/file_xsjeuo.jpg
476	http://res.cloudinary.com/dzbtsco86/image/upload/v1732948026/file_fvqmvg.jpg
477	http://res.cloudinary.com/dzbtsco86/image/upload/v1732948077/file_hqwrdg.jpg
478	http://res.cloudinary.com/dzbtsco86/image/upload/v1732948080/file_uazsca.jpg
479	http://res.cloudinary.com/dzbtsco86/image/upload/v1732948083/file_fdpkvu.jpg
480	http://res.cloudinary.com/dzbtsco86/image/upload/v1732948086/file_rgskhh.jpg
481	http://res.cloudinary.com/dzbtsco86/image/upload/v1732948090/file_wvwgmx.jpg
482	http://res.cloudinary.com/dzbtsco86/image/upload/v1732948112/file_jfv4ql.jpg
483	http://res.cloudinary.com/dzbtsco86/image/upload/v1732948114/file_h5vnkw.jpg
484	http://res.cloudinary.com/dzbtsco86/image/upload/v1732948116/file_eokals.jpg
485	http://res.cloudinary.com/dzbtsco86/image/upload/v1732948120/file_diarch.jpg
486	http://res.cloudinary.com/dzbtsco86/image/upload/v1732948123/file_n2dm43.jpg
487	http://res.cloudinary.com/dzbtsco86/image/upload/v1732948206/file_okmef9.jpg
488	http://res.cloudinary.com/dzbtsco86/image/upload/v1732948208/file_e7cwbe.jpg
489	http://res.cloudinary.com/dzbtsco86/image/upload/v1732948210/file_zbv8dh.jpg
490	http://res.cloudinary.com/dzbtsco86/image/upload/v1732948251/file_k3nfxj.jpg
491	http://res.cloudinary.com/dzbtsco86/image/upload/v1732948256/file_mss3gv.jpg
492	http://res.cloudinary.com/dzbtsco86/image/upload/v1732948294/file_uxpahs.jpg
493	http://res.cloudinary.com/dzbtsco86/image/upload/v1732948297/file_as52up.jpg
494	http://res.cloudinary.com/dzbtsco86/image/upload/v1732948300/file_hdrups.jpg
495	http://res.cloudinary.com/dzbtsco86/image/upload/v1732948327/file_qlqxsu.png
496	http://res.cloudinary.com/dzbtsco86/image/upload/v1732948330/file_otpdfi.jpg
497	http://res.cloudinary.com/dzbtsco86/image/upload/v1732948333/file_yj4kii.jpg
498	http://res.cloudinary.com/dzbtsco86/image/upload/v1732948518/file_miuctt.jpg
499	http://res.cloudinary.com/dzbtsco86/image/upload/v1732948520/file_qjrwgg.jpg
500	http://res.cloudinary.com/dzbtsco86/image/upload/v1732948523/file_iqnd91.jpg
501	http://res.cloudinary.com/dzbtsco86/image/upload/v1732948551/file_l76qqk.png
502	http://res.cloudinary.com/dzbtsco86/image/upload/v1732948554/file_awrq0y.jpg
503	http://res.cloudinary.com/dzbtsco86/image/upload/v1732948557/file_vj0sgy.jpg
504	http://res.cloudinary.com/dzbtsco86/image/upload/v1732948581/file_aueog8.jpg
505	http://res.cloudinary.com/dzbtsco86/image/upload/v1732948584/file_mw8esn.jpg
506	http://res.cloudinary.com/dzbtsco86/image/upload/v1732948587/file_u54b5n.jpg
507	http://res.cloudinary.com/dzbtsco86/image/upload/v1732948617/file_boy3uz.jpg
508	http://res.cloudinary.com/dzbtsco86/image/upload/v1732948619/file_bp6zd1.jpg
509	http://res.cloudinary.com/dzbtsco86/image/upload/v1732948622/file_weoyg9.jpg
510	http://res.cloudinary.com/dzbtsco86/image/upload/v1732948642/file_j7f2eg.jpg
511	http://res.cloudinary.com/dzbtsco86/image/upload/v1732948644/file_eomfix.jpg
512	http://res.cloudinary.com/dzbtsco86/image/upload/v1732948646/file_gqpv6n.jpg
513	http://res.cloudinary.com/dzbtsco86/image/upload/v1732948666/file_ukgvnp.jpg
514	http://res.cloudinary.com/dzbtsco86/image/upload/v1732948668/file_jcwr4m.jpg
515	http://res.cloudinary.com/dzbtsco86/image/upload/v1732948672/file_t2fdcn.jpg
516	http://res.cloudinary.com/dzbtsco86/image/upload/v1732948713/file_zqgdi2.jpg
517	http://res.cloudinary.com/dzbtsco86/image/upload/v1732948717/file_enyqq0.jpg
518	http://res.cloudinary.com/dzbtsco86/image/upload/v1732948720/file_er8nik.jpg
519	http://res.cloudinary.com/dzbtsco86/image/upload/v1732948761/file_paxfst.jpg
520	http://res.cloudinary.com/dzbtsco86/image/upload/v1732948765/file_yo0ogg.jpg
521	http://res.cloudinary.com/dzbtsco86/image/upload/v1732948778/file_ww9xnd.jpg
522	http://res.cloudinary.com/dzbtsco86/image/upload/v1732948781/file_hmbnlt.jpg
523	http://res.cloudinary.com/dzbtsco86/image/upload/v1732948783/file_q4l2pj.jpg
524	http://res.cloudinary.com/dzbtsco86/image/upload/v1732948798/file_c4llc3.jpg
525	http://res.cloudinary.com/dzbtsco86/image/upload/v1732948800/file_iqh1jm.jpg
526	http://res.cloudinary.com/dzbtsco86/image/upload/v1732948803/file_tgkxl0.jpg
527	http://res.cloudinary.com/dzbtsco86/image/upload/v1732948823/file_nfag73.jpg
528	http://res.cloudinary.com/dzbtsco86/image/upload/v1732948826/file_maiog1.jpg
529	http://res.cloudinary.com/dzbtsco86/image/upload/v1732948850/file_cik3ew.jpg
530	http://res.cloudinary.com/dzbtsco86/image/upload/v1732948853/file_mra4rz.jpg
531	http://res.cloudinary.com/dzbtsco86/image/upload/v1732948856/file_tieyjp.jpg
532	http://res.cloudinary.com/dzbtsco86/image/upload/v1732948879/file_zgln2t.jpg
533	http://res.cloudinary.com/dzbtsco86/image/upload/v1732948883/file_c4e8tf.jpg
534	http://res.cloudinary.com/dzbtsco86/image/upload/v1732948886/file_ffogsm.jpg
535	http://res.cloudinary.com/dzbtsco86/image/upload/v1732948940/file_fqzz4q.jpg
536	http://res.cloudinary.com/dzbtsco86/image/upload/v1732948944/file_zhudes.jpg
537	http://res.cloudinary.com/dzbtsco86/image/upload/v1732948947/file_arx4r5.jpg
538	http://res.cloudinary.com/dzbtsco86/image/upload/v1732948990/file_ayvkf0.jpg
539	http://res.cloudinary.com/dzbtsco86/image/upload/v1732948993/file_rigfd8.jpg
540	http://res.cloudinary.com/dzbtsco86/image/upload/v1732948997/file_ykpsth.jpg
541	http://res.cloudinary.com/dzbtsco86/image/upload/v1732949023/file_myfjlp.jpg
542	http://res.cloudinary.com/dzbtsco86/image/upload/v1732949026/file_uby70k.jpg
543	http://res.cloudinary.com/dzbtsco86/image/upload/v1732949029/file_zcplc5.jpg
544	http://res.cloudinary.com/dzbtsco86/image/upload/v1732949050/file_dagidx.jpg
545	http://res.cloudinary.com/dzbtsco86/image/upload/v1732949052/file_mmdkyx.jpg
546	http://res.cloudinary.com/dzbtsco86/image/upload/v1732949054/file_qct7ja.jpg
547	http://res.cloudinary.com/dzbtsco86/image/upload/v1732949070/file_yeobly.jpg
548	http://res.cloudinary.com/dzbtsco86/image/upload/v1732949072/file_aecypg.jpg
549	http://res.cloudinary.com/dzbtsco86/image/upload/v1732949075/file_l8newj.jpg
550	http://res.cloudinary.com/dzbtsco86/image/upload/v1732949100/file_vqtlsv.jpg
551	http://res.cloudinary.com/dzbtsco86/image/upload/v1732949103/file_rkhes5.jpg
552	http://res.cloudinary.com/dzbtsco86/image/upload/v1732949106/file_ffszfi.jpg
553	http://res.cloudinary.com/dzbtsco86/image/upload/v1732949134/file_gpcw0t.jpg
554	http://res.cloudinary.com/dzbtsco86/image/upload/v1732949138/file_jtjg8a.jpg
555	http://res.cloudinary.com/dzbtsco86/image/upload/v1732949141/file_rkjtx2.jpg
556	http://res.cloudinary.com/dzbtsco86/image/upload/v1732949144/file_o7brvx.jpg
557	http://res.cloudinary.com/dzbtsco86/image/upload/v1732949168/file_vvw0ch.jpg
558	http://res.cloudinary.com/dzbtsco86/image/upload/v1732949170/file_ullmq8.jpg
559	http://res.cloudinary.com/dzbtsco86/image/upload/v1732949172/file_xwnoyc.jpg
560	http://res.cloudinary.com/dzbtsco86/image/upload/v1732949190/file_hw0zyj.jpg
561	http://res.cloudinary.com/dzbtsco86/image/upload/v1732949193/file_te50tf.jpg
562	http://res.cloudinary.com/dzbtsco86/image/upload/v1732949196/file_uyabcy.jpg
563	http://res.cloudinary.com/dzbtsco86/image/upload/v1732949213/file_jfrbny.jpg
564	http://res.cloudinary.com/dzbtsco86/image/upload/v1732949215/file_cjppgq.jpg
565	http://res.cloudinary.com/dzbtsco86/image/upload/v1732949218/file_nefiin.jpg
566	http://res.cloudinary.com/dzbtsco86/image/upload/v1732949319/file_g7hkv0.jpg
567	http://res.cloudinary.com/dzbtsco86/image/upload/v1732949323/file_pwnqpg.jpg
568	http://res.cloudinary.com/dzbtsco86/image/upload/v1732949326/file_xfvkdz.jpg
569	http://res.cloudinary.com/dzbtsco86/image/upload/v1732949556/file_jr04sk.jpg
570	http://res.cloudinary.com/dzbtsco86/image/upload/v1732949558/file_rbvlk2.jpg
571	http://res.cloudinary.com/dzbtsco86/image/upload/v1732949562/file_gj7rim.jpg
572	http://res.cloudinary.com/dzbtsco86/image/upload/v1732949565/file_fc7gb6.jpg
573	http://res.cloudinary.com/dzbtsco86/image/upload/v1732949570/file_futzhy.jpg
574	http://res.cloudinary.com/dzbtsco86/image/upload/v1732949591/file_vfchwy.jpg
575	http://res.cloudinary.com/dzbtsco86/image/upload/v1732949594/file_xagjzw.jpg
576	http://res.cloudinary.com/dzbtsco86/image/upload/v1732949597/file_c3u9va.jpg
577	http://res.cloudinary.com/dzbtsco86/image/upload/v1732949601/file_ovzpur.jpg
578	http://res.cloudinary.com/dzbtsco86/image/upload/v1732949604/file_e6narm.jpg
579	http://res.cloudinary.com/dzbtsco86/image/upload/v1732949627/file_hfa2dw.jpg
580	http://res.cloudinary.com/dzbtsco86/image/upload/v1732949630/file_uy17yb.jpg
581	http://res.cloudinary.com/dzbtsco86/image/upload/v1732949633/file_gjvdcg.jpg
582	http://res.cloudinary.com/dzbtsco86/image/upload/v1732949637/file_gpi3qs.jpg
583	http://res.cloudinary.com/dzbtsco86/image/upload/v1732949657/file_ypza12.jpg
584	http://res.cloudinary.com/dzbtsco86/image/upload/v1732949659/file_wwbaqq.jpg
585	http://res.cloudinary.com/dzbtsco86/image/upload/v1732949661/file_z9blj9.jpg
586	http://res.cloudinary.com/dzbtsco86/image/upload/v1732949687/file_ax45cf.jpg
587	http://res.cloudinary.com/dzbtsco86/image/upload/v1732949690/file_xeferd.jpg
588	http://res.cloudinary.com/dzbtsco86/image/upload/v1732949692/file_xjwekn.jpg
589	http://res.cloudinary.com/dzbtsco86/image/upload/v1732949714/file_sikag4.jpg
590	http://res.cloudinary.com/dzbtsco86/image/upload/v1732949717/file_cuvmqv.jpg
591	http://res.cloudinary.com/dzbtsco86/image/upload/v1732949721/file_qusday.jpg
592	http://res.cloudinary.com/dzbtsco86/image/upload/v1732949746/file_fkmyzd.jpg
593	http://res.cloudinary.com/dzbtsco86/image/upload/v1732949749/file_jnrs3t.jpg
594	http://res.cloudinary.com/dzbtsco86/image/upload/v1732949753/file_jbztso.jpg
595	http://res.cloudinary.com/dzbtsco86/image/upload/v1732949888/file_raniyo.jpg
596	http://res.cloudinary.com/dzbtsco86/image/upload/v1732949938/file_ybfyzs.jpg
597	http://res.cloudinary.com/dzbtsco86/image/upload/v1732949940/file_jeipqe.jpg
598	http://res.cloudinary.com/dzbtsco86/image/upload/v1732949944/file_clopqg.jpg
599	http://res.cloudinary.com/dzbtsco86/image/upload/v1732949968/file_yz9mox.jpg
600	http://res.cloudinary.com/dzbtsco86/image/upload/v1732949971/file_v83xmf.jpg
601	http://res.cloudinary.com/dzbtsco86/image/upload/v1732949974/file_pu17q5.jpg
602	http://res.cloudinary.com/dzbtsco86/image/upload/v1732949996/file_o04dpd.jpg
603	http://res.cloudinary.com/dzbtsco86/image/upload/v1732949999/file_vaeiua.jpg
604	http://res.cloudinary.com/dzbtsco86/image/upload/v1732950001/file_xv6lwb.jpg
605	http://res.cloudinary.com/dzbtsco86/image/upload/v1732950019/file_ofkxdu.jpg
606	http://res.cloudinary.com/dzbtsco86/image/upload/v1732950022/file_lnwpd7.jpg
607	http://res.cloudinary.com/dzbtsco86/image/upload/v1732950025/file_elb2yb.jpg
608	http://res.cloudinary.com/dzbtsco86/image/upload/v1732950042/file_anitzi.jpg
609	http://res.cloudinary.com/dzbtsco86/image/upload/v1732950045/file_g35xds.jpg
610	http://res.cloudinary.com/dzbtsco86/image/upload/v1732950063/file_clszkh.jpg
611	http://res.cloudinary.com/dzbtsco86/image/upload/v1732950067/file_unj2in.jpg
612	http://res.cloudinary.com/dzbtsco86/image/upload/v1732950085/file_ufskgq.jpg
613	http://res.cloudinary.com/dzbtsco86/image/upload/v1732950088/file_wvncro.jpg
614	http://res.cloudinary.com/dzbtsco86/image/upload/v1732950090/file_j7y17a.jpg
615	http://res.cloudinary.com/dzbtsco86/image/upload/v1732950108/file_pnhhms.jpg
616	http://res.cloudinary.com/dzbtsco86/image/upload/v1732950110/file_pi7lcy.jpg
617	http://res.cloudinary.com/dzbtsco86/image/upload/v1732950113/file_nc7gvh.jpg
618	http://res.cloudinary.com/dzbtsco86/image/upload/v1732950142/file_bj6i3v.jpg
619	http://res.cloudinary.com/dzbtsco86/image/upload/v1732950144/file_iwnani.jpg
620	http://res.cloudinary.com/dzbtsco86/image/upload/v1732950147/file_n1ez0l.jpg
621	http://res.cloudinary.com/dzbtsco86/image/upload/v1732950165/file_ymmvq4.jpg
622	http://res.cloudinary.com/dzbtsco86/image/upload/v1732950169/file_mhobwm.jpg
623	http://res.cloudinary.com/dzbtsco86/image/upload/v1732950171/file_bqvm2k.jpg
624	http://res.cloudinary.com/dzbtsco86/image/upload/v1732950189/file_byzyhl.jpg
625	http://res.cloudinary.com/dzbtsco86/image/upload/v1732950192/file_atqcyy.jpg
626	http://res.cloudinary.com/dzbtsco86/image/upload/v1732950194/file_ntnshj.jpg
627	http://res.cloudinary.com/dzbtsco86/image/upload/v1732950246/file_am9aga.jpg
628	http://res.cloudinary.com/dzbtsco86/image/upload/v1732950248/file_k90gyb.jpg
629	http://res.cloudinary.com/dzbtsco86/image/upload/v1732950252/file_qi0zhl.jpg
630	http://res.cloudinary.com/dzbtsco86/image/upload/v1732950290/file_jhjemh.jpg
631	http://res.cloudinary.com/dzbtsco86/image/upload/v1732950294/file_yi53rc.jpg
632	http://res.cloudinary.com/dzbtsco86/image/upload/v1732950297/file_fdshtg.jpg
633	http://res.cloudinary.com/dzbtsco86/image/upload/v1732950301/file_cf7jst.jpg
634	http://res.cloudinary.com/dzbtsco86/image/upload/v1732950328/file_rdw1kk.jpg
635	http://res.cloudinary.com/dzbtsco86/image/upload/v1732950331/file_rr5lbg.jpg
636	http://res.cloudinary.com/dzbtsco86/image/upload/v1732950334/file_oig3zm.jpg
637	http://res.cloudinary.com/dzbtsco86/image/upload/v1732950360/file_hewtuh.jpg
638	http://res.cloudinary.com/dzbtsco86/image/upload/v1732950365/file_cmoigl.jpg
639	http://res.cloudinary.com/dzbtsco86/image/upload/v1732950368/file_vnjwpu.jpg
640	http://res.cloudinary.com/dzbtsco86/image/upload/v1732950386/file_kju1ge.jpg
641	http://res.cloudinary.com/dzbtsco86/image/upload/v1732950388/file_oopybb.jpg
642	http://res.cloudinary.com/dzbtsco86/image/upload/v1732950392/file_atwf8i.jpg
643	http://res.cloudinary.com/dzbtsco86/image/upload/v1732950466/file_xttykv.jpg
644	http://res.cloudinary.com/dzbtsco86/image/upload/v1732950468/file_yhctze.jpg
645	http://res.cloudinary.com/dzbtsco86/image/upload/v1732950471/file_ba6fw7.jpg
646	http://res.cloudinary.com/dzbtsco86/image/upload/v1732950488/file_xol2kr.jpg
647	http://res.cloudinary.com/dzbtsco86/image/upload/v1732950491/file_pvduhd.jpg
648	http://res.cloudinary.com/dzbtsco86/image/upload/v1732950493/file_qhzc9h.jpg
649	http://res.cloudinary.com/dzbtsco86/image/upload/v1732950513/file_ekwrej.jpg
650	http://res.cloudinary.com/dzbtsco86/image/upload/v1732950516/file_kagamy.jpg
651	http://res.cloudinary.com/dzbtsco86/image/upload/v1732950567/file_bwvx8m.jpg
652	http://res.cloudinary.com/dzbtsco86/image/upload/v1732950569/file_nm2mfj.jpg
653	http://res.cloudinary.com/dzbtsco86/image/upload/v1732950572/file_apffzt.jpg
654	http://res.cloudinary.com/dzbtsco86/image/upload/v1732950590/file_oenxuh.jpg
655	http://res.cloudinary.com/dzbtsco86/image/upload/v1732950592/file_akcr9y.jpg
656	http://res.cloudinary.com/dzbtsco86/image/upload/v1732950595/file_asqpfm.jpg
657	http://res.cloudinary.com/dzbtsco86/image/upload/v1732950617/file_bfuuvu.jpg
658	http://res.cloudinary.com/dzbtsco86/image/upload/v1732950620/file_rpjlks.jpg
659	http://res.cloudinary.com/dzbtsco86/image/upload/v1732950622/file_hsqqqs.jpg
660	http://res.cloudinary.com/dzbtsco86/image/upload/v1732950852/file_nqw3mh.jpg
661	http://res.cloudinary.com/dzbtsco86/image/upload/v1732950855/file_om6b80.jpg
662	http://res.cloudinary.com/dzbtsco86/image/upload/v1732950859/file_euvpds.jpg
663	http://res.cloudinary.com/dzbtsco86/image/upload/v1732950878/file_a9kdfu.jpg
664	http://res.cloudinary.com/dzbtsco86/image/upload/v1732950881/file_mkjzfz.jpg
665	http://res.cloudinary.com/dzbtsco86/image/upload/v1732950884/file_un783m.jpg
666	http://res.cloudinary.com/dzbtsco86/image/upload/v1732950887/file_bvvkuz.jpg
667	http://res.cloudinary.com/dzbtsco86/image/upload/v1732950890/file_lzp7cc.jpg
668	http://res.cloudinary.com/dzbtsco86/image/upload/v1732950908/file_tcpkp4.jpg
669	http://res.cloudinary.com/dzbtsco86/image/upload/v1732950910/file_apjqiq.jpg
670	http://res.cloudinary.com/dzbtsco86/image/upload/v1732950913/file_qm7cla.jpg
671	http://res.cloudinary.com/dzbtsco86/image/upload/v1732950931/file_edqlzh.jpg
672	http://res.cloudinary.com/dzbtsco86/image/upload/v1732950933/file_z3pvwb.jpg
673	http://res.cloudinary.com/dzbtsco86/image/upload/v1732950935/file_kglmkk.jpg
674	http://res.cloudinary.com/dzbtsco86/image/upload/v1732950952/file_x4alie.jpg
675	http://res.cloudinary.com/dzbtsco86/image/upload/v1732950954/file_ammved.jpg
676	http://res.cloudinary.com/dzbtsco86/image/upload/v1732950957/file_tavzto.jpg
677	http://res.cloudinary.com/dzbtsco86/image/upload/v1732950973/file_lhpj2b.png
678	http://res.cloudinary.com/dzbtsco86/image/upload/v1732950976/file_qqssvq.jpg
679	http://res.cloudinary.com/dzbtsco86/image/upload/v1732950979/file_xmytae.jpg
680	http://res.cloudinary.com/dzbtsco86/image/upload/v1732951001/file_phlybc.jpg
681	http://res.cloudinary.com/dzbtsco86/image/upload/v1732951004/file_mie8h3.jpg
682	http://res.cloudinary.com/dzbtsco86/image/upload/v1732951006/file_zyg0gc.jpg
683	http://res.cloudinary.com/dzbtsco86/image/upload/v1732951023/file_xztl8g.jpg
684	http://res.cloudinary.com/dzbtsco86/image/upload/v1732951026/file_ckak04.jpg
685	http://res.cloudinary.com/dzbtsco86/image/upload/v1732951030/file_ohrblb.jpg
686	http://res.cloudinary.com/dzbtsco86/image/upload/v1732951047/file_tuworj.jpg
687	http://res.cloudinary.com/dzbtsco86/image/upload/v1732951050/file_k71uxt.jpg
688	http://res.cloudinary.com/dzbtsco86/image/upload/v1732951052/file_hggrad.jpg
689	http://res.cloudinary.com/dzbtsco86/image/upload/v1732951070/file_hpyxwp.jpg
690	http://res.cloudinary.com/dzbtsco86/image/upload/v1732951073/file_ormznl.jpg
691	http://res.cloudinary.com/dzbtsco86/image/upload/v1732951077/file_jewok9.jpg
692	http://res.cloudinary.com/dzbtsco86/image/upload/v1732951606/file_ekce6g.jpg
693	http://res.cloudinary.com/dzbtsco86/image/upload/v1732951608/file_zsusko.jpg
694	http://res.cloudinary.com/dzbtsco86/image/upload/v1732951611/file_ldsnna.jpg
695	http://res.cloudinary.com/dzbtsco86/image/upload/v1732951623/file_ck1ils.jpg
696	http://res.cloudinary.com/dzbtsco86/image/upload/v1732951626/file_gzy76r.jpg
697	http://res.cloudinary.com/dzbtsco86/image/upload/v1732951628/file_i0hez1.jpg
698	http://res.cloudinary.com/dzbtsco86/image/upload/v1732951642/file_tsc5z4.jpg
699	http://res.cloudinary.com/dzbtsco86/image/upload/v1732951645/file_mwqmhn.jpg
700	http://res.cloudinary.com/dzbtsco86/image/upload/v1732951648/file_kgpwhl.jpg
701	http://res.cloudinary.com/dzbtsco86/image/upload/v1732951667/file_d8tqmi.jpg
702	http://res.cloudinary.com/dzbtsco86/image/upload/v1732951669/file_tubbzk.jpg
703	http://res.cloudinary.com/dzbtsco86/image/upload/v1732951671/file_hhwy4h.jpg
704	http://res.cloudinary.com/dzbtsco86/image/upload/v1732951697/file_yzywvm.jpg
705	http://res.cloudinary.com/dzbtsco86/image/upload/v1732951700/file_pwtogu.jpg
706	http://res.cloudinary.com/dzbtsco86/image/upload/v1732951703/file_jj8imz.jpg
707	http://res.cloudinary.com/dzbtsco86/image/upload/v1732951718/file_pvwfb0.jpg
708	http://res.cloudinary.com/dzbtsco86/image/upload/v1732951721/file_bo3rvq.jpg
709	http://res.cloudinary.com/dzbtsco86/image/upload/v1732951723/file_cynonc.jpg
710	http://res.cloudinary.com/dzbtsco86/image/upload/v1732951738/file_jnf3rk.jpg
711	http://res.cloudinary.com/dzbtsco86/image/upload/v1732951742/file_mh6jlm.jpg
712	http://res.cloudinary.com/dzbtsco86/image/upload/v1732951744/file_xf0tkt.jpg
713	http://res.cloudinary.com/dzbtsco86/image/upload/v1732951762/file_v4hmcz.jpg
714	http://res.cloudinary.com/dzbtsco86/image/upload/v1732951764/file_qonigu.jpg
715	http://res.cloudinary.com/dzbtsco86/image/upload/v1732951767/file_qda7ac.jpg
716	http://res.cloudinary.com/dzbtsco86/image/upload/v1732951783/file_xqaydg.jpg
717	http://res.cloudinary.com/dzbtsco86/image/upload/v1732951786/file_hn8hsq.jpg
718	http://res.cloudinary.com/dzbtsco86/image/upload/v1732951808/file_xghyav.jpg
719	http://res.cloudinary.com/dzbtsco86/image/upload/v1732951812/file_phbxmu.jpg
720	http://res.cloudinary.com/dzbtsco86/image/upload/v1732951817/file_uyiula.jpg
721	http://res.cloudinary.com/dzbtsco86/image/upload/v1732952385/file_w9aczt.jpg
722	http://res.cloudinary.com/dzbtsco86/image/upload/v1732952387/file_uw2110.jpg
723	http://res.cloudinary.com/dzbtsco86/image/upload/v1732952399/file_ozqwpf.jpg
724	http://res.cloudinary.com/dzbtsco86/image/upload/v1732952402/file_ony5i4.jpg
725	http://res.cloudinary.com/dzbtsco86/image/upload/v1732952404/file_eciljl.jpg
726	http://res.cloudinary.com/dzbtsco86/image/upload/v1732952416/file_wmaahw.jpg
727	http://res.cloudinary.com/dzbtsco86/image/upload/v1732952418/file_zbvpk0.jpg
728	http://res.cloudinary.com/dzbtsco86/image/upload/v1732952420/file_mbvkx1.jpg
729	http://res.cloudinary.com/dzbtsco86/image/upload/v1732952444/file_hvhp39.jpg
730	http://res.cloudinary.com/dzbtsco86/image/upload/v1732952447/file_trzcsw.jpg
731	http://res.cloudinary.com/dzbtsco86/image/upload/v1732952459/file_m6uvja.jpg
732	http://res.cloudinary.com/dzbtsco86/image/upload/v1732952462/file_cfqw1z.png
733	http://res.cloudinary.com/dzbtsco86/image/upload/v1732952476/file_df4wrh.jpg
734	http://res.cloudinary.com/dzbtsco86/image/upload/v1732952478/file_i5x932.png
735	http://res.cloudinary.com/dzbtsco86/image/upload/v1732952512/file_fohwgd.jpg
736	http://res.cloudinary.com/dzbtsco86/image/upload/v1732952515/file_gmuyj0.jpg
737	http://res.cloudinary.com/dzbtsco86/image/upload/v1732952518/file_fwxhvw.jpg
738	http://res.cloudinary.com/dzbtsco86/image/upload/v1732952536/file_zokote.jpg
739	http://res.cloudinary.com/dzbtsco86/image/upload/v1732952540/file_owiq7c.jpg
740	http://res.cloudinary.com/dzbtsco86/image/upload/v1732952558/file_e1wlq8.jpg
741	http://res.cloudinary.com/dzbtsco86/image/upload/v1732952560/file_ozjmvo.jpg
742	http://res.cloudinary.com/dzbtsco86/image/upload/v1732952593/file_agu1up.jpg
743	http://res.cloudinary.com/dzbtsco86/image/upload/v1732952613/file_b4de1c.jpg
744	http://res.cloudinary.com/dzbtsco86/image/upload/v1732952615/file_ve7uyp.jpg
745	http://res.cloudinary.com/dzbtsco86/image/upload/v1732952618/file_i8ylz1.jpg
746	http://res.cloudinary.com/dzbtsco86/image/upload/v1732952638/file_qod1t5.jpg
747	http://res.cloudinary.com/dzbtsco86/image/upload/v1732952641/file_r3ocyf.jpg
748	http://res.cloudinary.com/dzbtsco86/image/upload/v1732952645/file_xx6yny.jpg
749	http://res.cloudinary.com/dzbtsco86/image/upload/v1733048078/file_tv1daq.jpg
750	http://res.cloudinary.com/dzbtsco86/image/upload/v1733048082/file_w174cz.jpg
751	http://res.cloudinary.com/dzbtsco86/image/upload/v1733048086/file_nr0gfi.jpg
752	http://res.cloudinary.com/dzbtsco86/image/upload/v1733048089/file_jtvohb.jpg
753	http://res.cloudinary.com/dzbtsco86/image/upload/v1733048092/file_kxfgcy.jpg
754	http://res.cloudinary.com/dzbtsco86/image/upload/v1733048114/file_vbhhfr.jpg
755	http://res.cloudinary.com/dzbtsco86/image/upload/v1733048117/file_ple9h0.jpg
756	http://res.cloudinary.com/dzbtsco86/image/upload/v1733048119/file_gbqbdb.jpg
757	http://res.cloudinary.com/dzbtsco86/image/upload/v1733048161/file_m6ajhe.jpg
758	http://res.cloudinary.com/dzbtsco86/image/upload/v1733048163/file_mewesk.jpg
759	http://res.cloudinary.com/dzbtsco86/image/upload/v1733048166/file_fpys77.jpg
760	http://res.cloudinary.com/dzbtsco86/image/upload/v1733048168/file_bjzats.jpg
761	http://res.cloudinary.com/dzbtsco86/image/upload/v1733048230/file_o6ey5e.jpg
762	http://res.cloudinary.com/dzbtsco86/image/upload/v1733048232/file_wlz5nx.jpg
763	http://res.cloudinary.com/dzbtsco86/image/upload/v1733048235/file_xrtji1.jpg
764	http://res.cloudinary.com/dzbtsco86/image/upload/v1733048264/file_hlukbm.jpg
765	http://res.cloudinary.com/dzbtsco86/image/upload/v1733048266/file_vktant.jpg
766	http://res.cloudinary.com/dzbtsco86/image/upload/v1733048269/file_gbrdrr.jpg
767	http://res.cloudinary.com/dzbtsco86/image/upload/v1733048295/file_v9kaje.jpg
768	http://res.cloudinary.com/dzbtsco86/image/upload/v1733048298/file_e79svm.jpg
769	http://res.cloudinary.com/dzbtsco86/image/upload/v1733048301/file_dl3nvr.jpg
770	http://res.cloudinary.com/dzbtsco86/image/upload/v1733048339/file_it6kyb.jpg
771	http://res.cloudinary.com/dzbtsco86/image/upload/v1733048342/file_pkcsli.jpg
772	http://res.cloudinary.com/dzbtsco86/image/upload/v1733048344/file_ny2ruc.jpg
773	http://res.cloudinary.com/dzbtsco86/image/upload/v1733048384/file_trwxv9.jpg
774	http://res.cloudinary.com/dzbtsco86/image/upload/v1733048386/file_oyaaaw.jpg
775	http://res.cloudinary.com/dzbtsco86/image/upload/v1733048389/file_k8zar4.jpg
776	http://res.cloudinary.com/dzbtsco86/image/upload/v1733048412/file_pcvzdy.jpg
777	http://res.cloudinary.com/dzbtsco86/image/upload/v1733048415/file_yltsgk.jpg
778	http://res.cloudinary.com/dzbtsco86/image/upload/v1733048418/file_jjnftl.jpg
779	http://res.cloudinary.com/dzbtsco86/image/upload/v1733048440/file_l9utyn.jpg
780	http://res.cloudinary.com/dzbtsco86/image/upload/v1733048443/file_pkk6l6.jpg
781	http://res.cloudinary.com/dzbtsco86/image/upload/v1733048446/file_zqxktj.jpg
782	http://res.cloudinary.com/dzbtsco86/image/upload/v1733048476/file_c2tojs.jpg
783	http://res.cloudinary.com/dzbtsco86/image/upload/v1733048479/file_e71rmk.jpg
784	http://res.cloudinary.com/dzbtsco86/image/upload/v1733048481/file_ly5a7o.jpg
785	http://res.cloudinary.com/dzbtsco86/image/upload/v1733048502/file_ywtynr.jpg
786	http://res.cloudinary.com/dzbtsco86/image/upload/v1733048507/file_ghlqrr.jpg
787	http://res.cloudinary.com/dzbtsco86/image/upload/v1733048519/file_auqzzx.jpg
788	http://res.cloudinary.com/dzbtsco86/image/upload/v1733048580/file_dbepu9.jpg
789	http://res.cloudinary.com/dzbtsco86/image/upload/v1733048584/file_ytakhs.jpg
790	http://res.cloudinary.com/dzbtsco86/image/upload/v1733048587/file_jdsxmz.jpg
791	http://res.cloudinary.com/dzbtsco86/image/upload/v1733048745/file_oo96md.jpg
792	http://res.cloudinary.com/dzbtsco86/image/upload/v1733048748/file_zkkjhr.jpg
793	http://res.cloudinary.com/dzbtsco86/image/upload/v1733048751/file_ndbdnh.jpg
794	http://res.cloudinary.com/dzbtsco86/image/upload/v1733049124/file_frq9qo.jpg
795	http://res.cloudinary.com/dzbtsco86/image/upload/v1733049127/file_prjm0w.jpg
796	http://res.cloudinary.com/dzbtsco86/image/upload/v1733049130/file_ggt0xu.jpg
797	http://res.cloudinary.com/dzbtsco86/image/upload/v1733050179/file_ewqgwv.jpg
798	http://res.cloudinary.com/dzbtsco86/image/upload/v1733050182/file_tnlmr9.jpg
799	http://res.cloudinary.com/dzbtsco86/image/upload/v1733050186/file_moy4dq.jpg
800	http://res.cloudinary.com/dzbtsco86/image/upload/v1733050189/file_hrbipe.jpg
801	http://res.cloudinary.com/dzbtsco86/image/upload/v1733050214/file_oxxgx5.jpg
802	http://res.cloudinary.com/dzbtsco86/image/upload/v1733050216/file_xpcxak.jpg
803	http://res.cloudinary.com/dzbtsco86/image/upload/v1733050219/file_ddxuvi.jpg
804	http://res.cloudinary.com/dzbtsco86/image/upload/v1733050222/file_doexj6.jpg
805	http://res.cloudinary.com/dzbtsco86/image/upload/v1733050247/file_gcjz36.jpg
806	http://res.cloudinary.com/dzbtsco86/image/upload/v1733050249/file_rh7lui.jpg
807	http://res.cloudinary.com/dzbtsco86/image/upload/v1733050251/file_vivj6p.jpg
808	http://res.cloudinary.com/dzbtsco86/image/upload/v1733050292/file_a0qvul.jpg
809	http://res.cloudinary.com/dzbtsco86/image/upload/v1733050294/file_yfxeuo.jpg
810	http://res.cloudinary.com/dzbtsco86/image/upload/v1733050296/file_rktgse.jpg
811	http://res.cloudinary.com/dzbtsco86/image/upload/v1733050316/file_tugohg.jpg
812	http://res.cloudinary.com/dzbtsco86/image/upload/v1733050320/file_yiwslg.jpg
813	http://res.cloudinary.com/dzbtsco86/image/upload/v1733050323/file_g9fotg.jpg
814	http://res.cloudinary.com/dzbtsco86/image/upload/v1733050345/file_aaebsq.jpg
815	http://res.cloudinary.com/dzbtsco86/image/upload/v1733050349/file_iwlfa9.jpg
816	http://res.cloudinary.com/dzbtsco86/image/upload/v1733050351/file_cxup39.jpg
817	http://res.cloudinary.com/dzbtsco86/image/upload/v1733050354/file_owvrme.jpg
818	http://res.cloudinary.com/dzbtsco86/image/upload/v1733050372/file_af2isz.jpg
819	http://res.cloudinary.com/dzbtsco86/image/upload/v1733050375/file_a1afao.jpg
820	http://res.cloudinary.com/dzbtsco86/image/upload/v1733050378/file_fh0bwo.jpg
821	http://res.cloudinary.com/dzbtsco86/image/upload/v1733050426/file_k483us.jpg
822	http://res.cloudinary.com/dzbtsco86/image/upload/v1733050428/file_fmf0l5.jpg
823	http://res.cloudinary.com/dzbtsco86/image/upload/v1733050430/file_ltqjnl.jpg
824	http://res.cloudinary.com/dzbtsco86/image/upload/v1733050447/file_qlrx41.jpg
825	http://res.cloudinary.com/dzbtsco86/image/upload/v1733050449/file_vrcemp.jpg
826	http://res.cloudinary.com/dzbtsco86/image/upload/v1733050452/file_eealfz.jpg
827	http://res.cloudinary.com/dzbtsco86/image/upload/v1733050474/file_e1y7kz.jpg
828	http://res.cloudinary.com/dzbtsco86/image/upload/v1733050476/file_fo288u.jpg
829	http://res.cloudinary.com/dzbtsco86/image/upload/v1733050478/file_lzel2n.jpg
830	http://res.cloudinary.com/dzbtsco86/image/upload/v1733050525/file_a0hq77.jpg
831	http://res.cloudinary.com/dzbtsco86/image/upload/v1733050528/file_n0vygi.jpg
832	http://res.cloudinary.com/dzbtsco86/image/upload/v1733050531/file_ilr8qc.jpg
833	http://res.cloudinary.com/dzbtsco86/image/upload/v1733050593/file_nkyz5h.jpg
834	http://res.cloudinary.com/dzbtsco86/image/upload/v1733050596/file_ncpnpf.jpg
835	http://res.cloudinary.com/dzbtsco86/image/upload/v1733050598/file_ytbipc.jpg
836	http://res.cloudinary.com/dzbtsco86/image/upload/v1733050616/file_xuddhl.jpg
837	http://res.cloudinary.com/dzbtsco86/image/upload/v1733050618/file_aw2bxy.jpg
838	http://res.cloudinary.com/dzbtsco86/image/upload/v1733050621/file_dkhym4.jpg
839	http://res.cloudinary.com/dzbtsco86/image/upload/v1733050625/file_ug4obf.jpg
840	http://res.cloudinary.com/dzbtsco86/image/upload/v1733050687/file_evylft.jpg
841	http://res.cloudinary.com/dzbtsco86/image/upload/v1733050689/file_laz5eg.jpg
842	http://res.cloudinary.com/dzbtsco86/image/upload/v1733050692/file_vpf3i3.jpg
843	http://res.cloudinary.com/dzbtsco86/image/upload/v1733050711/file_hvvaet.jpg
844	http://res.cloudinary.com/dzbtsco86/image/upload/v1733050714/file_tcfu2d.jpg
845	http://res.cloudinary.com/dzbtsco86/image/upload/v1733050716/file_hiw5ou.jpg
846	http://res.cloudinary.com/dzbtsco86/image/upload/v1733050729/file_avuu1a.jpg
847	http://res.cloudinary.com/dzbtsco86/image/upload/v1733050733/file_eorrvh.png
848	http://res.cloudinary.com/dzbtsco86/image/upload/v1733050735/file_aictvi.jpg
849	http://res.cloudinary.com/dzbtsco86/image/upload/v1733050754/file_gzzkgd.jpg
850	http://res.cloudinary.com/dzbtsco86/image/upload/v1733050757/file_nl55yo.jpg
851	http://res.cloudinary.com/dzbtsco86/image/upload/v1733050775/file_a0pynp.gif
852	http://res.cloudinary.com/dzbtsco86/image/upload/v1733050777/file_sw1qmo.jpg
853	http://res.cloudinary.com/dzbtsco86/image/upload/v1733050779/file_wblfcs.jpg
854	http://res.cloudinary.com/dzbtsco86/image/upload/v1733050800/file_ctfauc.jpg
855	http://res.cloudinary.com/dzbtsco86/image/upload/v1733050802/file_rbvc6e.jpg
856	http://res.cloudinary.com/dzbtsco86/image/upload/v1733050806/file_l2km7g.jpg
857	http://res.cloudinary.com/dzbtsco86/image/upload/v1733050851/file_a9idz5.jpg
858	http://res.cloudinary.com/dzbtsco86/image/upload/v1733050854/file_rnrjnl.jpg
859	http://res.cloudinary.com/dzbtsco86/image/upload/v1733050857/file_qmgng3.jpg
860	http://res.cloudinary.com/dzbtsco86/image/upload/v1733050881/file_ykarw9.jpg
861	http://res.cloudinary.com/dzbtsco86/image/upload/v1733050883/file_fltghw.jpg
862	http://res.cloudinary.com/dzbtsco86/image/upload/v1733050886/file_rlc0ew.jpg
863	http://res.cloudinary.com/dzbtsco86/image/upload/v1733145700/file_ys7h6y.jpg
864	http://res.cloudinary.com/dzbtsco86/image/upload/v1733145704/file_nzapzr.jpg
865	http://res.cloudinary.com/dzbtsco86/image/upload/v1733145707/file_shpyio.jpg
866	http://res.cloudinary.com/dzbtsco86/image/upload/v1733145725/file_oe4bgy.jpg
867	http://res.cloudinary.com/dzbtsco86/image/upload/v1733145728/file_p1krf4.jpg
868	http://res.cloudinary.com/dzbtsco86/image/upload/v1733145757/file_e3j2g7.jpg
869	http://res.cloudinary.com/dzbtsco86/image/upload/v1733145760/file_cxpm6g.jpg
870	http://res.cloudinary.com/dzbtsco86/image/upload/v1733145776/file_ojjgnx.jpg
871	http://res.cloudinary.com/dzbtsco86/image/upload/v1733145780/file_b3pqhp.jpg
872	http://res.cloudinary.com/dzbtsco86/image/upload/v1733145784/file_eqeqir.jpg
873	http://res.cloudinary.com/dzbtsco86/image/upload/v1733145802/file_t2tck9.jpg
874	http://res.cloudinary.com/dzbtsco86/image/upload/v1733145806/file_ajdsvt.jpg
875	http://res.cloudinary.com/dzbtsco86/image/upload/v1733145809/file_k1tj9m.jpg
876	http://res.cloudinary.com/dzbtsco86/image/upload/v1733145886/file_gan3ev.jpg
877	http://res.cloudinary.com/dzbtsco86/image/upload/v1733145888/file_filoli.jpg
878	http://res.cloudinary.com/dzbtsco86/image/upload/v1733145891/file_xkdkvf.jpg
879	http://res.cloudinary.com/dzbtsco86/image/upload/v1733146605/file_fydkat.jpg
880	http://res.cloudinary.com/dzbtsco86/image/upload/v1733146610/file_isjtdb.jpg
881	http://res.cloudinary.com/dzbtsco86/image/upload/v1733146630/file_mq4lsh.jpg
882	http://res.cloudinary.com/dzbtsco86/image/upload/v1733146632/file_k9tqh9.jpg
883	http://res.cloudinary.com/dzbtsco86/image/upload/v1733146636/file_mmuxxa.jpg
884	http://res.cloudinary.com/dzbtsco86/image/upload/v1733146641/file_b0hhb2.jpg
885	http://res.cloudinary.com/dzbtsco86/image/upload/v1733146659/file_mrzfkc.jpg
886	http://res.cloudinary.com/dzbtsco86/image/upload/v1733146663/file_dnhaxe.jpg
887	http://res.cloudinary.com/dzbtsco86/image/upload/v1733146669/file_xawjtw.jpg
888	http://res.cloudinary.com/dzbtsco86/image/upload/v1733146674/file_rvhmrk.jpg
889	http://res.cloudinary.com/dzbtsco86/image/upload/v1733146678/file_fnd4n1.jpg
890	http://res.cloudinary.com/dzbtsco86/image/upload/v1733146716/file_ljpuf8.jpg
891	http://res.cloudinary.com/dzbtsco86/image/upload/v1733146719/file_gpmxqm.jpg
892	http://res.cloudinary.com/dzbtsco86/image/upload/v1733146723/file_cvlsjm.jpg
893	http://res.cloudinary.com/dzbtsco86/image/upload/v1733146785/file_m9zoie.jpg
894	http://res.cloudinary.com/dzbtsco86/image/upload/v1733146789/file_ujlbyg.jpg
895	http://res.cloudinary.com/dzbtsco86/image/upload/v1733146794/file_iezhbz.jpg
896	http://res.cloudinary.com/dzbtsco86/image/upload/v1733146829/file_eggd6y.jpg
897	http://res.cloudinary.com/dzbtsco86/image/upload/v1733146835/file_cgjg70.jpg
898	http://res.cloudinary.com/dzbtsco86/image/upload/v1733146839/file_s9zgb9.jpg
899	http://res.cloudinary.com/dzbtsco86/image/upload/v1733490434/file_gl7axl.jpg
900	http://res.cloudinary.com/dzbtsco86/image/upload/v1733490438/file_arwuaf.jpg
901	http://res.cloudinary.com/dzbtsco86/image/upload/v1733490441/file_kqo1ty.jpg
902	http://res.cloudinary.com/dzbtsco86/image/upload/v1733490475/file_rlsphl.jpg
903	http://res.cloudinary.com/dzbtsco86/image/upload/v1733490480/file_sp8tv1.jpg
904	http://res.cloudinary.com/dzbtsco86/image/upload/v1733490484/file_fbhqjl.jpg
905	http://res.cloudinary.com/dzbtsco86/image/upload/v1733490568/file_gl1nl1.jpg
906	http://res.cloudinary.com/dzbtsco86/image/upload/v1733490573/file_tv47d6.jpg
907	http://res.cloudinary.com/dzbtsco86/image/upload/v1733490579/file_gcda2s.jpg
908	http://res.cloudinary.com/dzbtsco86/image/upload/v1733490604/file_x5i6tv.jpg
909	http://res.cloudinary.com/dzbtsco86/image/upload/v1733490611/file_rwacju.jpg
910	http://res.cloudinary.com/dzbtsco86/image/upload/v1733490636/file_mmpvtu.jpg
911	http://res.cloudinary.com/dzbtsco86/image/upload/v1733490642/file_mvghmi.jpg
912	http://res.cloudinary.com/dzbtsco86/image/upload/v1733490652/file_zw3kw5.jpg
913	http://res.cloudinary.com/dzbtsco86/image/upload/v1733490690/file_ypidr6.jpg
914	http://res.cloudinary.com/dzbtsco86/image/upload/v1733490692/file_p9utzq.jpg
915	http://res.cloudinary.com/dzbtsco86/image/upload/v1733490717/file_rvisp9.jpg
916	http://res.cloudinary.com/dzbtsco86/image/upload/v1733490722/file_cvo5je.jpg
917	http://res.cloudinary.com/dzbtsco86/image/upload/v1733490725/file_psnvyi.jpg
918	http://res.cloudinary.com/dzbtsco86/image/upload/v1733490833/file_mo8cvu.jpg
919	http://res.cloudinary.com/dzbtsco86/image/upload/v1733490836/file_cetoqg.jpg
920	http://res.cloudinary.com/dzbtsco86/image/upload/v1733490840/file_gsendw.jpg
921	http://res.cloudinary.com/dzbtsco86/image/upload/v1733490865/file_lf7lkk.jpg
922	http://res.cloudinary.com/dzbtsco86/image/upload/v1733490873/file_trxjnp.jpg
923	http://res.cloudinary.com/dzbtsco86/image/upload/v1733490878/file_wxjz3l.jpg
924	http://res.cloudinary.com/dzbtsco86/image/upload/v1733491339/file_w7suo2.jpg
925	http://res.cloudinary.com/dzbtsco86/image/upload/v1733491344/file_wn2niy.jpg
926	http://res.cloudinary.com/dzbtsco86/image/upload/v1733491405/file_gcksen.jpg
927	http://res.cloudinary.com/dzbtsco86/image/upload/v1733491408/file_mwarur.jpg
928	http://res.cloudinary.com/dzbtsco86/image/upload/v1733491444/file_khckzw.jpg
929	http://res.cloudinary.com/dzbtsco86/image/upload/v1733491473/file_rn215h.jpg
930	http://res.cloudinary.com/dzbtsco86/image/upload/v1733491477/file_dnx3be.jpg
931	http://res.cloudinary.com/dzbtsco86/image/upload/v1733491501/file_grtekf.jpg
932	http://res.cloudinary.com/dzbtsco86/image/upload/v1733491506/file_clgkgo.jpg
933	http://res.cloudinary.com/dzbtsco86/image/upload/v1733491509/file_hhb6ew.jpg
934	http://res.cloudinary.com/dzbtsco86/image/upload/v1733491542/file_xendsq.jpg
935	http://res.cloudinary.com/dzbtsco86/image/upload/v1733491547/file_vib0m4.jpg
936	http://res.cloudinary.com/dzbtsco86/image/upload/v1733492000/file_r9kkb1.jpg
937	http://res.cloudinary.com/dzbtsco86/image/upload/v1733492005/file_jpkvbc.jpg
938	http://res.cloudinary.com/dzbtsco86/image/upload/v1733492008/file_vbjqe9.jpg
939	http://res.cloudinary.com/dzbtsco86/image/upload/v1733492026/file_i4dsyj.jpg
940	http://res.cloudinary.com/dzbtsco86/image/upload/v1733492030/file_lfpwtf.jpg
941	http://res.cloudinary.com/dzbtsco86/image/upload/v1733492047/file_yzesjj.jpg
942	http://res.cloudinary.com/dzbtsco86/image/upload/v1733492051/file_oiv1yx.jpg
943	http://res.cloudinary.com/dzbtsco86/image/upload/v1733492056/file_rnjey5.jpg
944	http://res.cloudinary.com/dzbtsco86/image/upload/v1733492071/file_ckwb2p.jpg
945	http://res.cloudinary.com/dzbtsco86/image/upload/v1733492075/file_g1h9cs.jpg
946	http://res.cloudinary.com/dzbtsco86/image/upload/v1733492088/file_gfxccf.jpg
947	http://res.cloudinary.com/dzbtsco86/image/upload/v1733492092/file_gdhqve.jpg
948	http://res.cloudinary.com/dzbtsco86/image/upload/v1733492116/file_tsfpcs.jpg
949	http://res.cloudinary.com/dzbtsco86/image/upload/v1733492124/file_e3c7le.jpg
950	http://res.cloudinary.com/dzbtsco86/image/upload/v1733492129/file_ir9vfr.jpg
951	http://res.cloudinary.com/dzbtsco86/image/upload/v1733492148/file_e6lfiy.jpg
952	http://res.cloudinary.com/dzbtsco86/image/upload/v1733492151/file_ey14xf.jpg
953	http://res.cloudinary.com/dzbtsco86/image/upload/v1733492157/file_kpcphe.jpg
954	http://res.cloudinary.com/dzbtsco86/image/upload/v1733492161/file_qxjbx5.jpg
955	http://res.cloudinary.com/dzbtsco86/image/upload/v1733690839/Room/file_wnfejn.jpg
956	http://res.cloudinary.com/dzbtsco86/image/upload/v1733690854/Room/file_s61q6o.jpg
957	http://res.cloudinary.com/dzbtsco86/image/upload/v1733690884/Room/file_vasejn.jpg
958	http://res.cloudinary.com/dzbtsco86/image/upload/v1733690912/Room/file_piu9dy.jpg
959	http://res.cloudinary.com/dzbtsco86/image/upload/v1733690942/Room/file_tygzvz.jpg
960	http://res.cloudinary.com/dzbtsco86/image/upload/v1733690964/Room/file_xhmer3.jpg
961	http://res.cloudinary.com/dzbtsco86/image/upload/v1733690988/Room/file_e8hx1j.jpg
962	http://res.cloudinary.com/dzbtsco86/image/upload/v1733691023/Room/file_vnn3hh.jpg
963	http://res.cloudinary.com/dzbtsco86/image/upload/v1733691041/Room/file_lsvf2s.jpg
964	http://res.cloudinary.com/dzbtsco86/image/upload/v1733691062/Room/file_jofduf.jpg
965	http://res.cloudinary.com/dzbtsco86/image/upload/v1733691080/Room/file_hpdmv1.png
966	http://res.cloudinary.com/dzbtsco86/image/upload/v1733691119/Room/file_hkmue6.webp
967	http://res.cloudinary.com/dzbtsco86/image/upload/v1733691140/Room/file_yciygw.jpg
968	http://res.cloudinary.com/dzbtsco86/image/upload/v1733691162/Room/file_srhbd2.jpg
969	http://res.cloudinary.com/dzbtsco86/image/upload/v1733691178/Room/file_pntla3.jpg
970	http://res.cloudinary.com/dzbtsco86/image/upload/v1733691199/Room/file_vuzfoo.jpg
971	http://res.cloudinary.com/dzbtsco86/image/upload/v1733691233/Room/file_fnr4yd.jpg
972	http://res.cloudinary.com/dzbtsco86/image/upload/v1733691262/Room/file_lwbgo1.jpg
973	http://res.cloudinary.com/dzbtsco86/image/upload/v1733691279/Room/file_aguinv.jpg
974	http://res.cloudinary.com/dzbtsco86/image/upload/v1733691310/Room/file_fng82t.webp
975	http://res.cloudinary.com/dzbtsco86/image/upload/v1733691356/Room/file_lr4anp.jpg
976	http://res.cloudinary.com/dzbtsco86/image/upload/v1733691382/Room/file_o2lrrw.jpg
977	http://res.cloudinary.com/dzbtsco86/image/upload/v1733691408/Room/file_ceknr5.jpg
978	http://res.cloudinary.com/dzbtsco86/image/upload/v1733691432/Room/file_jvlxfb.jpg
979	http://res.cloudinary.com/dzbtsco86/image/upload/v1733691452/Room/file_rjudkd.jpg
980	http://res.cloudinary.com/dzbtsco86/image/upload/v1733691474/Room/file_cmwysu.jpg
981	http://res.cloudinary.com/dzbtsco86/image/upload/v1733691509/Room/file_wcue3t.jpg
982	http://res.cloudinary.com/dzbtsco86/image/upload/v1733691532/Room/file_cfzgba.jpg
983	http://res.cloudinary.com/dzbtsco86/image/upload/v1733691535/Room/file_bbz1kn.jpg
984	http://res.cloudinary.com/dzbtsco86/image/upload/v1733691560/Room/file_mvezfg.jpg
985	http://res.cloudinary.com/dzbtsco86/image/upload/v1733691592/Room/file_qlw15s.jpg
986	http://res.cloudinary.com/dzbtsco86/image/upload/v1733691626/Room/file_ahjugv.jpg
987	http://res.cloudinary.com/dzbtsco86/image/upload/v1733691643/Room/file_cvxjpx.jpg
988	http://res.cloudinary.com/dzbtsco86/image/upload/v1733691665/Room/file_bgn8sx.webp
989	http://res.cloudinary.com/dzbtsco86/image/upload/v1733691680/Room/file_sdylrp.jpg
990	http://res.cloudinary.com/dzbtsco86/image/upload/v1733691700/Room/file_egbt8n.jpg
991	http://res.cloudinary.com/dzbtsco86/image/upload/v1733691723/Room/file_dsbrrf.jpg
992	http://res.cloudinary.com/dzbtsco86/image/upload/v1733691743/Room/file_kl3g8i.png
993	http://res.cloudinary.com/dzbtsco86/image/upload/v1733691760/Room/file_mrkbmf.jpg
994	http://res.cloudinary.com/dzbtsco86/image/upload/v1733691778/Room/file_yamjr7.webp
995	http://res.cloudinary.com/dzbtsco86/image/upload/v1733691824/Room/file_xbmuhh.jpg
996	http://res.cloudinary.com/dzbtsco86/image/upload/v1733691848/Room/file_aeat5y.jpg
997	http://res.cloudinary.com/dzbtsco86/image/upload/v1733691868/Room/file_rfyjbv.avif
998	http://res.cloudinary.com/dzbtsco86/image/upload/v1733691903/Room/file_ubila3.jpg
999	http://res.cloudinary.com/dzbtsco86/image/upload/v1733691927/Room/file_lxtvae.jpg
1000	http://res.cloudinary.com/dzbtsco86/image/upload/v1733691949/Room/file_cuqacq.jpg
1001	http://res.cloudinary.com/dzbtsco86/image/upload/v1733691979/Room/file_zigvyc.jpg
1002	http://res.cloudinary.com/dzbtsco86/image/upload/v1733692002/Room/file_gkciad.jpg
1003	http://res.cloudinary.com/dzbtsco86/image/upload/v1733692026/Room/file_tldu24.jpg
1004	http://res.cloudinary.com/dzbtsco86/image/upload/v1733692049/Room/file_dvp9ri.jpg
1005	http://res.cloudinary.com/dzbtsco86/image/upload/v1733692071/Room/file_py5egc.jpg
1006	http://res.cloudinary.com/dzbtsco86/image/upload/v1733692090/Room/file_r4pd0v.jpg
1007	http://res.cloudinary.com/dzbtsco86/image/upload/v1733692129/Room/file_bdkmh9.jpg
1008	http://res.cloudinary.com/dzbtsco86/image/upload/v1733692151/Room/file_af8skk.jpg
1009	http://res.cloudinary.com/dzbtsco86/image/upload/v1733692177/Room/file_a21ihf.jpg
1010	http://res.cloudinary.com/dzbtsco86/image/upload/v1733692197/Room/file_d2wsja.jpg
1011	http://res.cloudinary.com/dzbtsco86/image/upload/v1733692236/Room/file_kyvdll.jpg
1012	http://res.cloudinary.com/dzbtsco86/image/upload/v1733692265/Room/file_fw9ufb.jpg
1013	http://res.cloudinary.com/dzbtsco86/image/upload/v1733692441/Room/file_usdgwx.jpg
1014	http://res.cloudinary.com/dzbtsco86/image/upload/v1733692523/Room/file_masrna.jpg
1015	http://res.cloudinary.com/dzbtsco86/image/upload/v1733692546/Room/file_byvtlr.png
1016	http://res.cloudinary.com/dzbtsco86/image/upload/v1733692565/Room/file_uyeywy.jpg
1017	http://res.cloudinary.com/dzbtsco86/image/upload/v1733692582/Room/file_jfp9eg.jpg
1018	http://res.cloudinary.com/dzbtsco86/image/upload/v1733692601/Room/file_dv6ytu.jpg
1019	http://res.cloudinary.com/dzbtsco86/image/upload/v1733692620/Room/file_dg2izj.jpg
1020	http://res.cloudinary.com/dzbtsco86/image/upload/v1733692642/Room/file_pnfmxa.jpg
1021	http://res.cloudinary.com/dzbtsco86/image/upload/v1733692659/Room/file_jywuod.webp
1022	http://res.cloudinary.com/dzbtsco86/image/upload/v1733692677/Room/file_dvgqh8.jpg
1023	http://res.cloudinary.com/dzbtsco86/image/upload/v1733692695/Room/file_dzl05v.jpg
1024	http://res.cloudinary.com/dzbtsco86/image/upload/v1733692711/Room/file_eenmtu.webp
1025	http://res.cloudinary.com/dzbtsco86/image/upload/v1733692728/Room/file_vmd5yn.jpg
1026	http://res.cloudinary.com/dzbtsco86/image/upload/v1733692749/Room/file_lqiwwu.jpg
1027	http://res.cloudinary.com/dzbtsco86/image/upload/v1733692765/Room/file_lh6lch.jpg
1028	http://res.cloudinary.com/dzbtsco86/image/upload/v1733692785/Room/file_h57hne.jpg
1029	http://res.cloudinary.com/dzbtsco86/image/upload/v1733692799/Room/file_q7pdpz.jpg
1030	http://res.cloudinary.com/dzbtsco86/image/upload/v1733692822/Room/file_k2mp6q.jpg
1031	http://res.cloudinary.com/dzbtsco86/image/upload/v1733692824/Room/file_wtzngl.jpg
1032	http://res.cloudinary.com/dzbtsco86/image/upload/v1733692832/Room/file_xvvcwj.jpg
1033	http://res.cloudinary.com/dzbtsco86/image/upload/v1733692842/Room/file_pyic5p.jpg
1034	http://res.cloudinary.com/dzbtsco86/image/upload/v1733692862/Room/file_aimiuh.jpg
1035	http://res.cloudinary.com/dzbtsco86/image/upload/v1733692876/Room/file_ui3oe4.jpg
1036	http://res.cloudinary.com/dzbtsco86/image/upload/v1733692895/Room/file_mk8eqi.jpg
1037	http://res.cloudinary.com/dzbtsco86/image/upload/v1733692911/Room/file_rsbpcx.jpg
1038	http://res.cloudinary.com/dzbtsco86/image/upload/v1733692928/Room/file_xb2exd.jpg
1039	http://res.cloudinary.com/dzbtsco86/image/upload/v1733692948/Room/file_vgrfgh.jpg
1040	http://res.cloudinary.com/dzbtsco86/image/upload/v1733692968/Room/file_cv9yxa.jpg
1041	http://res.cloudinary.com/dzbtsco86/image/upload/v1733692990/Room/file_dfjl3a.jpg
1042	http://res.cloudinary.com/dzbtsco86/image/upload/v1733693025/Room/file_npjwg8.jpg
1043	http://res.cloudinary.com/dzbtsco86/image/upload/v1733693040/Room/file_ry4ayk.webp
1044	http://res.cloudinary.com/dzbtsco86/image/upload/v1733693058/Room/file_nztolu.jpg
1045	http://res.cloudinary.com/dzbtsco86/image/upload/v1733693070/Room/file_gldlqa.jpg
1046	http://res.cloudinary.com/dzbtsco86/image/upload/v1733693086/Room/file_gj9hbc.jpg
1047	http://res.cloudinary.com/dzbtsco86/image/upload/v1733693100/Room/file_a67hsg.jpg
1048	http://res.cloudinary.com/dzbtsco86/image/upload/v1733693116/Room/file_ifwfze.webp
1049	http://res.cloudinary.com/dzbtsco86/image/upload/v1733693133/Room/file_ifzvry.jpg
1050	http://res.cloudinary.com/dzbtsco86/image/upload/v1733693153/Room/file_k8p4bx.jpg
1051	http://res.cloudinary.com/dzbtsco86/image/upload/v1733698921/Room/file_f17lnx.jpg
1052	http://res.cloudinary.com/dzbtsco86/image/upload/v1733698941/Room/file_l2vcya.jpg
1053	http://res.cloudinary.com/dzbtsco86/image/upload/v1733698958/Room/file_v46fu0.jpg
1054	http://res.cloudinary.com/dzbtsco86/image/upload/v1733698971/Room/file_trurji.jpg
1055	http://res.cloudinary.com/dzbtsco86/image/upload/v1733698989/Room/file_bqbxoe.jpg
1056	http://res.cloudinary.com/dzbtsco86/image/upload/v1733699009/Room/file_ouz7fs.jpg
1057	http://res.cloudinary.com/dzbtsco86/image/upload/v1733699022/Room/file_ilcpbr.jpg
1058	http://res.cloudinary.com/dzbtsco86/image/upload/v1733699031/Room/file_vevkpf.jpg
1059	http://res.cloudinary.com/dzbtsco86/image/upload/v1733699051/Room/file_fa9oge.jpg
1060	http://res.cloudinary.com/dzbtsco86/image/upload/v1733699075/Room/file_bedz11.jpg
1061	http://res.cloudinary.com/dzbtsco86/image/upload/v1733699096/Room/file_yig0ld.jpg
1062	http://res.cloudinary.com/dzbtsco86/image/upload/v1733699115/Room/file_xdsw1e.png
1063	http://res.cloudinary.com/dzbtsco86/image/upload/v1733699131/Room/file_kzxupf.jpg
1064	http://res.cloudinary.com/dzbtsco86/image/upload/v1733699181/Room/file_exm1xz.jpg
1065	http://res.cloudinary.com/dzbtsco86/image/upload/v1733699195/Room/file_s1xvzv.jpg
1066	http://res.cloudinary.com/dzbtsco86/image/upload/v1733699212/Room/file_gw6rdk.jpg
1067	http://res.cloudinary.com/dzbtsco86/image/upload/v1733699232/Room/file_whagvh.jpg
1068	http://res.cloudinary.com/dzbtsco86/image/upload/v1733699260/Room/file_vyyhys.jpg
1069	http://res.cloudinary.com/dzbtsco86/image/upload/v1733699275/Room/file_mfh2qj.jpg
1070	http://res.cloudinary.com/dzbtsco86/image/upload/v1733699298/Room/file_t4vpmb.jpg
1071	http://res.cloudinary.com/dzbtsco86/image/upload/v1733699312/Room/file_hann6s.jpg
1072	http://res.cloudinary.com/dzbtsco86/image/upload/v1733699321/Room/file_yz1tyv.jpg
1073	http://res.cloudinary.com/dzbtsco86/image/upload/v1733699337/Room/file_kaipmm.jpg
1074	http://res.cloudinary.com/dzbtsco86/image/upload/v1733699354/Room/file_qqohfm.jpg
1075	http://res.cloudinary.com/dzbtsco86/image/upload/v1733699374/Room/file_rmtn2f.jpg
1076	http://res.cloudinary.com/dzbtsco86/image/upload/v1733699393/Room/file_bugkeo.avif
1077	http://res.cloudinary.com/dzbtsco86/image/upload/v1733699424/Room/file_xdbff2.jpg
1078	http://res.cloudinary.com/dzbtsco86/image/upload/v1733699444/Room/file_unp2i5.jpg
1079	http://res.cloudinary.com/dzbtsco86/image/upload/v1733699461/Room/file_kjl9sr.jpg
1080	http://res.cloudinary.com/dzbtsco86/image/upload/v1733699476/Room/file_aafnao.jpg
1081	http://res.cloudinary.com/dzbtsco86/image/upload/v1733699499/Room/file_fcy3fy.webp
1082	http://res.cloudinary.com/dzbtsco86/image/upload/v1733699518/Room/file_bjvvis.png
1083	http://res.cloudinary.com/dzbtsco86/image/upload/v1733699533/Room/file_ihasuu.avif
1084	http://res.cloudinary.com/dzbtsco86/image/upload/v1733699577/Room/file_gb2bas.jpg
1085	http://res.cloudinary.com/dzbtsco86/image/upload/v1733699592/Room/file_ujltqk.jpg
1086	http://res.cloudinary.com/dzbtsco86/image/upload/v1733699607/Room/file_shsce5.jpg
1087	http://res.cloudinary.com/dzbtsco86/image/upload/v1733699622/Room/file_atjbog.jpg
1088	http://res.cloudinary.com/dzbtsco86/image/upload/v1733699635/Room/file_oom1jd.jpg
1089	http://res.cloudinary.com/dzbtsco86/image/upload/v1733699665/Room/file_cdcest.jpg
1090	http://res.cloudinary.com/dzbtsco86/image/upload/v1733699712/Room/file_w530z0.jpg
1091	http://res.cloudinary.com/dzbtsco86/image/upload/v1733699728/Room/file_gk2mvz.jpg
1092	http://res.cloudinary.com/dzbtsco86/image/upload/v1733699741/Room/file_xhvfm5.webp
1093	http://res.cloudinary.com/dzbtsco86/image/upload/v1733699774/Room/file_os4qfy.jpg
1094	http://res.cloudinary.com/dzbtsco86/image/upload/v1733699792/Room/file_gpohtv.jpg
1095	http://res.cloudinary.com/dzbtsco86/image/upload/v1733699805/Room/file_hgima6.jpg
1096	http://res.cloudinary.com/dzbtsco86/image/upload/v1733699822/Room/file_vqvqkt.jpg
1097	http://res.cloudinary.com/dzbtsco86/image/upload/v1733699837/Room/file_pqza5b.webp
1098	http://res.cloudinary.com/dzbtsco86/image/upload/v1733699851/Room/file_mpzgu1.jpg
1099	http://res.cloudinary.com/dzbtsco86/image/upload/v1733699870/Room/file_w4r8d1.jpg
1100	http://res.cloudinary.com/dzbtsco86/image/upload/v1733699886/Room/file_iu7vp1.webp
1101	http://res.cloudinary.com/dzbtsco86/image/upload/v1733699902/Room/file_kiywsb.jpg
1102	http://res.cloudinary.com/dzbtsco86/image/upload/v1733699917/Room/file_vkpgvg.webp
1103	http://res.cloudinary.com/dzbtsco86/image/upload/v1733699933/Room/file_zhoccd.jpg
1104	http://res.cloudinary.com/dzbtsco86/image/upload/v1733699952/Room/file_p5gxwj.jpg
1105	http://res.cloudinary.com/dzbtsco86/image/upload/v1733699966/Room/file_wfhpq7.jpg
1106	http://res.cloudinary.com/dzbtsco86/image/upload/v1733699981/Room/file_bqdz3a.jpg
1107	http://res.cloudinary.com/dzbtsco86/image/upload/v1733699999/Room/file_ipdyrj.jpg
1108	http://res.cloudinary.com/dzbtsco86/image/upload/v1733700013/Room/file_mxattt.jpg
1109	http://res.cloudinary.com/dzbtsco86/image/upload/v1733700041/Room/file_hq9ydg.jpg
1110	http://res.cloudinary.com/dzbtsco86/image/upload/v1733700105/Room/file_helf03.jpg
1111	http://res.cloudinary.com/dzbtsco86/image/upload/v1733700128/Room/file_pfsane.jpg
1112	http://res.cloudinary.com/dzbtsco86/image/upload/v1733700140/Room/file_qhqw8a.webp
1113	http://res.cloudinary.com/dzbtsco86/image/upload/v1733700157/Room/file_olvsqh.jpg
1114	http://res.cloudinary.com/dzbtsco86/image/upload/v1733700177/Room/file_w1tbjl.jpg
1115	http://res.cloudinary.com/dzbtsco86/image/upload/v1733700200/Room/file_rqwr50.jpg
1116	http://res.cloudinary.com/dzbtsco86/image/upload/v1733700214/Room/file_cuvswc.webp
1117	http://res.cloudinary.com/dzbtsco86/image/upload/v1733700232/Room/file_yjxz3s.jpg
1118	http://res.cloudinary.com/dzbtsco86/image/upload/v1733700248/Room/file_bfxmea.jpg
1119	http://res.cloudinary.com/dzbtsco86/image/upload/v1733700263/Room/file_ae8qzo.webp
1120	http://res.cloudinary.com/dzbtsco86/image/upload/v1733700278/Room/file_xo1va6.jpg
1121	http://res.cloudinary.com/dzbtsco86/image/upload/v1733700293/Room/file_fmnkir.webp
1122	http://res.cloudinary.com/dzbtsco86/image/upload/v1733700317/Room/file_ntr9un.jpg
1123	http://res.cloudinary.com/dzbtsco86/image/upload/v1733700329/Room/file_pscg3g.jpg
1124	https://res.cloudinary.com/dzbtsco86/image/upload/v1734171628/tours/file_lobeys.jpg
1125	https://res.cloudinary.com/dzbtsco86/image/upload/v1734171631/tours/file_utnh4w.jpg
1126	https://res.cloudinary.com/dzbtsco86/image/upload/v1734171635/tours/file_atyyxa.jpg
1127	http://res.cloudinary.com/dzbtsco86/image/upload/v1734200786/avatars_user/file_t1coul.jpg
1128	https://res.cloudinary.com/dzbtsco86/image/upload/v1734204187/hotel_amenities/file_tfzpsv.png
1129	https://res.cloudinary.com/dzbtsco86/image/upload/v1734204269/hotel_amenities/file_sc16ou.png
1130	https://res.cloudinary.com/dzbtsco86/image/upload/v1734204387/hotel_amenities/file_mjnwlx.png
1131	https://res.cloudinary.com/dzbtsco86/image/upload/v1734204454/hotel_amenities/file_dvquxj.png
1132	https://res.cloudinary.com/dzbtsco86/image/upload/v1734204522/hotel_amenities/file_hfe4on.png
1133	https://res.cloudinary.com/dzbtsco86/image/upload/v1734204616/hotel_amenities/file_anwsgc.png
1134	https://res.cloudinary.com/dzbtsco86/image/upload/v1734204662/hotel_amenities/file_itvnda.png
1135	https://res.cloudinary.com/dzbtsco86/image/upload/v1734206016/room_amenities/file_o0x4uw.png
1136	https://res.cloudinary.com/dzbtsco86/image/upload/v1734206091/room_amenities/file_yxe8yj.png
1137	https://res.cloudinary.com/dzbtsco86/image/upload/v1734206191/room_amenities/file_up6czb.png
1138	https://res.cloudinary.com/dzbtsco86/image/upload/v1734206266/room_amenities/file_vennsm.png
1139	http://res.cloudinary.com/dzbtsco86/image/upload/v1734206528/avatars_enterprise/file_ul3miu.jpg
\.


--
-- Data for Name: payments; Type: TABLE DATA; Schema: public; Owner: postgres
--

COPY public.payments (id, description, fee, payment_method) FROM stdin;
4	\N	0	Thẻ ATM
3	\N	0	Chuyển khoản ngân hàng
2	\N	0	Vnpay
1	\N	0	Momo
\.


--
-- Data for Name: plan; Type: TABLE DATA; Schema: public; Owner: postgres
--

COPY public.plan (id, budget, destination, end_date, number_people, origin_location, plan_name, start_date, status, status_payment, total_price, payment_id, user_id, discount_price, final_price) FROM stdin;
8	3000000.00	Tỉnh Lâm Đồng	2024-11-21	2	Thành phố Hồ Chí Minh	Khám phá tỉnh lâm đồng	2024-11-18	NOT_STARTED	\N	2100000.00	\N	1	500000.00	1600000.00
9	3000000.00	Tỉnh Lâm Đồng	2024-11-22	2	Thành phố Hồ Chí Minh	Khám phá tỉnh lâm đồng	2024-11-20	NOT_STARTED	\N	1580000.00	\N	1	474000.00	1106000.00
10	3000000.00	Tỉnh Lâm Đồng	2024-11-20	2	Hồ Chí Minh	Khám phá tỉnh lâm đồng	2024-11-18	NOT_STARTED	\N	1580.00	\N	1	0.00	1580.00
11	3000000.00	Tỉnh Lâm Đồng	2024-11-20	2	Thành phố Hồ Chí Minh	Khám phá tỉnh lâm đồng	2024-11-18	NOT_STARTED	Complete	1880000.00	\N	1	0.00	1880000.00
12	5000000.00	Tỉnh Khánh Hòa	2024-11-21	3	Thành phố Hồ Chí Minh	Khám phá tỉnh khánh hòa	2024-11-19	NOT_STARTED	Complete	3390000.00	\N	7	0.00	3390000.00
13	5000000.00	Tỉnh Khánh Hòa	2024-12-19	4	Thành phố Hồ Chí Minh	Khám phá tỉnh khánh hòa	2024-12-16	NOT_STARTED	Complete	4320000.00	\N	7	0.00	4320000.00
\.


--
-- Data for Name: plan_details; Type: TABLE DATA; Schema: public; Owner: postgres
--

COPY public.plan_details (id, end_date, service_id, start_date, status, ticket_id, total_price, plan_id, type_ede) FROM stdin;
10	2024-11-18 21:45:00	DL001	2024-11-18 17:15:00	NOT_STARTED	\N	420000.00	8	1
11	2024-11-21 23:30:00	DL007	2024-11-21 16:15:00	NOT_STARTED	\N	480000.00	8	1
12	\N	191	\N	NOT_STARTED	\N	1200000.00	8	4
13	2024-11-20 21:45:00	DL001	2024-11-20 17:15:00	NOT_STARTED	\N	420000.00	9	1
14	2024-11-22 23:30:00	DL007	2024-11-22 16:15:00	NOT_STARTED	\N	480000.00	9	1
15	\N	191	\N	NOT_STARTED	\N	680000.00	9	4
16	2024-11-18 21:45:00	DL001	2024-11-18 17:15:00	NOT_STARTED	\N	420.00	10	1
17	2024-11-20 23:30:00	DL007	2024-11-20 16:15:00	NOT_STARTED	\N	480.00	10	1
18	\N	191	\N	NOT_STARTED	\N	680.00	10	4
19	2024-11-18 06:40:00	DL002	2024-11-18 00:00:00	NOT_STARTED	9	500000.00	11	1
20	2024-11-20 23:30:00	DL007	2024-11-20 16:15:00	NOT_STARTED	10	480000.00	11	1
21	\N	191	\N	NOT_STARTED	18	900000.00	11	4
22	2024-11-20 06:15:00	LV002	2024-11-19 22:30:00	NOT_STARTED	11	1350000.00	12	1
23	2024-11-22 00:30:00	LH007	2024-11-21 14:00:00	NOT_STARTED	12	660000.00	12	1
24	\N	258	\N	NOT_STARTED	19	1380000.00	12	4
25	2024-12-17 06:15:00	LV002	2024-12-16 22:30:00	NOT_STARTED	13	1800000.00	13	1
26	2024-12-20 00:30:00	LH007	2024-12-19 14:00:00	NOT_STARTED	14	880000.00	13	1
27	\N	258	\N	NOT_STARTED	20	1640000.00	13	4
\.


--
-- Data for Name: roles; Type: TABLE DATA; Schema: public; Owner: postgres
--

COPY public.roles (id, name) FROM stdin;
1	ROLE_USER
2	ROLE_ADMIN
3	ROLE_ENTERPRISE
\.


--
-- Data for Name: room_amenities; Type: TABLE DATA; Schema: public; Owner: postgres
--

COPY public.room_amenities (id, description, fee, name, status, icon_id, room_id) FROM stdin;
1918	Điều hòa trong phòng bạn được mở thoải mái, nhớ tắt trước khi ra khỏi phòng nhé	0.00	Điều hòa	t	1138	58
1969	Điều hòa trong phòng bạn được mở thoải mái, nhớ tắt trước khi ra khỏi phòng nhé	0.00	Điều hòa	t	1138	107
1971	Điều hòa trong phòng bạn được mở thoải mái, nhớ tắt trước khi ra khỏi phòng nhé	0.00	Điều hòa	t	1138	112
1973	Điều hòa trong phòng bạn được mở thoải mái, nhớ tắt trước khi ra khỏi phòng nhé	0.00	Điều hòa	t	1138	19
1989	Điều hòa trong phòng bạn được mở thoải mái, nhớ tắt trước khi ra khỏi phòng nhé	0.00	Điều hòa	t	1138	97
1987	Điều hòa trong phòng bạn được mở thoải mái, nhớ tắt trước khi ra khỏi phòng nhé	0.00	Điều hòa	t	1138	67
1985	Điều hòa trong phòng bạn được mở thoải mái, nhớ tắt trước khi ra khỏi phòng nhé	0.00	Điều hòa	t	1138	53
2013	Điều hòa trong phòng bạn được mở thoải mái, nhớ tắt trước khi ra khỏi phòng nhé	0.00	Điều hòa	t	1138	116
1997	Điều hòa trong phòng bạn được mở thoải mái, nhớ tắt trước khi ra khỏi phòng nhé	0.00	Điều hòa	t	1138	129
2015	Điều hòa trong phòng bạn được mở thoải mái, nhớ tắt trước khi ra khỏi phòng nhé	0.00	Điều hòa	t	1138	64
1999	Điều hòa trong phòng bạn được mở thoải mái, nhớ tắt trước khi ra khỏi phòng nhé	0.00	Điều hòa	t	1138	125
2033	Điều hòa trong phòng bạn được mở thoải mái, nhớ tắt trước khi ra khỏi phòng nhé	0.00	Điều hòa	t	1138	12
1928	Điều hòa trong phòng bạn được mở thoải mái, nhớ tắt trước khi ra khỏi phòng nhé	0.00	Điều hòa	t	1138	104
1959	Điều hòa trong phòng bạn được mở thoải mái, nhớ tắt trước khi ra khỏi phòng nhé	0.00	Điều hòa	t	1138	101
2002	Điều hòa trong phòng bạn được mở thoải mái, nhớ tắt trước khi ra khỏi phòng nhé	0.00	Điều hòa	t	1138	146
1910	Điều hòa trong phòng bạn được mở thoải mái, nhớ tắt trước khi ra khỏi phòng nhé	0.00	Điều hòa	t	1138	45
2017	Điều hòa trong phòng bạn được mở thoải mái, nhớ tắt trước khi ra khỏi phòng nhé	0.00	Điều hòa	t	1138	123
1975	Điều hòa trong phòng bạn được mở thoải mái, nhớ tắt trước khi ra khỏi phòng nhé	0.00	Điều hòa	t	1138	143
1976	Điều hòa trong phòng bạn được mở thoải mái, nhớ tắt trước khi ra khỏi phòng nhé	0.00	Điều hòa	t	1138	54
2016	Điều hòa trong phòng bạn được mở thoải mái, nhớ tắt trước khi ra khỏi phòng nhé	0.00	Điều hòa	t	1138	108
2034	Điều hòa trong phòng bạn được mở thoải mái, nhớ tắt trước khi ra khỏi phòng nhé	0.00	Điều hòa	t	1138	118
2003	Điều hòa trong phòng bạn được mở thoải mái, nhớ tắt trước khi ra khỏi phòng nhé	0.00	Điều hòa	t	1138	145
2001	Điều hòa trong phòng bạn được mở thoải mái, nhớ tắt trước khi ra khỏi phòng nhé	0.00	Điều hòa	t	1138	128
1927	Điều hòa trong phòng bạn được mở thoải mái, nhớ tắt trước khi ra khỏi phòng nhé	0.00	Điều hòa	t	1138	134
1929	Điều hòa trong phòng bạn được mở thoải mái, nhớ tắt trước khi ra khỏi phòng nhé	0.00	Điều hòa	t	1138	135
1911	Điều hòa trong phòng bạn được mở thoải mái, nhớ tắt trước khi ra khỏi phòng nhé	0.00	Điều hòa	t	1138	46
1909	Điều hòa trong phòng bạn được mở thoải mái, nhớ tắt trước khi ra khỏi phòng nhé	0.00	Điều hòa	t	1138	47
2032	Điều hòa trong phòng bạn được mở thoải mái, nhớ tắt trước khi ra khỏi phòng nhé	0.00	Điều hòa	t	1138	106
1908	Điều hòa trong phòng bạn được mở thoải mái, nhớ tắt trước khi ra khỏi phòng nhé	0.00	Điều hòa	t	1138	89
1926	Điều hòa trong phòng bạn được mở thoải mái, nhớ tắt trước khi ra khỏi phòng nhé	0.00	Điều hòa	t	1138	133
1912	Điều hòa trong phòng bạn được mở thoải mái, nhớ tắt trước khi ra khỏi phòng nhé	0.00	Điều hòa	t	1138	137
2019	Điều hòa trong phòng bạn được mở thoải mái, nhớ tắt trước khi ra khỏi phòng nhé	0.00	Điều hòa	t	1138	34
1930	Điều hòa trong phòng bạn được mở thoải mái, nhớ tắt trước khi ra khỏi phòng nhé	0.00	Điều hòa	t	1138	139
2018	Điều hòa trong phòng bạn được mở thoải mái, nhớ tắt trước khi ra khỏi phòng nhé	0.00	Điều hòa	t	1138	100
2047	Điều hòa trong phòng bạn được mở thoải mái, nhớ tắt trước khi ra khỏi phòng nhé	0.00	Điều hòa	t	1138	30
2046	Điều hòa trong phòng bạn được mở thoải mái, nhớ tắt trước khi ra khỏi phòng nhé	0.00	Điều hòa	t	1138	32
1942	Điều hòa trong phòng bạn được mở thoải mái, nhớ tắt trước khi ra khỏi phòng nhé	0.00	Điều hòa	t	1138	51
1941	Điều hòa trong phòng bạn được mở thoải mái, nhớ tắt trước khi ra khỏi phòng nhé	0.00	Điều hòa	t	1138	49
1944	Điều hòa trong phòng bạn được mở thoải mái, nhớ tắt trước khi ra khỏi phòng nhé	0.00	Điều hòa	t	1138	41
1943	Điều hòa trong phòng bạn được mở thoải mái, nhớ tắt trước khi ra khỏi phòng nhé	0.00	Điều hòa	t	1138	99
1948	Điều hòa trong phòng bạn được mở thoải mái, nhớ tắt trước khi ra khỏi phòng nhé	0.00	Điều hòa	t	1138	65
1945	Điều hòa trong phòng bạn được mở thoải mái, nhớ tắt trước khi ra khỏi phòng nhé	0.00	Điều hòa	t	1138	63
1947	Điều hòa trong phòng bạn được mở thoải mái, nhớ tắt trước khi ra khỏi phòng nhé	0.00	Điều hòa	t	1138	91
1946	Điều hòa trong phòng bạn được mở thoải mái, nhớ tắt trước khi ra khỏi phòng nhé	0.00	Điều hòa	t	1138	93
1924	Điều hòa trong phòng bạn được mở thoải mái, nhớ tắt trước khi ra khỏi phòng nhé	0.00	Điều hòa	t	1138	154
2006	Điều hòa trong phòng bạn được mở thoải mái, nhớ tắt trước khi ra khỏi phòng nhé	0.00	Điều hòa	t	1138	144
1451	wi-fi trong phòng baạn có thể mở thoải mái	0.00	Wi-Fi	t	1137	131
2049	Điều hòa trong phòng bạn được mở thoải mái, nhớ tắt trước khi ra khỏi phòng nhé	0.00	Điều hòa	t	1138	114
2030	Điều hòa trong phòng bạn được mở thoải mái, nhớ tắt trước khi ra khỏi phòng nhé	0.00	Điều hòa	t	1138	110
2020	Điều hòa trong phòng bạn được mở thoải mái, nhớ tắt trước khi ra khỏi phòng nhé	0.00	Điều hòa	t	1138	80
1940	Điều hòa trong phòng bạn được mở thoải mái, nhớ tắt trước khi ra khỏi phòng nhé	0.00	Điều hòa	t	1138	43
1990	Điều hòa trong phòng bạn được mở thoải mái, nhớ tắt trước khi ra khỏi phòng nhé	0.00	Điều hòa	t	1138	70
1913	Điều hòa trong phòng bạn được mở thoải mái, nhớ tắt trước khi ra khỏi phòng nhé	0.00	Điều hòa	t	1138	149
1897	Điều hòa trong phòng bạn được mở thoải mái, nhớ tắt trước khi ra khỏi phòng nhé	0.00	Điều hòa	t	1138	10
1980	Điều hòa trong phòng bạn được mở thoải mái, nhớ tắt trước khi ra khỏi phòng nhé	0.00	Điều hòa	t	1138	37
2036	Điều hòa trong phòng bạn được mở thoải mái, nhớ tắt trước khi ra khỏi phòng nhé	0.00	Điều hòa	t	1138	98
1954	Điều hòa trong phòng bạn được mở thoải mái, nhớ tắt trước khi ra khỏi phòng nhé	0.00	Điều hòa	t	1138	83
1956	Điều hòa trong phòng bạn được mở thoải mái, nhớ tắt trước khi ra khỏi phòng nhé	0.00	Điều hòa	t	1138	119
2022	Điều hòa trong phòng bạn được mở thoải mái, nhớ tắt trước khi ra khỏi phòng nhé	0.00	Điều hòa	t	1138	148
1907	Điều hòa trong phòng bạn được mở thoải mái, nhớ tắt trước khi ra khỏi phòng nhé	0.00	Điều hòa	t	1138	44
2028	Điều hòa trong phòng bạn được mở thoải mái, nhớ tắt trước khi ra khỏi phòng nhé	0.00	Điều hòa	t	1138	48
2004	Điều hòa trong phòng bạn được mở thoải mái, nhớ tắt trước khi ra khỏi phòng nhé	0.00	Điều hòa	t	1138	140
1905	Điều hòa trong phòng bạn được mở thoải mái, nhớ tắt trước khi ra khỏi phòng nhé	0.00	Điều hòa	t	1138	61
1919	Điều hòa trong phòng bạn được mở thoải mái, nhớ tắt trước khi ra khỏi phòng nhé	0.00	Điều hòa	t	1138	138
1922	Điều hòa trong phòng bạn được mở thoải mái, nhớ tắt trước khi ra khỏi phòng nhé	0.00	Điều hòa	t	1138	156
2000	Điều hòa trong phòng bạn được mở thoải mái, nhớ tắt trước khi ra khỏi phòng nhé	0.00	Điều hòa	t	1138	124
1950	Điều hòa trong phòng bạn được mở thoải mái, nhớ tắt trước khi ra khỏi phòng nhé	0.00	Điều hòa	t	1138	87
1899	Điều hòa trong phòng bạn được mở thoải mái, nhớ tắt trước khi ra khỏi phòng nhé	0.00	Điều hòa	t	1138	151
1974	Điều hòa trong phòng bạn được mở thoải mái, nhớ tắt trước khi ra khỏi phòng nhé	0.00	Điều hòa	t	1138	85
1992	Điều hòa trong phòng bạn được mở thoải mái, nhớ tắt trước khi ra khỏi phòng nhé	0.00	Điều hòa	t	1138	96
1996	Điều hòa trong phòng bạn được mở thoải mái, nhớ tắt trước khi ra khỏi phòng nhé	0.00	Điều hòa	t	1138	24
1895	Điều hòa trong phòng bạn được mở thoải mái, nhớ tắt trước khi ra khỏi phòng nhé	0.00	Điều hòa	t	1138	88
1958	Điều hòa trong phòng bạn được mở thoải mái, nhớ tắt trước khi ra khỏi phòng nhé	0.00	Điều hòa	t	1138	79
1978	Điều hòa trong phòng bạn được mở thoải mái, nhớ tắt trước khi ra khỏi phòng nhé	0.00	Điều hòa	t	1138	161
2044	Điều hòa trong phòng bạn được mở thoải mái, nhớ tắt trước khi ra khỏi phòng nhé	0.00	Điều hòa	t	1138	82
2038	Điều hòa trong phòng bạn được mở thoải mái, nhớ tắt trước khi ra khỏi phòng nhé	0.00	Điều hòa	t	1138	7
2040	Điều hòa trong phòng bạn được mở thoải mái, nhớ tắt trước khi ra khỏi phòng nhé	0.00	Điều hòa	t	1138	102
1960	Điều hòa trong phòng bạn được mở thoải mái, nhớ tắt trước khi ra khỏi phòng nhé	0.00	Điều hòa	t	1138	35
1962	Điều hòa trong phòng bạn được mở thoải mái, nhớ tắt trước khi ra khỏi phòng nhé	0.00	Điều hòa	t	1138	115
1964	Điều hòa trong phòng bạn được mở thoải mái, nhớ tắt trước khi ra khỏi phòng nhé	0.00	Điều hòa	t	1138	109
2099	Phòng bạn được trang bị tủ quần áo rộng rãi để tiện cất giữ đồ đạc	0.00	Tủ quần áo	t	1136	152
2168	Phòng bạn được trang bị tủ quần áo rộng rãi để tiện cất giữ đồ đạc	0.00	Tủ quần áo	t	1136	82
2123	Phòng bạn được trang bị tủ quần áo rộng rãi để tiện cất giữ đồ đạc	0.00	Tủ quần áo	t	1136	35
2166	Phòng bạn được trang bị tủ quần áo rộng rãi để tiện cất giữ đồ đạc	0.00	Tủ quần áo	t	1136	86
2164	Phòng bạn được trang bị tủ quần áo rộng rãi để tiện cất giữ đồ đạc	0.00	Tủ quần áo	t	1136	97
2160	Phòng bạn được trang bị tủ quần áo rộng rãi để tiện cất giữ đồ đạc	0.00	Tủ quần áo	t	1136	70
2142	Phòng bạn được trang bị tủ quần áo rộng rãi để tiện cất giữ đồ đạc	0.00	Tủ quần áo	t	1136	119
2127	Phòng bạn được trang bị tủ quần áo rộng rãi để tiện cất giữ đồ đạc	0.00	Tủ quần áo	t	1136	24
2118	Phòng bạn được trang bị tủ quần áo rộng rãi để tiện cất giữ đồ đạc	0.00	Tủ quần áo	t	1136	8
2107	Phòng bạn được trang bị tủ quần áo rộng rãi để tiện cất giữ đồ đạc	0.00	Tủ quần áo	t	1136	7
2140	Phòng bạn được trang bị tủ quần áo rộng rãi để tiện cất giữ đồ đạc	0.00	Tủ quần áo	t	1136	127
2081	Phòng bạn được trang bị tủ quần áo rộng rãi để tiện cất giữ đồ đạc	0.00	Tủ quần áo	t	1136	140
2114	Phòng bạn được trang bị tủ quần áo rộng rãi để tiện cất giữ đồ đạc	0.00	Tủ quần áo	t	1136	116
2111	Phòng bạn được trang bị tủ quần áo rộng rãi để tiện cất giữ đồ đạc	0.00	Tủ quần áo	t	1136	81
1775	Phòng bạn được trang bị tủ quần áo rộng rãi để tiện cất giữ đồ đạc	0.00	Tủ quần áo	t	1136	138
2112	Phòng bạn được trang bị tủ quần áo rộng rãi để tiện cất giữ đồ đạc	0.00	Tủ quần áo	t	1136	22
2087	Phòng bạn được trang bị tủ quần áo rộng rãi để tiện cất giữ đồ đạc	0.00	Tủ quần áo	t	1136	77
2089	Phòng bạn được trang bị tủ quần áo rộng rãi để tiện cất giữ đồ đạc	0.00	Tủ quần áo	t	1136	67
2085	Phòng bạn được trang bị tủ quần áo rộng rãi để tiện cất giữ đồ đạc	0.00	Tủ quần áo	t	1136	111
1552	Điều hòa trong phòng bạn được mở thoải mái, nhớ tắt trước khi ra khỏi phòng nhé	0.00	Điều hòa	t	1138	17
2042	Điều hòa trong phòng bạn được mở thoải mái, nhớ tắt trước khi ra khỏi phòng nhé	0.00	Điều hòa	t	1138	86
1972	Điều hòa trong phòng bạn được mở thoải mái, nhớ tắt trước khi ra khỏi phòng nhé	0.00	Điều hòa	t	1138	25
1988	Điều hòa trong phòng bạn được mở thoải mái, nhớ tắt trước khi ra khỏi phòng nhé	0.00	Điều hòa	t	1138	69
1998	Điều hòa trong phòng bạn được mở thoải mái, nhớ tắt trước khi ra khỏi phòng nhé	0.00	Điều hòa	t	1138	52
1970	Điều hòa trong phòng bạn được mở thoải mái, nhớ tắt trước khi ra khỏi phòng nhé	0.00	Điều hòa	t	1138	113
1986	Điều hòa trong phòng bạn được mở thoải mái, nhớ tắt trước khi ra khỏi phòng nhé	0.00	Điều hòa	t	1138	18
2014	Điều hòa trong phòng bạn được mở thoải mái, nhớ tắt trước khi ra khỏi phòng nhé	0.00	Điều hòa	t	1138	50
1968	Điều hòa trong phòng bạn được mở thoải mái, nhớ tắt trước khi ra khỏi phòng nhé	0.00	Điều hòa	t	1138	117
1984	Điều hòa trong phòng bạn được mở thoải mái, nhớ tắt trước khi ra khỏi phòng nhé	0.00	Điều hòa	t	1138	55
2083	Phòng bạn được trang bị tủ quần áo rộng rãi để tiện cất giữ đồ đạc	0.00	Tủ quần áo	t	1136	83
2174	Phòng bạn được trang bị tủ quần áo rộng rãi để tiện cất giữ đồ đạc	0.00	Tủ quần áo	t	1136	157
2077	Phòng bạn được trang bị tủ quần áo rộng rãi để tiện cất giữ đồ đạc	0.00	Tủ quần áo	t	1136	93
2143	Phòng bạn được trang bị tủ quần áo rộng rãi để tiện cất giữ đồ đạc	0.00	Tủ quần áo	t	1136	84
1786	Phòng bạn được trang bị tủ quần áo rộng rãi để tiện cất giữ đồ đạc	0.00	Tủ quần áo	t	1136	106
2125	Phòng bạn được trang bị tủ quần áo rộng rãi để tiện cất giữ đồ đạc	0.00	Tủ quần áo	t	1136	63
1785	Phòng bạn được trang bị tủ quần áo rộng rãi để tiện cất giữ đồ đạc	0.00	Tủ quần áo	t	1136	137
2109	Phòng bạn được trang bị tủ quần áo rộng rãi để tiện cất giữ đồ đạc	0.00	Tủ quần áo	t	1136	146
2108	Phòng bạn được trang bị tủ quần áo rộng rãi để tiện cất giữ đồ đạc	0.00	Tủ quần áo	t	1136	147
2078	Phòng bạn được trang bị tủ quần áo rộng rãi để tiện cất giữ đồ đạc	0.00	Tủ quần áo	t	1136	91
2173	Phòng bạn được trang bị tủ quần áo rộng rãi để tiện cất giữ đồ đạc	0.00	Tủ quần áo	t	1136	151
2158	Phòng bạn được trang bị tủ quần áo rộng rãi để tiện cất giữ đồ đạc	0.00	Tủ quần áo	t	1136	12
2128	Phòng bạn được trang bị tủ quần áo rộng rãi để tiện cất giữ đồ đạc	0.00	Tủ quần áo	t	1136	26
2129	Phòng bạn được trang bị tủ quần áo rộng rãi để tiện cất giữ đồ đạc	0.00	Tủ quần áo	t	1136	46
2076	Phòng bạn được trang bị tủ quần áo rộng rãi để tiện cất giữ đồ đạc	0.00	Tủ quần áo	t	1136	11
2159	Phòng bạn được trang bị tủ quần áo rộng rãi để tiện cất giữ đồ đạc	0.00	Tủ quần áo	t	1136	92
2172	Phòng bạn được trang bị tủ quần áo rộng rãi để tiện cất giữ đồ đạc	0.00	Tủ quần áo	t	1136	153
2144	Phòng bạn được trang bị tủ quần áo rộng rãi để tiện cất giữ đồ đạc	0.00	Tủ quần áo	t	1136	61
1794	Phòng bạn được trang bị tủ quần áo rộng rãi để tiện cất giữ đồ đạc	0.00	Tủ quần áo	t	1136	13
1798	Phòng bạn được trang bị tủ quần áo rộng rãi để tiện cất giữ đồ đạc	0.00	Tủ quần áo	t	1136	43
1589	Phòng bạn được trang bị tivi để thư giãn và giải trí sau ngày dài	0.00	Tivi	t	1135	152
1574	Phòng bạn được trang bị tivi để thư giãn và giải trí sau ngày dài	0.00	Tivi	t	1135	123
1572	Phòng bạn được trang bị tivi để thư giãn và giải trí sau ngày dài	0.00	Tivi	t	1135	105
1571	Phòng bạn được trang bị tivi để thư giãn và giải trí sau ngày dài	0.00	Tivi	t	1135	121
1573	Phòng bạn được trang bị tivi để thư giãn và giải trí sau ngày dài	0.00	Tivi	t	1135	119
1593	Phòng bạn được trang bị tivi để thư giãn và giải trí sau ngày dài	0.00	Tivi	t	1135	130
1569	Phòng bạn được trang bị tivi để thư giãn và giải trí sau ngày dài	0.00	Tivi	t	1135	110
1577	Phòng bạn được trang bị tivi để thư giãn và giải trí sau ngày dài	0.00	Tivi	t	1135	156
1575	Phòng bạn được trang bị tivi để thư giãn và giải trí sau ngày dài	0.00	Tivi	t	1135	117
1587	Phòng bạn được trang bị tivi để thư giãn và giải trí sau ngày dài	0.00	Tivi	t	1135	125
1811	Phòng bạn được trang bị tủ quần áo rộng rãi để tiện cất giữ đồ đạc	0.00	Tủ quần áo	t	1136	54
2079	Phòng bạn được trang bị tủ quần áo rộng rãi để tiện cất giữ đồ đạc	0.00	Tủ quần áo	t	1136	134
1787	Phòng bạn được trang bị tủ quần áo rộng rãi để tiện cất giữ đồ đạc	0.00	Tủ quần áo	t	1136	108
1783	Phòng bạn được trang bị tủ quần áo rộng rãi để tiện cất giữ đồ đạc	0.00	Tủ quần áo	t	1136	31
1784	Phòng bạn được trang bị tủ quần áo rộng rãi để tiện cất giữ đồ đạc	0.00	Tủ quần áo	t	1136	57
1810	Phòng bạn được trang bị tủ quần áo rộng rãi để tiện cất giữ đồ đạc	0.00	Tủ quần áo	t	1136	30
1616	Phòng bạn được trang bị tủ quần áo rộng rãi để tiện cất giữ đồ đạc	0.00	Tủ quần áo	t	1136	16
1804	Phòng bạn được trang bị tủ quần áo rộng rãi để tiện cất giữ đồ đạc	0.00	Tủ quần áo	t	1136	126
1793	Phòng bạn được trang bị tủ quần áo rộng rãi để tiện cất giữ đồ đạc	0.00	Tủ quần áo	t	1136	90
1799	Phòng bạn được trang bị tủ quần áo rộng rãi để tiện cất giữ đồ đạc	0.00	Tủ quần áo	t	1136	29
1805	Phòng bạn được trang bị tủ quần áo rộng rãi để tiện cất giữ đồ đạc	0.00	Tủ quần áo	t	1136	125
1803	Phòng bạn được trang bị tủ quần áo rộng rãi để tiện cất giữ đồ đạc	0.00	Tủ quần áo	t	1136	121
2091	Phòng bạn được trang bị tủ quần áo rộng rãi để tiện cất giữ đồ đạc	0.00	Tủ quần áo	t	1136	95
2092	Phòng bạn được trang bị tủ quần áo rộng rãi để tiện cất giữ đồ đạc	0.00	Tủ quần áo	t	1136	98
2093	Phòng bạn được trang bị tủ quần áo rộng rãi để tiện cất giữ đồ đạc	0.00	Tủ quần áo	t	1136	75
2094	Phòng bạn được trang bị tủ quần áo rộng rãi để tiện cất giữ đồ đạc	0.00	Tủ quần áo	t	1136	65
1795	Phòng bạn được trang bị tủ quần áo rộng rãi để tiện cất giữ đồ đạc	0.00	Tủ quần áo	t	1136	14
1797	Phòng bạn được trang bị tủ quần áo rộng rãi để tiện cất giữ đồ đạc	0.00	Tủ quần áo	t	1136	122
2095	Phòng bạn được trang bị tủ quần áo rộng rãi để tiện cất giữ đồ đạc	0.00	Tủ quần áo	t	1136	128
1796	Phòng bạn được trang bị tủ quần áo rộng rãi để tiện cất giữ đồ đạc	0.00	Tủ quần áo	t	1136	39
2139	Phòng bạn được trang bị tủ quần áo rộng rãi để tiện cất giữ đồ đạc	0.00	Tủ quần áo	t	1136	103
2163	Phòng bạn được trang bị tủ quần áo rộng rãi để tiện cất giữ đồ đạc	0.00	Tủ quần áo	t	1136	78
1800	Phòng bạn được trang bị tủ quần áo rộng rãi để tiện cất giữ đồ đạc	0.00	Tủ quần áo	t	1136	17
2080	Phòng bạn được trang bị tủ quần áo rộng rãi để tiện cất giữ đồ đạc	0.00	Tủ quần áo	t	1136	136
1789	Phòng bạn được trang bị tủ quần áo rộng rãi để tiện cất giữ đồ đạc	0.00	Tủ quần áo	t	1136	48
1808	Phòng bạn được trang bị tủ quần áo rộng rãi để tiện cất giữ đồ đạc	0.00	Tủ quần áo	t	1136	40
2096	Phòng bạn được trang bị tủ quần áo rộng rãi để tiện cất giữ đồ đạc	0.00	Tủ quần áo	t	1136	154
2115	Phòng bạn được trang bị tủ quần áo rộng rãi để tiện cất giữ đồ đạc	0.00	Tủ quần áo	t	1136	64
2171	Phòng bạn được trang bị tủ quần áo rộng rãi để tiện cất giữ đồ đạc	0.00	Tủ quần áo	t	1136	149
1782	Phòng bạn được trang bị tủ quần áo rộng rãi để tiện cất giữ đồ đạc	0.00	Tủ quần áo	t	1136	58
2104	Phòng bạn được trang bị tủ quần áo rộng rãi để tiện cất giữ đồ đạc	0.00	Tủ quần áo	t	1136	115
2106	Phòng bạn được trang bị tủ quần áo rộng rãi để tiện cất giữ đồ đạc	0.00	Tủ quần áo	t	1136	33
2145	Phòng bạn được trang bị tủ quần áo rộng rãi để tiện cất giữ đồ đạc	0.00	Tủ quần áo	t	1136	141
2133	Phòng bạn được trang bị tủ quần áo rộng rãi để tiện cất giữ đồ đạc	0.00	Tủ quần áo	t	1136	79
2131	Phòng bạn được trang bị tủ quần áo rộng rãi để tiện cất giữ đồ đạc	0.00	Tủ quần áo	t	1136	53
2157	Phòng bạn được trang bị tủ quần áo rộng rãi để tiện cất giữ đồ đạc	0.00	Tủ quần áo	t	1136	105
2155	Phòng bạn được trang bị tủ quần áo rộng rãi để tiện cất giữ đồ đạc	0.00	Tủ quần áo	t	1136	113
2153	Phòng bạn được trang bị tủ quần áo rộng rãi để tiện cất giữ đồ đạc	0.00	Tủ quần áo	t	1136	133
2147	Phòng bạn được trang bị tủ quần áo rộng rãi để tiện cất giữ đồ đạc	0.00	Tủ quần áo	t	1136	135
1626	wi-fi trong phòng baạn có thể mở thoải mái	0.00	Wi-Fi	t	1137	51
1621	wi-fi trong phòng baạn có thể mở thoải mái	0.00	Wi-Fi	t	1137	43
1622	wi-fi trong phòng baạn có thể mở thoải mái	0.00	Wi-Fi	t	1137	47
2169	Phòng bạn được trang bị tủ quần áo rộng rãi để tiện cất giữ đồ đạc	0.00	Tủ quần áo	t	1136	32
2141	Phòng bạn được trang bị tủ quần áo rộng rãi để tiện cất giữ đồ đạc	0.00	Tủ quần áo	t	1136	76
2113	Phòng bạn được trang bị tủ quần áo rộng rãi để tiện cất giữ đồ đạc	0.00	Tủ quần áo	t	1136	131
2110	Phòng bạn được trang bị tủ quần áo rộng rãi để tiện cất giữ đồ đạc	0.00	Tủ quần áo	t	1136	112
2082	Phòng bạn được trang bị tủ quần áo rộng rãi để tiện cất giữ đồ đạc	0.00	Tủ quần áo	t	1136	87
2121	Phòng bạn được trang bị tủ quần áo rộng rãi để tiện cất giữ đồ đạc	0.00	Tủ quần áo	t	1136	132
2165	Phòng bạn được trang bị tủ quần áo rộng rãi để tiện cất giữ đồ đạc	0.00	Tủ quần áo	t	1136	66
2161	Phòng bạn được trang bị tủ quần áo rộng rãi để tiện cất giữ đồ đạc	0.00	Tủ quần áo	t	1136	109
2126	Phòng bạn được trang bị tủ quần áo rộng rãi để tiện cất giữ đồ đạc	0.00	Tủ quần áo	t	1136	117
2117	Phòng bạn được trang bị tủ quần áo rộng rãi để tiện cất giữ đồ đạc	0.00	Tủ quần áo	t	1136	129
2098	Phòng bạn được trang bị tủ quần áo rộng rãi để tiện cất giữ đồ đạc	0.00	Tủ quần áo	t	1136	158
2124	Phòng bạn được trang bị tủ quần áo rộng rãi để tiện cất giữ đồ đạc	0.00	Tủ quần áo	t	1136	25
2088	Phòng bạn được trang bị tủ quần áo rộng rãi để tiện cất giữ đồ đạc	0.00	Tủ quần áo	t	1136	69
2090	Phòng bạn được trang bị tủ quần áo rộng rãi để tiện cất giữ đồ đạc	0.00	Tủ quần áo	t	1136	73
2084	Phòng bạn được trang bị tủ quần áo rộng rãi để tiện cất giữ đồ đạc	0.00	Tủ quần áo	t	1136	148
2086	Phòng bạn được trang bị tủ quần áo rộng rãi để tiện cất giữ đồ đạc	0.00	Tủ quần áo	t	1136	100
1482	wi-fi trong phòng baạn có thể mở thoải mái	0.00	Wi-Fi	t	1137	114
1548	wi-fi trong phòng baạn có thể mở thoải mái	0.00	Wi-Fi	t	1137	137
1547	wi-fi trong phòng baạn có thể mở thoải mái	0.00	Wi-Fi	t	1137	139
1546	wi-fi trong phòng baạn có thể mở thoải mái	0.00	Wi-Fi	t	1137	155
1499	wi-fi trong phòng baạn có thể mở thoải mái	0.00	Wi-Fi	t	1137	21
1498	wi-fi trong phòng baạn có thể mở thoải mái	0.00	Wi-Fi	t	1137	117
1484	wi-fi trong phòng baạn có thể mở thoải mái	0.00	Wi-Fi	t	1137	44
1424	wi-fi trong phòng baạn có thể mở thoải mái	0.00	Wi-Fi	t	1137	26
1450	wi-fi trong phòng baạn có thể mở thoải mái	0.00	Wi-Fi	t	1137	37
1468	wi-fi trong phòng baạn có thể mở thoải mái	0.00	Wi-Fi	t	1137	150
1425	wi-fi trong phòng baạn có thể mở thoải mái	0.00	Wi-Fi	t	1137	100
1426	wi-fi trong phòng baạn có thể mở thoải mái	0.00	Wi-Fi	t	1137	99
1620	wi-fi trong phòng baạn có thể mở thoải mái	0.00	Wi-Fi	t	1137	45
1515	wi-fi trong phòng baạn có thể mở thoải mái	0.00	Wi-Fi	t	1137	94
1623	wi-fi trong phòng baạn có thể mở thoải mái	0.00	Wi-Fi	t	1137	23
1561	wi-fi trong phòng baạn có thể mở thoải mái	0.00	Wi-Fi	t	1137	128
1500	wi-fi trong phòng baạn có thể mở thoải mái	0.00	Wi-Fi	t	1137	112
1410	wi-fi trong phòng baạn có thể mở thoải mái	0.00	Wi-Fi	t	1137	58
1469	wi-fi trong phòng baạn có thể mở thoải mái	0.00	Wi-Fi	t	1137	68
1480	wi-fi trong phòng baạn có thể mở thoải mái	0.00	Wi-Fi	t	1137	98
1497	wi-fi trong phòng baạn có thể mở thoải mái	0.00	Wi-Fi	t	1137	119
1544	wi-fi trong phòng baạn có thể mở thoải mái	0.00	Wi-Fi	t	1137	59
1545	wi-fi trong phòng baạn có thể mở thoải mái	0.00	Wi-Fi	t	1137	72
1562	wi-fi trong phòng baạn có thể mở thoải mái	0.00	Wi-Fi	t	1137	71
1560	wi-fi trong phòng baạn có thể mở thoải mái	0.00	Wi-Fi	t	1137	70
1514	wi-fi trong phòng baạn có thể mở thoải mái	0.00	Wi-Fi	t	1137	92
1496	wi-fi trong phòng baạn có thể mở thoải mái	0.00	Wi-Fi	t	1137	121
1479	wi-fi trong phòng baạn có thể mở thoải mái	0.00	Wi-Fi	t	1137	60
1481	wi-fi trong phòng baạn có thể mở thoải mái	0.00	Wi-Fi	t	1137	151
1483	wi-fi trong phòng baạn có thể mở thoải mái	0.00	Wi-Fi	t	1137	111
1409	wi-fi trong phòng baạn có thể mở thoải mái	0.00	Wi-Fi	t	1137	149
1411	wi-fi trong phòng baạn có thể mở thoải mái	0.00	Wi-Fi	t	1137	143
1518	wi-fi trong phòng baạn có thể mở thoải mái	0.00	Wi-Fi	t	1137	13
1516	wi-fi trong phòng baạn có thể mở thoải mái	0.00	Wi-Fi	t	1137	64
1504	wi-fi trong phòng baạn có thể mở thoải mái	0.00	Wi-Fi	t	1137	33
1747	Phòng bạn được trang bị tivi để thư giãn và giải trí sau ngày dài	0.00	Tivi	t	1135	104
1746	Phòng bạn được trang bị tivi để thư giãn và giải trí sau ngày dài	0.00	Tivi	t	1135	19
1745	Phòng bạn được trang bị tivi để thư giãn và giải trí sau ngày dài	0.00	Tivi	t	1135	127
1748	Phòng bạn được trang bị tivi để thư giãn và giải trí sau ngày dài	0.00	Tivi	t	1135	145
1749	Phòng bạn được trang bị tivi để thư giãn và giải trí sau ngày dài	0.00	Tivi	t	1135	122
1743	Phòng bạn được trang bị tivi để thư giãn và giải trí sau ngày dài	0.00	Tivi	t	1135	161
1751	Phòng bạn được trang bị tivi để thư giãn và giải trí sau ngày dài	0.00	Tivi	t	1135	112
1759	Phòng bạn được trang bị tivi để thư giãn và giải trí sau ngày dài	0.00	Tivi	t	1135	61
1744	Phòng bạn được trang bị tivi để thư giãn và giải trí sau ngày dài	0.00	Tivi	t	1135	39
1754	Phòng bạn được trang bị tivi để thư giãn và giải trí sau ngày dài	0.00	Tivi	t	1135	120
1755	Phòng bạn được trang bị tivi để thư giãn và giải trí sau ngày dài	0.00	Tivi	t	1135	45
1757	Phòng bạn được trang bị tivi để thư giãn và giải trí sau ngày dài	0.00	Tivi	t	1135	11
1756	Phòng bạn được trang bị tivi để thư giãn và giải trí sau ngày dài	0.00	Tivi	t	1135	135
1753	Phòng bạn được trang bị tivi để thư giãn và giải trí sau ngày dài	0.00	Tivi	t	1135	143
1741	Phòng bạn được trang bị tivi để thư giãn và giải trí sau ngày dài	0.00	Tivi	t	1135	47
1742	Phòng bạn được trang bị tivi để thư giãn và giải trí sau ngày dài	0.00	Tivi	t	1135	94
1752	Phòng bạn được trang bị tivi để thư giãn và giải trí sau ngày dài	0.00	Tivi	t	1135	87
1750	Phòng bạn được trang bị tivi để thư giãn và giải trí sau ngày dài	0.00	Tivi	t	1135	114
1758	Phòng bạn được trang bị tivi để thư giãn và giải trí sau ngày dài	0.00	Tivi	t	1135	13
1438	wi-fi trong phòng baạn có thể mở thoải mái	0.00	Wi-Fi	t	1137	50
1408	wi-fi trong phòng baạn có thể mở thoải mái	0.00	Wi-Fi	t	1137	62
1437	wi-fi trong phòng baạn có thể mở thoải mái	0.00	Wi-Fi	t	1137	115
1439	wi-fi trong phòng baạn có thể mở thoải mái	0.00	Wi-Fi	t	1137	146
1517	wi-fi trong phòng baạn có thể mở thoải mái	0.00	Wi-Fi	t	1137	15
1398	wi-fi trong phòng baạn có thể mở thoải mái	0.00	Wi-Fi	t	1137	152
1513	wi-fi trong phòng baạn có thể mở thoải mái	0.00	Wi-Fi	t	1137	66
1559	wi-fi trong phòng baạn có thể mở thoải mái	0.00	Wi-Fi	t	1137	106
1422	wi-fi trong phòng baạn có thể mở thoải mái	0.00	Wi-Fi	t	1137	102
1551	wi-fi trong phòng baạn có thể mở thoải mái	0.00	Wi-Fi	t	1137	69
1807	Phòng bạn được trang bị tủ quần áo rộng rãi để tiện cất giữ đồ đạc	0.00	Tủ quần áo	t	1136	60
1802	Phòng bạn được trang bị tủ quần áo rộng rãi để tiện cất giữ đồ đạc	0.00	Tủ quần áo	t	1136	56
1779	Phòng bạn được trang bị tủ quần áo rộng rãi để tiện cất giữ đồ đạc	0.00	Tủ quần áo	t	1136	124
1780	Phòng bạn được trang bị tủ quần áo rộng rãi để tiện cất giữ đồ đạc	0.00	Tủ quần áo	t	1136	107
1791	Phòng bạn được trang bị tủ quần áo rộng rãi để tiện cất giữ đồ đạc	0.00	Tủ quần áo	t	1136	89
1806	Phòng bạn được trang bị tủ quần áo rộng rãi để tiện cất giữ đồ đạc	0.00	Tủ quần áo	t	1136	59
1776	Phòng bạn được trang bị tủ quần áo rộng rãi để tiện cất giữ đồ đạc	0.00	Tủ quần áo	t	1136	72
1778	Phòng bạn được trang bị tủ quần áo rộng rãi để tiện cất giữ đồ đạc	0.00	Tủ quần áo	t	1136	47
1801	Phòng bạn được trang bị tủ quần áo rộng rãi để tiện cất giữ đồ đạc	0.00	Tủ quần áo	t	1136	55
1792	Phòng bạn được trang bị tủ quần áo rộng rãi để tiện cất giữ đồ đạc	0.00	Tủ quần áo	t	1136	88
1781	Phòng bạn được trang bị tủ quần áo rộng rãi để tiện cất giữ đồ đạc	0.00	Tủ quần áo	t	1136	123
1521	wi-fi trong phòng baạn có thể mở thoải mái	0.00	Wi-Fi	t	1137	9
1494	wi-fi trong phòng baạn có thể mở thoải mái	0.00	Wi-Fi	t	1137	101
1412	wi-fi trong phòng baạn có thể mở thoải mái	0.00	Wi-Fi	t	1137	136
1624	wi-fi trong phòng baạn có thể mở thoải mái	0.00	Wi-Fi	t	1137	135
1777	Phòng bạn được trang bị tủ quần áo rộng rãi để tiện cất giữ đồ đạc	0.00	Tủ quần áo	t	1136	41
1618	wi-fi trong phòng baạn có thể mở thoải mái	0.00	Wi-Fi	t	1137	153
1503	wi-fi trong phòng baạn có thể mở thoải mái	0.00	Wi-Fi	t	1137	105
1406	wi-fi trong phòng baạn có thể mở thoải mái	0.00	Wi-Fi	t	1137	79
1501	wi-fi trong phòng baạn có thể mở thoải mái	0.00	Wi-Fi	t	1137	42
1430	wi-fi trong phòng baạn có thể mở thoải mái	0.00	Wi-Fi	t	1137	55
1448	wi-fi trong phòng baạn có thể mở thoải mái	0.00	Wi-Fi	t	1137	10
1446	wi-fi trong phòng baạn có thể mở thoải mái	0.00	Wi-Fi	t	1137	14
1428	wi-fi trong phòng baạn có thể mở thoải mái	0.00	Wi-Fi	t	1137	53
1452	wi-fi trong phòng baạn có thể mở thoải mái	0.00	Wi-Fi	t	1137	160
1454	wi-fi trong phòng baạn có thể mở thoải mái	0.00	Wi-Fi	t	1137	86
1470	wi-fi trong phòng baạn có thể mở thoải mái	0.00	Wi-Fi	t	1137	141
1440	wi-fi trong phòng baạn có thể mở thoải mái	0.00	Wi-Fi	t	1137	144
1400	wi-fi trong phòng baạn có thể mở thoải mái	0.00	Wi-Fi	t	1137	123
1396	wi-fi trong phòng baạn có thể mở thoải mái	0.00	Wi-Fi	t	1137	56
1420	wi-fi trong phòng baạn có thể mở thoải mái	0.00	Wi-Fi	t	1137	48
1549	wi-fi trong phòng baạn có thể mở thoải mái	0.00	Wi-Fi	t	1137	85
1486	wi-fi trong phòng baạn có thể mở thoải mái	0.00	Wi-Fi	t	1137	52
1404	wi-fi trong phòng baạn có thể mở thoải mái	0.00	Wi-Fi	t	1137	73
1456	wi-fi trong phòng baạn có thể mở thoải mái	0.00	Wi-Fi	t	1137	53
1458	wi-fi trong phòng baạn có thể mở thoải mái	0.00	Wi-Fi	t	1137	130
1464	wi-fi trong phòng baạn có thể mở thoải mái	0.00	Wi-Fi	t	1137	134
1462	wi-fi trong phòng baạn có thể mở thoải mái	0.00	Wi-Fi	t	1137	83
1460	wi-fi trong phòng baạn có thể mở thoải mái	0.00	Wi-Fi	t	1137	54
1466	wi-fi trong phòng baạn có thể mở thoải mái	0.00	Wi-Fi	t	1137	96
1433	wi-fi trong phòng baạn có thể mở thoải mái	0.00	Wi-Fi	t	1137	67
1402	wi-fi trong phòng baạn có thể mở thoải mái	0.00	Wi-Fi	t	1137	57
1509	wi-fi trong phòng baạn có thể mở thoải mái	0.00	Wi-Fi	t	1137	90
1459	wi-fi trong phòng baạn có thể mở thoải mái	0.00	Wi-Fi	t	1137	97
1490	wi-fi trong phòng baạn có thể mở thoải mái	0.00	Wi-Fi	t	1137	129
1417	wi-fi trong phòng baạn có thể mở thoải mái	0.00	Wi-Fi	t	1137	32
1403	wi-fi trong phòng baạn có thể mở thoải mái	0.00	Wi-Fi	t	1137	28
1432	wi-fi trong phòng baạn có thể mở thoải mái	0.00	Wi-Fi	t	1137	34
1474	wi-fi trong phòng baạn có thể mở thoải mái	0.00	Wi-Fi	t	1137	132
1416	wi-fi trong phòng baạn có thể mở thoải mái	0.00	Wi-Fi	t	1137	126
1401	wi-fi trong phòng baạn có thể mở thoải mái	0.00	Wi-Fi	t	1137	30
1444	wi-fi trong phòng baạn có thể mở thoải mái	0.00	Wi-Fi	t	1137	104
1473	wi-fi trong phòng baạn có thể mở thoải mái	0.00	Wi-Fi	t	1137	17
1434	wi-fi trong phòng baạn có thể mở thoải mái	0.00	Wi-Fi	t	1137	95
1441	wi-fi trong phòng baạn có thể mở thoải mái	0.00	Wi-Fi	t	1137	118
1443	wi-fi trong phòng baạn có thể mở thoải mái	0.00	Wi-Fi	t	1137	22
1442	wi-fi trong phòng baạn có thể mở thoải mái	0.00	Wi-Fi	t	1137	116
1476	wi-fi trong phòng baạn có thể mở thoải mái	0.00	Wi-Fi	t	1137	103
1472	wi-fi trong phòng baạn có thể mở thoải mái	0.00	Wi-Fi	t	1137	16
1557	wi-fi trong phòng baạn có thể mở thoải mái	0.00	Wi-Fi	t	1137	124
1511	wi-fi trong phòng baạn có thể mở thoải mái	0.00	Wi-Fi	t	1137	38
1418	wi-fi trong phòng baạn có thể mở thoải mái	0.00	Wi-Fi	t	1137	148
1414	wi-fi trong phòng baạn có thể mở thoải mái	0.00	Wi-Fi	t	1137	18
1822	Phòng bạn được trang bị tủ quần áo rộng rãi để tiện cất giữ đồ đạc	0.00	Tủ quần áo	t	1136	62
1823	Phòng bạn được trang bị tủ quần áo rộng rãi để tiện cất giữ đồ đạc	0.00	Tủ quần áo	t	1136	102
1821	Phòng bạn được trang bị tủ quần áo rộng rãi để tiện cất giữ đồ đạc	0.00	Tủ quần áo	t	1136	120
1819	Phòng bạn được trang bị tủ quần áo rộng rãi để tiện cất giữ đồ đạc	0.00	Tủ quần áo	t	1136	150
1817	Phòng bạn được trang bị tủ quần áo rộng rãi để tiện cất giữ đồ đạc	0.00	Tủ quần áo	t	1136	45
1815	Phòng bạn được trang bị tủ quần áo rộng rãi để tiện cất giữ đồ đạc	0.00	Tủ quần áo	t	1136	37
1824	Phòng bạn được trang bị tủ quần áo rộng rãi để tiện cất giữ đồ đạc	0.00	Tủ quần áo	t	1136	162
1826	Phòng bạn được trang bị tủ quần áo rộng rãi để tiện cất giữ đồ đạc	0.00	Tủ quần áo	t	1136	104
1813	Phòng bạn được trang bị tủ quần áo rộng rãi để tiện cất giữ đồ đạc	0.00	Tủ quần áo	t	1136	28
1827	Phòng bạn được trang bị tủ quần áo rộng rãi để tiện cất giữ đồ đạc	0.00	Tủ quần áo	t	1136	118
1828	Phòng bạn được trang bị tủ quần áo rộng rãi để tiện cất giữ đồ đạc	0.00	Tủ quần áo	t	1136	9
1812	Phòng bạn được trang bị tủ quần áo rộng rãi để tiện cất giữ đồ đạc	0.00	Tủ quần áo	t	1136	44
1814	Phòng bạn được trang bị tủ quần áo rộng rãi để tiện cất giữ đồ đạc	0.00	Tủ quần áo	t	1136	19
1816	Phòng bạn được trang bị tủ quần áo rộng rãi để tiện cất giữ đồ đạc	0.00	Tủ quần áo	t	1136	142
1818	Phòng bạn được trang bị tủ quần áo rộng rãi để tiện cất giữ đồ đạc	0.00	Tủ quần áo	t	1136	27
1825	Phòng bạn được trang bị tủ quần áo rộng rãi để tiện cất giữ đồ đạc	0.00	Tủ quần áo	t	1136	110
1415	wi-fi trong phòng baạn có thể mở thoải mái	0.00	Wi-Fi	t	1137	93
1492	wi-fi trong phòng baạn có thể mở thoải mái	0.00	Wi-Fi	t	1137	125
1419	wi-fi trong phòng baạn có thể mở thoải mái	0.00	Wi-Fi	t	1137	110
1493	wi-fi trong phòng baạn có thể mở thoải mái	0.00	Wi-Fi	t	1137	25
1617	wi-fi trong phòng baạn có thể mở thoải mái	0.00	Wi-Fi	t	1137	41
1558	wi-fi trong phòng baạn có thể mở thoải mái	0.00	Wi-Fi	t	1137	108
1556	wi-fi trong phòng baạn có thể mở thoải mái	0.00	Wi-Fi	t	1137	39
1475	wi-fi trong phòng baạn có thể mở thoải mái	0.00	Wi-Fi	t	1137	19
1477	wi-fi trong phòng baạn có thể mở thoải mái	0.00	Wi-Fi	t	1137	159
1512	wi-fi trong phòng baạn có thể mở thoải mái	0.00	Wi-Fi	t	1137	88
1555	wi-fi trong phòng baạn có thể mở thoải mái	0.00	Wi-Fi	t	1137	91
1508	wi-fi trong phòng baạn có thể mở thoải mái	0.00	Wi-Fi	t	1137	35
1510	wi-fi trong phòng baạn có thể mở thoải mái	0.00	Wi-Fi	t	1137	36
1489	wi-fi trong phòng baạn có thể mở thoải mái	0.00	Wi-Fi	t	1137	145
1491	wi-fi trong phòng baạn có thể mở thoải mái	0.00	Wi-Fi	t	1137	127
1554	wi-fi trong phòng baạn có thể mở thoải mái	0.00	Wi-Fi	t	1137	75
1553	wi-fi trong phòng baạn có thể mở thoải mái	0.00	Wi-Fi	t	1137	7
1519	wi-fi trong phòng baạn có thể mở thoải mái	0.00	Wi-Fi	t	1137	11
1507	wi-fi trong phòng baạn có thể mở thoải mái	0.00	Wi-Fi	t	1137	46
1488	wi-fi trong phòng baạn có thể mở thoải mái	0.00	Wi-Fi	t	1137	82
1506	wi-fi trong phòng baạn có thể mở thoải mái	0.00	Wi-Fi	t	1137	109
1820	Phòng bạn được trang bị tủ quần áo rộng rãi để tiện cất giữ đồ đạc	0.00	Tủ quần áo	t	1136	85
1436	wi-fi trong phòng baạn có thể mở thoải mái	0.00	Wi-Fi	t	1137	87
1505	wi-fi trong phòng baạn có thể mở thoải mái	0.00	Wi-Fi	t	1137	49
1447	wi-fi trong phòng baạn có thể mở thoải mái	0.00	Wi-Fi	t	1137	8
1478	wi-fi trong phòng baạn có thể mở thoải mái	0.00	Wi-Fi	t	1137	27
1502	wi-fi trong phòng baạn có thể mở thoải mái	0.00	Wi-Fi	t	1137	84
1429	wi-fi trong phòng baạn có thể mở thoải mái	0.00	Wi-Fi	t	1137	63
1487	wi-fi trong phòng baạn có thể mở thoải mái	0.00	Wi-Fi	t	1137	76
1471	wi-fi trong phòng baạn có thể mở thoải mái	0.00	Wi-Fi	t	1137	140
1625	wi-fi trong phòng baạn có thể mở thoải mái	0.00	Wi-Fi	t	1137	161
1453	wi-fi trong phòng baạn có thể mở thoải mái	0.00	Wi-Fi	t	1137	65
1495	wi-fi trong phòng baạn có thể mở thoải mái	0.00	Wi-Fi	t	1137	29
1413	wi-fi trong phòng baạn có thể mở thoải mái	0.00	Wi-Fi	t	1137	142
1609	wi-fi trong phòng baạn có thể mở thoải mái	0.00	Wi-Fi	t	1137	31
1543	wi-fi trong phòng baạn có thể mở thoải mái	0.00	Wi-Fi	t	1137	107
1405	wi-fi trong phòng baạn có thể mở thoải mái	0.00	Wi-Fi	t	1137	154
1397	wi-fi trong phòng baạn có thể mở thoải mái	0.00	Wi-Fi	t	1137	40
1522	wi-fi trong phòng baạn có thể mở thoải mái	0.00	Wi-Fi	t	1137	138
1520	wi-fi trong phòng baạn có thể mở thoải mái	0.00	Wi-Fi	t	1137	147
1399	wi-fi trong phòng baạn có thể mở thoải mái	0.00	Wi-Fi	t	1137	122
1427	wi-fi trong phòng baạn có thể mở thoải mái	0.00	Wi-Fi	t	1137	158
1619	wi-fi trong phòng baạn có thể mở thoải mái	0.00	Wi-Fi	t	1137	133
1431	wi-fi trong phòng baạn có thể mở thoải mái	0.00	Wi-Fi	t	1137	77
1449	wi-fi trong phòng baạn có thể mở thoải mái	0.00	Wi-Fi	t	1137	12
1435	wi-fi trong phòng baạn có thể mở thoải mái	0.00	Wi-Fi	t	1137	120
1445	wi-fi trong phòng baạn có thể mở thoải mái	0.00	Wi-Fi	t	1137	20
1457	wi-fi trong phòng baạn có thể mở thoải mái	0.00	Wi-Fi	t	1137	113
1550	wi-fi trong phòng baạn có thể mở thoải mái	0.00	Wi-Fi	t	1137	156
1871	Phòng bạn được trang bị tivi để thư giãn và giải trí sau ngày dài	0.00	Tivi	t	1135	56
1423	wi-fi trong phòng baạn có thể mở thoải mái	0.00	Wi-Fi	t	1137	24
1407	wi-fi trong phòng baạn có thể mở thoải mái	0.00	Wi-Fi	t	1137	78
1395	wi-fi trong phòng baạn có thể mở thoải mái	0.00	Wi-Fi	t	1137	89
1485	wi-fi trong phòng baạn có thể mở thoải mái	0.00	Wi-Fi	t	1137	74
1421	wi-fi trong phòng baạn có thể mở thoải mái	0.00	Wi-Fi	t	1137	61
1465	wi-fi trong phòng baạn có thể mở thoải mái	0.00	Wi-Fi	t	1137	162
1932	Phòng bạn được trang bị tivi để thư giãn và giải trí sau ngày dài	0.00	Tivi	t	1135	115
1467	wi-fi trong phòng baạn có thể mở thoải mái	0.00	Wi-Fi	t	1137	157
1461	wi-fi trong phòng baạn có thể mở thoải mái	0.00	Wi-Fi	t	1137	80
1463	wi-fi trong phòng baạn có thể mở thoải mái	0.00	Wi-Fi	t	1137	81
2050	Điều hòa trong phòng bạn được mở thoải mái, nhớ tắt trước khi ra khỏi phòng nhé	0.00	Điều hòa	t	1138	26
1917	Điều hòa trong phòng bạn được mở thoải mái, nhớ tắt trước khi ra khỏi phòng nhé	0.00	Điều hòa	t	1138	59
2041	Điều hòa trong phòng bạn được mở thoải mái, nhớ tắt trước khi ra khỏi phòng nhé	0.00	Điều hòa	t	1138	36
1920	Điều hòa trong phòng bạn được mở thoải mái, nhớ tắt trước khi ra khỏi phòng nhé	0.00	Điều hòa	t	1138	132
1983	Điều hòa trong phòng bạn được mở thoải mái, nhớ tắt trước khi ra khỏi phòng nhé	0.00	Điều hòa	t	1138	20
2010	Điều hòa trong phòng bạn được mở thoải mái, nhớ tắt trước khi ra khỏi phòng nhé	0.00	Điều hòa	t	1138	158
1902	Điều hòa trong phòng bạn được mở thoải mái, nhớ tắt trước khi ra khỏi phòng nhé	0.00	Điều hòa	t	1138	103
1903	Điều hòa trong phòng bạn được mở thoải mái, nhớ tắt trước khi ra khỏi phòng nhé	0.00	Điều hòa	t	1138	77
1937	Điều hòa trong phòng bạn được mở thoải mái, nhớ tắt trước khi ra khỏi phòng nhé	0.00	Điều hòa	t	1138	13
1993	Điều hòa trong phòng bạn được mở thoải mái, nhớ tắt trước khi ra khỏi phòng nhé	0.00	Điều hòa	t	1138	95
1936	Điều hòa trong phòng bạn được mở thoải mái, nhớ tắt trước khi ra khỏi phòng nhé	0.00	Điều hòa	t	1138	147
1994	Điều hòa trong phòng bạn được mở thoải mái, nhớ tắt trước khi ra khỏi phòng nhé	0.00	Điều hòa	t	1138	141
2024	Điều hòa trong phòng bạn được mở thoải mái, nhớ tắt trước khi ra khỏi phòng nhé	0.00	Điều hòa	t	1138	42
1921	Điều hòa trong phòng bạn được mở thoải mái, nhớ tắt trước khi ra khỏi phòng nhé	0.00	Điều hòa	t	1138	157
1982	Điều hòa trong phòng bạn được mở thoải mái, nhớ tắt trước khi ra khỏi phòng nhé	0.00	Điều hòa	t	1138	38
2011	Điều hòa trong phòng bạn được mở thoải mái, nhớ tắt trước khi ra khỏi phòng nhé	0.00	Điều hòa	t	1138	131
2072	Phòng bạn được trang bị tivi để thư giãn và giải trí sau ngày dài	0.00	Tivi	t	1135	97
2101	Phòng bạn được trang bị tủ quần áo rộng rãi để tiện cất giữ đồ đạc	0.00	Tủ quần áo	t	1136	23
2119	Phòng bạn được trang bị tủ quần áo rộng rãi để tiện cất giữ đồ đạc	0.00	Tủ quần áo	t	1136	114
2100	Phòng bạn được trang bị tủ quần áo rộng rãi để tiện cất giữ đồ đạc	0.00	Tủ quần áo	t	1136	71
2170	Phòng bạn được trang bị tủ quần áo rộng rãi để tiện cất giữ đồ đạc	0.00	Tủ quần áo	t	1136	101
2074	Phòng bạn được trang bị tivi để thư giãn và giải trí sau ngày dài	0.00	Tivi	t	1135	70
2054	Phòng bạn được trang bị tivi để thư giãn và giải trí sau ngày dài	0.00	Tivi	t	1135	160
1762	Phòng bạn được trang bị tivi để thư giãn và giải trí sau ngày dài	0.00	Tivi	t	1135	49
1853	Phòng bạn được trang bị tivi để thư giãn và giải trí sau ngày dài	0.00	Tivi	t	1135	28
1837	Phòng bạn được trang bị tivi để thư giãn và giải trí sau ngày dài	0.00	Tivi	t	1135	60
1836	Phòng bạn được trang bị tivi để thư giãn và giải trí sau ngày dài	0.00	Tivi	t	1135	91
2071	Phòng bạn được trang bị tivi để thư giãn và giải trí sau ngày dài	0.00	Tivi	t	1135	98
2070	Phòng bạn được trang bị tivi để thư giãn và giải trí sau ngày dài	0.00	Tivi	t	1135	99
2069	Phòng bạn được trang bị tivi để thư giãn và giải trí sau ngày dài	0.00	Tivi	t	1135	69
1887	Phòng bạn được trang bị tivi để thư giãn và giải trí sau ngày dài	0.00	Tivi	t	1135	118
1856	Phòng bạn được trang bị tivi để thư giãn và giải trí sau ngày dài	0.00	Tivi	t	1135	32
1857	Phòng bạn được trang bị tivi để thư giãn và giải trí sau ngày dài	0.00	Tivi	t	1135	62
1886	Phòng bạn được trang bị tivi để thư giãn và giải trí sau ngày dài	0.00	Tivi	t	1135	159
1872	Phòng bạn được trang bị tivi để thư giãn và giải trí sau ngày dài	0.00	Tivi	t	1135	78
1760	Phòng bạn được trang bị tivi để thư giãn và giải trí sau ngày dài	0.00	Tivi	t	1135	137
1761	Phòng bạn được trang bị tivi để thư giãn và giải trí sau ngày dài	0.00	Tivi	t	1135	31
1867	Phòng bạn được trang bị tivi để thư giãn và giải trí sau ngày dài	0.00	Tivi	t	1135	48
1774	Phòng bạn được trang bị tivi để thư giãn và giải trí sau ngày dài	0.00	Tivi	t	1135	53
1832	Phòng bạn được trang bị tivi để thư giãn và giải trí sau ngày dài	0.00	Tivi	t	1135	15
1859	Phòng bạn được trang bị tivi để thư giãn và giải trí sau ngày dài	0.00	Tivi	t	1135	10
1875	Phòng bạn được trang bị tivi để thư giãn và giải trí sau ngày dài	0.00	Tivi	t	1135	51
1766	Phòng bạn được trang bị tivi để thư giãn và giải trí sau ngày dài	0.00	Tivi	t	1135	129
2059	Phòng bạn được trang bị tivi để thư giãn và giải trí sau ngày dài	0.00	Tivi	t	1135	103
2073	Phòng bạn được trang bị tivi để thư giãn và giải trí sau ngày dài	0.00	Tivi	t	1135	55
1873	Phòng bạn được trang bị tivi để thư giãn và giải trí sau ngày dài	0.00	Tivi	t	1135	148
2067	Phòng bạn được trang bị tivi để thư giãn và giải trí sau ngày dài	0.00	Tivi	t	1135	81
2065	Phòng bạn được trang bị tivi để thư giãn và giải trí sau ngày dài	0.00	Tivi	t	1135	149
1883	Phòng bạn được trang bị tivi để thư giãn và giải trí sau ngày dài	0.00	Tivi	t	1135	66
1885	Phòng bạn được trang bị tivi để thư giãn và giải trí sau ngày dài	0.00	Tivi	t	1135	116
1869	Phòng bạn được trang bị tivi để thư giãn và giải trí sau ngày dài	0.00	Tivi	t	1135	76
1861	Phòng bạn được trang bị tivi để thư giãn và giải trí sau ngày dài	0.00	Tivi	t	1135	22
1830	Phòng bạn được trang bị tivi để thư giãn và giải trí sau ngày dài	0.00	Tivi	t	1135	90
1591	Phòng bạn được trang bị tivi để thư giãn và giải trí sau ngày dài	0.00	Tivi	t	1135	134
1841	Phòng bạn được trang bị tivi để thư giãn và giải trí sau ngày dài	0.00	Tivi	t	1135	29
1838	Phòng bạn được trang bị tivi để thư giãn và giải trí sau ngày dài	0.00	Tivi	t	1135	88
1764	Phòng bạn được trang bị tivi để thư giãn và giải trí sau ngày dài	0.00	Tivi	t	1135	57
1772	Phòng bạn được trang bị tivi để thư giãn và giải trí sau ngày dài	0.00	Tivi	t	1135	21
1881	Phòng bạn được trang bị tivi để thư giãn và giải trí sau ngày dài	0.00	Tivi	t	1135	100
2061	Phòng bạn được trang bị tivi để thư giãn và giải trí sau ngày dài	0.00	Tivi	t	1135	102
1579	Phòng bạn được trang bị tivi để thư giãn và giải trí sau ngày dài	0.00	Tivi	t	1135	142
1889	Phòng bạn được trang bị tivi để thư giãn và giải trí sau ngày dài	0.00	Tivi	t	1135	33
1877	Phòng bạn được trang bị tivi để thư giãn và giải trí sau ngày dài	0.00	Tivi	t	1135	82
1854	Phòng bạn được trang bị tivi để thư giãn và giải trí sau ngày dài	0.00	Tivi	t	1135	38
1583	Phòng bạn được trang bị tivi để thư giãn và giải trí sau ngày dài	0.00	Tivi	t	1135	155
1834	Phòng bạn được trang bị tivi để thư giãn và giải trí sau ngày dài	0.00	Tivi	t	1135	16
1768	Phòng bạn được trang bị tivi để thư giãn và giải trí sau ngày dài	0.00	Tivi	t	1135	17
2051	Phòng bạn được trang bị tivi để thư giãn và giải trí sau ngày dài	0.00	Tivi	t	1135	7
2009	Điều hòa trong phòng bạn được mở thoải mái, nhớ tắt trước khi ra khỏi phòng nhé	0.00	Điều hòa	t	1138	159
1900	Điều hòa trong phòng bạn được mở thoải mái, nhớ tắt trước khi ra khỏi phòng nhé	0.00	Điều hòa	t	1138	72
1951	Điều hòa trong phòng bạn được mở thoải mái, nhớ tắt trước khi ra khỏi phòng nhé	0.00	Điều hòa	t	1138	27
1952	Điều hòa trong phòng bạn được mở thoải mái, nhớ tắt trước khi ra khỏi phòng nhé	0.00	Điều hòa	t	1138	152
1935	Điều hòa trong phòng bạn được mở thoải mái, nhớ tắt trước khi ra khỏi phòng nhé	0.00	Điều hòa	t	1138	33
2053	Phòng bạn được trang bị tivi để thư giãn và giải trí sau ngày dài	0.00	Tivi	t	1135	146
2057	Phòng bạn được trang bị tivi để thư giãn và giải trí sau ngày dài	0.00	Tivi	t	1135	63
2055	Phòng bạn được trang bị tivi để thư giãn và giải trí sau ngày dài	0.00	Tivi	t	1135	150
1852	Phòng bạn được trang bị tivi để thư giãn và giải trí sau ngày dài	0.00	Tivi	t	1135	86
1850	Phòng bạn được trang bị tivi để thư giãn và giải trí sau ngày dài	0.00	Tivi	t	1135	44
1584	Phòng bạn được trang bị tivi để thư giãn và giải trí sau ngày dài	0.00	Tivi	t	1135	162
1846	Phòng bạn được trang bị tivi để thư giãn và giải trí sau ngày dài	0.00	Tivi	t	1135	73
1844	Phòng bạn được trang bị tivi để thư giãn và giải trí sau ngày dài	0.00	Tivi	t	1135	75
1842	Phòng bạn được trang bị tivi để thư giãn và giải trí sau ngày dài	0.00	Tivi	t	1135	71
1848	Phòng bạn được trang bị tivi để thư giãn và giải trí sau ngày dài	0.00	Tivi	t	1135	74
1865	Phòng bạn được trang bị tivi để thư giãn và giải trí sau ngày dài	0.00	Tivi	t	1135	158
1894	Phòng bạn được trang bị tivi để thư giãn và giải trí sau ngày dài	0.00	Tivi	t	1135	34
1863	Phòng bạn được trang bị tivi để thư giãn và giải trí sau ngày dài	0.00	Tivi	t	1135	40
1770	Phòng bạn được trang bị tivi để thư giãn và giải trí sau ngày dài	0.00	Tivi	t	1135	25
2063	Phòng bạn được trang bị tivi để thư giãn và giải trí sau ngày dài	0.00	Tivi	t	1135	84
1566	Phòng bạn được trang bị tivi để thư giãn và giải trí sau ngày dài	0.00	Tivi	t	1135	106
2062	Phòng bạn được trang bị tivi để thư giãn và giải trí sau ngày dài	0.00	Tivi	t	1135	151
1879	Phòng bạn được trang bị tivi để thư giãn và giải trí sau ngày dài	0.00	Tivi	t	1135	131
1581	Phòng bạn được trang bị tivi để thư giãn và giải trí sau ngày dài	0.00	Tivi	t	1135	138
1580	Phòng bạn được trang bị tivi để thư giãn và giải trí sau ngày dài	0.00	Tivi	t	1135	139
1769	Phòng bạn được trang bị tivi để thư giãn và giải trí sau ngày dài	0.00	Tivi	t	1135	157
1829	Phòng bạn được trang bị tivi để thư giãn và giải trí sau ngày dài	0.00	Tivi	t	1135	59
1771	Phòng bạn được trang bị tivi để thư giãn và giải trí sau ngày dài	0.00	Tivi	t	1135	27
1880	Phòng bạn được trang bị tivi để thư giãn và giải trí sau ngày dài	0.00	Tivi	t	1135	65
1564	Phòng bạn được trang bị tivi để thư giãn và giải trí sau ngày dài	0.00	Tivi	t	1135	111
1892	Phòng bạn được trang bị tivi để thư giãn và giải trí sau ngày dài	0.00	Tivi	t	1135	9
1563	Phòng bạn được trang bị tivi để thư giãn và giải trí sau ngày dài	0.00	Tivi	t	1135	108
1565	Phòng bạn được trang bị tivi để thư giãn và giải trí sau ngày dài	0.00	Tivi	t	1135	107
1893	Phòng bạn được trang bị tivi để thư giãn và giải trí sau ngày dài	0.00	Tivi	t	1135	35
1891	Phòng bạn được trang bị tivi để thư giãn và giải trí sau ngày dài	0.00	Tivi	t	1135	8
1567	Phòng bạn được trang bị tivi để thư giãn và giải trí sau ngày dài	0.00	Tivi	t	1135	109
1890	Phòng bạn được trang bị tivi để thư giãn và giải trí sau ngày dài	0.00	Tivi	t	1135	36
1765	Phòng bạn được trang bị tivi để thư giãn và giải trí sau ngày dài	0.00	Tivi	t	1135	37
2058	Phòng bạn được trang bị tivi để thư giãn và giải trí sau ngày dài	0.00	Tivi	t	1135	64
2068	Phòng bạn được trang bị tivi để thư giãn và giải trí sau ngày dài	0.00	Tivi	t	1135	83
1876	Phòng bạn được trang bị tivi để thư giãn và giải trí sau ngày dài	0.00	Tivi	t	1135	24
2066	Phòng bạn được trang bị tivi để thư giãn và giải trí sau ngày dài	0.00	Tivi	t	1135	79
1831	Phòng bạn được trang bị tivi để thư giãn và giải trí sau ngày dài	0.00	Tivi	t	1135	43
1833	Phòng bạn được trang bị tivi để thư giãn và giải trí sau ngày dài	0.00	Tivi	t	1135	42
2064	Phòng bạn được trang bị tivi để thư giãn và giải trí sau ngày dài	0.00	Tivi	t	1135	85
1884	Phòng bạn được trang bị tivi để thư giãn và giải trí sau ngày dài	0.00	Tivi	t	1135	147
1773	Phòng bạn được trang bị tivi để thư giãn và giải trí sau ngày dài	0.00	Tivi	t	1135	23
1576	Phòng bạn được trang bị tivi để thư giãn và giải trí sau ngày dài	0.00	Tivi	t	1135	141
1882	Phòng bạn được trang bị tivi để thư giãn và giải trí sau ngày dài	0.00	Tivi	t	1135	101
1570	Phòng bạn được trang bị tivi để thư giãn và giải trí sau ngày dài	0.00	Tivi	t	1135	113
2060	Phòng bạn được trang bị tivi để thư giãn và giải trí sau ngày dài	0.00	Tivi	t	1135	67
2056	Phòng bạn được trang bị tivi để thư giãn và giải trí sau ngày dài	0.00	Tivi	t	1135	68
2052	Phòng bạn được trang bị tivi để thư giãn và giải trí sau ngày dài	0.00	Tivi	t	1135	80
1888	Phòng bạn được trang bị tivi để thư giãn và giải trí sau ngày dài	0.00	Tivi	t	1135	133
1878	Phòng bạn được trang bị tivi để thư giãn và giải trí sau ngày dài	0.00	Tivi	t	1135	132
1874	Phòng bạn được trang bị tivi để thư giãn và giải trí sau ngày dài	0.00	Tivi	t	1135	52
1870	Phòng bạn được trang bị tivi để thư giãn và giải trí sau ngày dài	0.00	Tivi	t	1135	58
1868	Phòng bạn được trang bị tivi để thư giãn và giải trí sau ngày dài	0.00	Tivi	t	1135	54
1866	Phòng bạn được trang bị tivi để thư giãn và giải trí sau ngày dài	0.00	Tivi	t	1135	50
1864	Phòng bạn được trang bị tivi để thư giãn và giải trí sau ngày dài	0.00	Tivi	t	1135	18
1851	Phòng bạn được trang bị tivi để thư giãn và giải trí sau ngày dài	0.00	Tivi	t	1135	93
1862	Phòng bạn được trang bị tivi để thư giãn và giải trí sau ngày dài	0.00	Tivi	t	1135	46
1578	Phòng bạn được trang bị tivi để thư giãn và giải trí sau ngày dài	0.00	Tivi	t	1135	140
1585	Phòng bạn được trang bị tivi để thư giãn và giải trí sau ngày dài	0.00	Tivi	t	1135	153
1588	Phòng bạn được trang bị tivi để thư giãn và giải trí sau ngày dài	0.00	Tivi	t	1135	144
1767	Phòng bạn được trang bị tivi để thư giãn và giải trí sau ngày dài	0.00	Tivi	t	1135	41
1855	Phòng bạn được trang bị tivi để thư giãn và giải trí sau ngày dài	0.00	Tivi	t	1135	12
1568	Phòng bạn được trang bị tivi để thư giãn và giải trí sau ngày dài	0.00	Tivi	t	1135	124
1582	Phòng bạn được trang bị tivi để thư giãn và giải trí sau ngày dài	0.00	Tivi	t	1135	154
1835	Phòng bạn được trang bị tivi để thư giãn và giải trí sau ngày dài	0.00	Tivi	t	1135	89
1586	Phòng bạn được trang bị tivi để thư giãn và giải trí sau ngày dài	0.00	Tivi	t	1135	126
1592	Phòng bạn được trang bị tivi để thư giãn và giải trí sau ngày dài	0.00	Tivi	t	1135	136
1590	Phòng bạn được trang bị tivi để thư giãn và giải trí sau ngày dài	0.00	Tivi	t	1135	128
1839	Phòng bạn được trang bị tivi để thư giãn và giải trí sau ngày dài	0.00	Tivi	t	1135	92
1858	Phòng bạn được trang bị tivi để thư giãn và giải trí sau ngày dài	0.00	Tivi	t	1135	14
1840	Phòng bạn được trang bị tivi để thư giãn và giải trí sau ngày dài	0.00	Tivi	t	1135	30
1763	Phòng bạn được trang bị tivi để thư giãn và giải trí sau ngày dài	0.00	Tivi	t	1135	77
1860	Phòng bạn được trang bị tivi để thư giãn và giải trí sau ngày dài	0.00	Tivi	t	1135	26
1847	Phòng bạn được trang bị tivi để thư giãn và giải trí sau ngày dài	0.00	Tivi	t	1135	95
1849	Phòng bạn được trang bị tivi để thư giãn và giải trí sau ngày dài	0.00	Tivi	t	1135	20
1843	Phòng bạn được trang bị tivi để thư giãn và giải trí sau ngày dài	0.00	Tivi	t	1135	96
1845	Phòng bạn được trang bị tivi để thư giãn và giải trí sau ngày dài	0.00	Tivi	t	1135	72
2167	Phòng bạn được trang bị tủ quần áo rộng rãi để tiện cất giữ đồ đạc	0.00	Tủ quần áo	t	1136	145
2120	Phòng bạn được trang bị tủ quần áo rộng rãi để tiện cất giữ đồ đạc	0.00	Tủ quần áo	t	1136	160
2136	Phòng bạn được trang bị tủ quần áo rộng rãi để tiện cất giữ đồ đạc	0.00	Tủ quần áo	t	1136	161
2135	Phòng bạn được trang bị tủ quần áo rộng rãi để tiện cất giữ đồ đạc	0.00	Tủ quần áo	t	1136	50
2102	Phòng bạn được trang bị tủ quần áo rộng rãi để tiện cất giữ đồ đạc	0.00	Tủ quần áo	t	1136	96
2152	Phòng bạn được trang bị tủ quần áo rộng rãi để tiện cất giữ đồ đạc	0.00	Tủ quần áo	t	1136	143
2151	Phòng bạn được trang bị tủ quần áo rộng rãi để tiện cất giữ đồ đạc	0.00	Tủ quần áo	t	1136	18
2150	Phòng bạn được trang bị tủ quần áo rộng rãi để tiện cất giữ đồ đạc	0.00	Tủ quần áo	t	1136	159
2149	Phòng bạn được trang bị tủ quần áo rộng rãi để tiện cất giữ đồ đạc	0.00	Tủ quần áo	t	1136	20
2134	Phòng bạn được trang bị tủ quần áo rộng rãi để tiện cất giữ đồ đạc	0.00	Tủ quần áo	t	1136	80
2138	Phòng bạn được trang bị tủ quần áo rộng rãi để tiện cất giữ đồ đạc	0.00	Tủ quần áo	t	1136	68
2137	Phòng bạn được trang bị tủ quần áo rộng rãi để tiện cất giữ đồ đạc	0.00	Tủ quần áo	t	1136	49
2105	Phòng bạn được trang bị tủ quần áo rộng rãi để tiện cất giữ đồ đạc	0.00	Tủ quần áo	t	1136	130
2146	Phòng bạn được trang bị tủ quần áo rộng rãi để tiện cất giữ đồ đạc	0.00	Tủ quần áo	t	1136	38
2154	Phòng bạn được trang bị tủ quần áo rộng rãi để tiện cất giữ đồ đạc	0.00	Tủ quần áo	t	1136	10
2132	Phòng bạn được trang bị tủ quần áo rộng rãi để tiện cất giữ đồ đạc	0.00	Tủ quần áo	t	1136	51
2162	Phòng bạn được trang bị tủ quần áo rộng rãi để tiện cất giữ đồ đạc	0.00	Tủ quần áo	t	1136	74
1809	Phòng bạn được trang bị tủ quần áo rộng rãi để tiện cất giữ đồ đạc	0.00	Tủ quần áo	t	1136	42
2097	Phòng bạn được trang bị tủ quần áo rộng rãi để tiện cất giữ đồ đạc	0.00	Tủ quần áo	t	1136	156
2116	Phòng bạn được trang bị tủ quần áo rộng rãi để tiện cất giữ đồ đạc	0.00	Tủ quần áo	t	1136	34
1790	Phòng bạn được trang bị tủ quần áo rộng rãi để tiện cất giữ đồ đạc	0.00	Tủ quần áo	t	1136	139
2122	Phòng bạn được trang bị tủ quần áo rộng rãi để tiện cất giữ đồ đạc	0.00	Tủ quần áo	t	1136	21
1788	Phòng bạn được trang bị tủ quần áo rộng rãi để tiện cất giữ đồ đạc	0.00	Tủ quần áo	t	1136	15
2156	Phòng bạn được trang bị tủ quần áo rộng rãi để tiện cất giữ đồ đạc	0.00	Tủ quần áo	t	1136	94
2130	Phòng bạn được trang bị tủ quần áo rộng rãi để tiện cất giữ đồ đạc	0.00	Tủ quần áo	t	1136	52
2148	Phòng bạn được trang bị tủ quần áo rộng rãi để tiện cất giữ đồ đạc	0.00	Tủ quần áo	t	1136	36
2075	Phòng bạn được trang bị tủ quần áo rộng rãi để tiện cất giữ đồ đạc	0.00	Tủ quần áo	t	1136	144
2103	Phòng bạn được trang bị tủ quần áo rộng rãi để tiện cất giữ đồ đạc	0.00	Tủ quần áo	t	1136	99
2175	Phòng bạn được trang bị tủ quần áo rộng rãi để tiện cất giữ đồ đạc	0.00	Tủ quần áo	t	1136	155
1933	Điều hòa trong phòng bạn được mở thoải mái, nhớ tắt trước khi ra khỏi phòng nhé	0.00	Điều hòa	t	1138	73
2023	Điều hòa trong phòng bạn được mở thoải mái, nhớ tắt trước khi ra khỏi phòng nhé	0.00	Điều hòa	t	1138	74
1934	Điều hòa trong phòng bạn được mở thoải mái, nhớ tắt trước khi ra khỏi phòng nhé	0.00	Điều hòa	t	1138	122
2026	Điều hòa trong phòng bạn được mở thoải mái, nhớ tắt trước khi ra khỏi phòng nhé	0.00	Điều hòa	t	1138	66
2025	Điều hòa trong phòng bạn được mở thoải mái, nhớ tắt trước khi ra khỏi phòng nhé	0.00	Điều hòa	t	1138	40
2008	Điều hòa trong phòng bạn được mở thoải mái, nhớ tắt trước khi ra khỏi phòng nhé	0.00	Điều hòa	t	1138	160
2012	Điều hòa trong phòng bạn được mở thoải mái, nhớ tắt trước khi ra khỏi phòng nhé	0.00	Điều hòa	t	1138	23
1939	Điều hòa trong phòng bạn được mở thoải mái, nhớ tắt trước khi ra khỏi phòng nhé	0.00	Điều hòa	t	1138	22
1901	Điều hòa trong phòng bạn được mở thoải mái, nhớ tắt trước khi ra khỏi phòng nhé	0.00	Điều hòa	t	1138	76
1938	Điều hòa trong phòng bạn được mở thoải mái, nhớ tắt trước khi ra khỏi phòng nhé	0.00	Điều hòa	t	1138	57
1915	Điều hòa trong phòng bạn được mở thoải mái, nhớ tắt trước khi ra khỏi phòng nhé	0.00	Điều hòa	t	1138	121
1966	Điều hòa trong phòng bạn được mở thoải mái, nhớ tắt trước khi ra khỏi phòng nhé	0.00	Điều hòa	t	1138	9
1916	Điều hòa trong phòng bạn được mở thoải mái, nhớ tắt trước khi ra khỏi phòng nhé	0.00	Điều hòa	t	1138	136
1967	Điều hòa trong phòng bạn được mở thoải mái, nhớ tắt trước khi ra khỏi phòng nhé	0.00	Điều hòa	t	1138	11
2048	Điều hòa trong phòng bạn được mở thoải mái, nhớ tắt trước khi ra khỏi phòng nhé	0.00	Điều hòa	t	1138	84
1955	Điều hòa trong phòng bạn được mở thoải mái, nhớ tắt trước khi ra khỏi phòng nhé	0.00	Điều hòa	t	1138	39
1963	Điều hòa trong phòng bạn được mở thoải mái, nhớ tắt trước khi ra khỏi phòng nhé	0.00	Điều hòa	t	1138	111
2021	Điều hòa trong phòng bạn được mở thoải mái, nhớ tắt trước khi ra khỏi phòng nhé	0.00	Điều hòa	t	1138	14
2045	Điều hòa trong phòng bạn được mở thoải mái, nhớ tắt trước khi ra khỏi phòng nhé	0.00	Điều hòa	t	1138	28
2037	Điều hòa trong phòng bạn được mở thoải mái, nhớ tắt trước khi ra khỏi phòng nhé	0.00	Điều hòa	t	1138	21
1965	Điều hòa trong phòng bạn được mở thoải mái, nhớ tắt trước khi ra khỏi phòng nhé	0.00	Điều hòa	t	1138	105
1979	Điều hòa trong phòng bạn được mở thoải mái, nhớ tắt trước khi ra khỏi phòng nhé	0.00	Điều hòa	t	1138	126
1914	Điều hòa trong phòng bạn được mở thoải mái, nhớ tắt trước khi ra khỏi phòng nhé	0.00	Điều hòa	t	1138	62
2029	Điều hòa trong phòng bạn được mở thoải mái, nhớ tắt trước khi ra khỏi phòng nhé	0.00	Điều hòa	t	1138	92
2005	Điều hòa trong phòng bạn được mở thoải mái, nhớ tắt trước khi ra khỏi phòng nhé	0.00	Điều hòa	t	1138	142
1925	Điều hòa trong phòng bạn được mở thoải mái, nhớ tắt trước khi ra khỏi phòng nhé	0.00	Điều hòa	t	1138	153
1923	Điều hòa trong phòng bạn được mở thoải mái, nhớ tắt trước khi ra khỏi phòng nhé	0.00	Điều hòa	t	1138	155
2007	Điều hòa trong phòng bạn được mở thoải mái, nhớ tắt trước khi ra khỏi phòng nhé	0.00	Điều hòa	t	1138	130
1949	Điều hòa trong phòng bạn được mở thoải mái, nhớ tắt trước khi ra khỏi phòng nhé	0.00	Điều hòa	t	1138	71
1931	Điều hòa trong phòng bạn được mở thoải mái, nhớ tắt trước khi ra khỏi phòng nhé	0.00	Điều hòa	t	1138	81
1898	Điều hòa trong phòng bạn được mở thoải mái, nhớ tắt trước khi ra khỏi phòng nhé	0.00	Điều hòa	t	1138	29
2031	Điều hòa trong phòng bạn được mở thoải mái, nhớ tắt trước khi ra khỏi phòng nhé	0.00	Điều hòa	t	1138	16
1904	Điều hòa trong phòng bạn được mở thoải mái, nhớ tắt trước khi ra khỏi phòng nhé	0.00	Điều hòa	t	1138	150
1906	Điều hòa trong phòng bạn được mở thoải mái, nhớ tắt trước khi ra khỏi phòng nhé	0.00	Điều hòa	t	1138	120
2027	Điều hòa trong phòng bạn được mở thoải mái, nhớ tắt trước khi ra khỏi phòng nhé	0.00	Điều hòa	t	1138	90
2035	Điều hòa trong phòng bạn được mở thoải mái, nhớ tắt trước khi ra khỏi phòng nhé	0.00	Điều hòa	t	1138	8
1953	Điều hòa trong phòng bạn được mở thoải mái, nhớ tắt trước khi ra khỏi phòng nhé	0.00	Điều hòa	t	1138	31
2039	Điều hòa trong phòng bạn được mở thoải mái, nhớ tắt trước khi ra khỏi phòng nhé	0.00	Điều hòa	t	1138	78
1981	Điều hòa trong phòng bạn được mở thoải mái, nhớ tắt trước khi ra khỏi phòng nhé	0.00	Điều hòa	t	1138	127
2043	Điều hòa trong phòng bạn được mở thoải mái, nhớ tắt trước khi ra khỏi phòng nhé	0.00	Điều hòa	t	1138	56
1961	Điều hòa trong phòng bạn được mở thoải mái, nhớ tắt trước khi ra khỏi phòng nhé	0.00	Điều hòa	t	1138	15
1991	Điều hòa trong phòng bạn được mở thoải mái, nhớ tắt trước khi ra khỏi phòng nhé	0.00	Điều hòa	t	1138	94
1995	Điều hòa trong phòng bạn được mở thoải mái, nhớ tắt trước khi ra khỏi phòng nhé	0.00	Điều hòa	t	1138	68
1896	Điều hòa trong phòng bạn được mở thoải mái, nhớ tắt trước khi ra khỏi phòng nhé	0.00	Điều hòa	t	1138	60
1977	Điều hòa trong phòng bạn được mở thoải mái, nhớ tắt trước khi ra khỏi phòng nhé	0.00	Điều hòa	t	1138	162
1957	Điều hòa trong phòng bạn được mở thoải mái, nhớ tắt trước khi ra khỏi phòng nhé	0.00	Điều hòa	t	1138	75
\.


--
-- Data for Name: room_images; Type: TABLE DATA; Schema: public; Owner: postgres
--

COPY public.room_images (id, image_id, room_id) FROM stdin;
1	751	106
2	955	18
3	956	19
4	957	27
5	958	35
6	959	28
7	960	26
8	961	17
9	962	36
10	963	37
11	964	38
12	965	39
13	966	39
14	967	40
15	968	41
16	969	42
17	970	42
18	971	43
19	972	44
20	973	45
21	974	48
22	975	49
23	976	68
24	977	69
25	978	70
26	979	71
27	980	72
28	981	73
29	982	75
30	983	75
31	984	78
32	985	80
33	986	81
34	987	83
35	988	84
36	989	85
37	990	92
38	991	93
39	992	94
40	993	50
41	994	61
42	995	46
43	996	47
44	997	79
45	998	92
46	999	82
47	1000	74
48	1001	51
49	1002	59
50	1003	52
51	1004	60
52	1005	77
53	1006	76
54	1007	101
55	1008	102
56	1009	103
57	1010	104
58	1011	105
59	1012	106
60	1013	107
61	1014	108
62	1015	109
63	1016	110
64	1017	111
65	1018	112
66	1019	113
67	1020	114
68	1021	115
69	1022	116
70	1023	117
71	1024	124
72	1025	125
73	1026	132
74	1027	133
75	1028	133
76	1029	133
77	1030	134
78	1031	134
79	1032	135
80	1033	135
81	1034	136
82	1035	137
83	1036	138
84	1037	139
85	1038	140
86	1039	141
87	1040	142
88	1041	143
89	1042	144
90	1043	145
91	1044	146
92	1045	146
93	1046	148
94	1047	155
95	1048	156
96	1049	156
97	1050	164
98	1051	25
99	1052	32
100	1053	33
101	1054	34
102	1055	8
103	1056	12
104	1057	31
105	1058	31
106	1059	23
107	1060	22
108	1061	24
109	1062	20
110	1063	21
111	1064	21
112	1065	30
113	1066	13
114	1067	9
115	1068	14
116	1069	10
117	1070	10
118	1071	10
119	1072	55
120	1073	56
121	1074	57
122	1075	58
123	1076	65
124	1077	67
125	1078	64
126	1079	66
127	1080	62
128	1081	63
129	1082	54
130	1083	53
131	1084	89
132	1085	90
133	1086	91
134	1087	99
135	1088	100
136	1089	97
137	1090	98
138	1091	88
139	1092	95
140	1093	87
141	1094	96
142	1095	11
143	1096	16
144	1097	86
145	1098	15
146	1099	118
147	1100	119
148	1101	120
149	1102	121
150	1103	122
151	1104	123
152	1105	126
153	1106	127
154	1107	128
155	1108	129
156	1109	130
157	1110	149
158	1111	150
159	1112	151
160	1113	152
161	1114	153
162	1115	154
163	1116	157
164	1117	158
165	1118	159
166	1119	160
167	1120	161
168	1121	162
169	1122	165
170	1123	167
\.


--
-- Data for Name: rooms; Type: TABLE DATA; Schema: public; Owner: postgres
--

COPY public.rooms (id, description, is_available, max_size, price, rating, room_name, type_of_room, hotel_id) FROM stdin;
18	Phòng Standard được trang trí với gam màu nhẹ nhàng, có cửa sổ lớn cho ánh sáng tự nhiên, phù hợp cho 2 người, là lựa chọn lý tưởng cho những kỳ nghỉ ngắn ngày.	t	2	500.00	5	OVR  02	Standard	7
19	Phòng Standard tiện nghi với view biển tuyệt đẹp, mang đến không gian thư giãn tuyệt vời cho 2 người, tạo cảm giác như ở nhà.	t	2	500.00	5	OVR  03	Standard	7
25	Phòng Suite rộng rãi với tầm nhìn ra biển, có khu vực tiếp khách riêng biệt, phù hợp cho 4 người, mang đến sự thoải mái và riêng tư cho khách nghỉ.	t	4	1500.00	5	OVR 02	Suite	7
27	Phòng Standard được thiết kế thông minh với view hướng ra biển, thích hợp cho 2 người, là lựa chọn lý tưởng cho các cặp đôi.	t	2	500.00	5	VTPR  02	Standard	8
32	Phòng Deluxe được thiết kế tinh tế với các trang thiết bị hiện đại, thích hợp cho 4 người, đảm bảo sự thoải mái và tiện nghi tối đa.	t	4	1500.00	5	VTPR 02	Deluxe	8
33	Phòng Suite với thiết kế sang trọng, đầy đủ tiện nghi và không gian rộng rãi, lý tưởng cho 4 người, tạo cảm giác như ở nhà.	t	4	1500.00	5	VTPR01	Suite	8
34	Phòng Suite cao cấp với không gian riêng tư, tầm nhìn đẹp và trang thiết bị hiện đại, thích hợp cho 4 người, mang đến trải nghiệm nghỉ dưỡng hoàn hảo.	t	4	2000.00	5	VTPR 02	Suite	8
35	Phòng Standard với không gian sang trọng, nội thất hiện đại, đầy đủ tiện nghi cho khách lưu trú ngắn ngày.	t	2	400.00	4	RX 01	Standard	148
28	Phòng Standard với trang trí dễ chịu và không gian thoáng đãng, phù hợp cho 2 người, tạo cảm giác thư giãn sau những ngày dài.	t	2	300.00	5	VTPR  03	Standard	8
26	Phòng Standard với không gian ấm cúng, nội thất hiện đại và đầy đủ tiện nghi, phù hợp cho 2 người, mang đến sự thư giãn tuyệt vời.	t	2	200.00	5	VTPR  01	Standard	8
8	Phòng Standard rộng rãi, tiện nghi, có view nhìn ra thành phố. Thích hợp cho những ai yêu thích sự yên tĩnh và thoải mái.	t	4	350.00	4	HIVT 03	Standard	10
12	Phòng Standard có thiết kế đơn giản, đầy đủ tiện nghi, phù hợp cho khách đi công tác hoặc du lịch ngắn ngày.	t	4	350.00	4	AHR 01	Standard	10
31	Phòng Deluxe sang trọng với tiện nghi hiện đại và không gian rộng rãi, lý tưởng cho 4 người, mang đến trải nghiệm nghỉ ngơi đẳng cấp.	t	4	1800.00	5	VTPR 01	Deluxe	8
23	Phòng Deluxe sang trọng với thiết kế tinh tế và dịch vụ hoàn hảo, thích hợp cho 4 người, mang đến trải nghiệm nghỉ dưỡng đẳng cấp.	t	4	1900.00	5	OVR  02	Deluxe	7
22	Phòng Deluxe với không gian rộng lớn, nội thất cao cấp và tiện nghi hiện đại, phù hợp cho 4 người, mang đến sự sang trọng và thoải mái.	t	4	1800.00	5	OVR  01	Deluxe	7
24	Phòng Suite với không gian thoải mái và sang trọng, được trang bị đầy đủ tiện nghi, lý tưởng cho 4 người, tạo nên trải nghiệm nghỉ ngơi đẳng cấp.	t	4	2000.00	5	OVR  01	Suite	7
20	Phòng Superior với không gian rộng rãi, có ban công riêng hướng ra biển, phù hợp cho 4 người, là nơi lý tưởng để thư giãn và tận hưởng không khí trong lành.	t	4	400.00	5	OVR  01	Superior	7
21	Phòng Superior được thiết kế với nội thất hiện đại và sang trọng, có tầm nhìn ra biển, thích hợp cho 4 người, mang đến trải nghiệm nghỉ dưỡng tuyệt vời.	t	4	520.00	5	OVR 02	Superior	7
29	Phòng Superior với diện tích lớn, ban công riêng nhìn ra biển, thích hợp cho 4 người, mang đến cảm giác thoải mái và thư giãn.	t	4	500.00	5	VTPR  01	Superior	8
30	Phòng Superior sang trọng với nội thất cao cấp, thích hợp cho 4 người, tạo không gian nghỉ dưỡng hoàn hảo cho gia đình hoặc nhóm bạn.	t	4	450.00	5	VTPR  02	Superior	8
13	Phòng Standard rộng rãi với tầm nhìn đẹp, nội thất hiện đại và thoải mái.	t	4	350.00	4	AHR 02	Standard	10
7	Phòng Standard với không gian thoáng đãng, nội thất hiện đại. Phù hợp cho gia đình hoặc nhóm bạn nhỏ.	f	3	400.00	4	HIVT 02	Standard	1
9	Phòng Standard rộng rãi, tiện nghi, có view nhìn ra thành phố. Thích hợp cho những ai yêu thích sự yên tĩnh và thoải mái.	t	4	350.00	4	HIVT 03	Standard	10
14	Phòng Standard với không gian thoáng đãng, tiện nghi hiện đại, phù hợp cho các gia đình nhỏ.	t	4	350.00	4	AHR 03	Standard	10
17	Phòng Standard với thiết kế đơn giản và hiện đại, trang bị đầy đủ tiện nghi cần thiết, lý tưởng cho 2 người, mang lại cảm giác thoải mái và ấm cúng.	t	2	500.00	5	OVR  01	Standard	10
10	Phòng Superior cao cấp với nội thất sang trọng, không gian rộng rãi và tiện nghi hiện đại. Phù hợp cho kỳ nghỉ dưỡng.	t	4	450.00	4	HIVT 04	Deluxe	1
36	Phòng Standard thoáng đãng, phù hợp cho các cặp đôi hoặc khách đi công tác, đầy đủ dịch vụ và tiện nghi.	t	2	450.00	4	RX 02	Standard	148
37	Phòng Standard rộng rãi, view đẹp, thích hợp cho gia đình nhỏ, không gian thoải mái và ấm cúng.	t	2	500.00	4	RX 03	Standard	148
38	Phòng Superior cao cấp với nội thất sang trọng, tầm nhìn tuyệt đẹp ra thành phố, dịch vụ 5 sao.	t	2	600.00	4	RX 04	Superior	148
39	Phòng Superior với thiết kế đẳng cấp, không gian thoáng đãng, phù hợp cho các chuyến nghỉ dưỡng dài ngày.	t	2	600.00	4	RX 05	Superior	148
40	Phòng Standard hiện đại, nội thất sang trọng, phù hợp cho khách lưu trú ngắn ngày với đầy đủ tiện nghi.	t	2	450.00	4	MJ 01	Standard	149
41	Phòng Standard với tầm nhìn ra thành phố, không gian thoải mái và đầy đủ dịch vụ, thích hợp cho cặp đôi.	t	2	450.00	4	MJ 02	Standard	149
42	Phòng Standard rộng rãi, thiết kế tinh tế, phù hợp cho gia đình nhỏ với không gian ấm cúng.	t	2	450.00	4	MJ 03	Standard	149
43	Phòng Superior cao cấp với nội thất đẳng cấp, tầm nhìn tuyệt đẹp ra sông Sài Gòn, dịch vụ 5 sao.	t	2	500.00	4	MJ 04	Superior	149
44	Phòng Superior sang trọng, không gian thoáng đãng, phù hợp cho khách du lịch hoặc nghỉ dưỡng dài ngày.	t	2	600.00	4	MJ 05	Superior	149
45	Phòng Standard với thiết kế hiện đại, nội thất tiện nghi, phù hợp cho khách du lịch hoặc công tác ngắn ngày.	t	2	400.00	4	GS 01	Standard	150
48	Phòng Superior cao cấp với nội thất sang trọng, dịch vụ tận tâm, tầm nhìn tuyệt đẹp ra sông Sài Gòn.	t	2	650.00	4	GS 04	Superior	150
49	Phòng Superior đẳng cấp, không gian thoáng đãng, phù hợp cho các chuyến nghỉ dưỡng dài ngày với nhiều dịch vụ tiện ích.	t	2	650.00	4	GS 05	Superior	150
55	Phòng Deluxe sang trọng với không gian rộng lớn, trang thiết bị hiện đại và nội thất cao cấp, phù hợp cho 4 người, mang lại trải nghiệm nghỉ dưỡng đẳng cấp.	t	4	1500.00	4	ALSR VIP 01	Deluxe	155
56	Phòng Deluxe với thiết kế sang trọng và tiện nghi đầy đủ, thích hợp cho 4 người, tạo không gian thoải mái và riêng tư.	t	4	1500.00	4	ALSR VIP 02	Deluxe	155
57	Phòng Suite cao cấp với không gian rộng rãi, đầy đủ tiện nghi và dịch vụ hoàn hảo, lý tưởng cho 4 người, mang đến trải nghiệm nghỉ dưỡng tuyệt vời.	t	4	2000.00	4	ALSR VIP 01	Suite	155
58	Phòng Suite với thiết kế sang trọng, có tầm nhìn ra sông và nội thất hiện đại, thích hợp cho 4 người, mang đến cảm giác như ở nhà.	t	4	2000.00	4	ALSR VIP 02	Suite	155
65	Phòng Deluxe với nội thất cao cấp và không gian thoáng đãng, lý tưởng cho 4 người, tạo cảm giác thoải mái và riêng tư.	t	4	1300.00	5	TLDK VIP 02	Deluxe	156
67	Phòng Suite với thiết kế độc đáo, có khu vực tiếp khách riêng biệt, thích hợp cho 4 người, tạo cảm giác như ở nhà.	t	4	1800.00	5	TLDK VIP 02	Suite	156
68	Phòng Standard hiện đại, đầy đủ tiện nghi, phù hợp cho khách du lịch hoặc công tác ngắn ngày, tầm nhìn đẹp.	t	2	400.00	4	VN 01	Standard	256
69	Phòng Standard rộng rãi, thiết kế thông minh, thích hợp cho gia đình nhỏ với không gian thoải mái.	t	2	500.00	4	VN 02	Standard	256
70	Phòng Standard với tầm nhìn ra biển, không gian thoáng đãng, tiện nghi hiện đại, lý tưởng cho các cặp đôi.	t	2	450.00	4	VN 03	Standard	256
64	Phòng Deluxe cao cấp với thiết kế sang trọng và tiện nghi hiện đại, thích hợp cho 4 người, mang đến trải nghiệm nghỉ dưỡng đẳng cấp.	t	4	1700.00	5	TLDK VIP 01	Deluxe	156
66	Phòng Suite cao cấp với không gian rộng rãi, nội thất sang trọng, phù hợp cho 4 người, mang lại trải nghiệm nghỉ dưỡng tuyệt vời.	t	4	2500.00	5	TLDK VIP 01	Suite	156
62	Phòng Superior rộng rãi với trang trí hiện đại và view đẹp, phù hợp cho 4 người, tạo không gian lý tưởng cho gia đình hoặc nhóm bạn.	t	4	410.00	4	TLDK  01	Superior	156
63	Phòng Superior sang trọng, có ban công riêng và tầm nhìn tuyệt đẹp, phù hợp cho 4 người.	t	4	600.00	4	TLDK  02	Superior	156
54	Phòng Superior được thiết kế hiện đại, có ban công riêng, thích hợp cho 4 người, mang đến không gian thư giãn tuyệt vời.	t	4	620.00	4	ALSR  02	Superior	155
53	Phòng Superior với không gian rộng rãi, nội thất sang trọng và view tuyệt đẹp ra sông, phù hợp cho 4 người, lý tưởng cho gia đình hoặc nhóm bạn.	t	4	650.00	4	ALSR 01	Superior	155
71	Phòng Superior cao cấp với nội thất sang trọng, dịch vụ tận tâm, tầm nhìn tuyệt đẹp ra vịnh Nha Trang.	t	2	550.00	4	VN 04	Superior	256
72	Phòng Superior đẳng cấp, không gian thoáng đãng, thích hợp cho khách du lịch hoặc nghỉ dưỡng dài ngày với nhiều dịch vụ tiện ích.	t	2	600.00	4	VN 05	Superior	256
73	Phòng Standard với thiết kế hiện đại, đầy đủ tiện nghi, thích hợp cho khách du lịch hoặc công tác ngắn ngày, không gian thoải mái.	t	2	450.00	4	SN 01	Standard	257
75	Phòng Standard rộng rãi, trang trí ấm cúng, phù hợp cho gia đình nhỏ, đầy đủ tiện nghi hiện đại.	t	2	450.00	4	SN 03	Standard	257
78	Phòng Standard hiện đại, tiện nghi đầy đủ, phù hợp cho khách du lịch và công tác ngắn ngày, không gian thoải mái.	t	2	420.00	4	HN 01	Standard	258
80	Phòng Standard rộng rãi, có tầm nhìn đẹp ra phố, đầy đủ tiện nghi cho khách lưu trú.	t	2	450.00	4	HN 03	Standard	258
81	Phòng Superior cao cấp với nội thất sang trọng, dịch vụ tận tâm và tầm nhìn tuyệt đẹp ra biển.	t	2	750.00	4	HN 04	Superior	258
83	Phòng Standard ấm cúng với thiết kế hiện đại và tầm nhìn hướng biển, lý tưởng cho 2 người, mang đến không gian thư giãn hoàn hảo.	t	2	450.00	4	EVAS  01	Standard	264
84	Phòng Standard với ánh sáng tự nhiên và nội thất sang trọng, phù hợp cho 2 người, tạo cảm giác gần gũi và thoải mái.	t	2	400.00	4	EVAS  02	Standard	264
89	Phòng Deluxe với tầm nhìn ra biển và không gian thoáng đãng, lý tưởng cho 4 người, tạo cảm giác thư giãn và thoải mái.	t	4	1500.00	5	EVAS VIP 02	Deluxe	264
90	Phòng Suite cao cấp với thiết kế tinh tế và nội thất sang trọng, phù hợp cho 4 người, mang đến trải nghiệm nghỉ dưỡng hoàn hảo.	t	4	2300.00	5	EVAS VIP 01	Suite	264
91	Phòng Suite với không gian rộng rãi và dịch vụ hoàn hảo, lý tưởng cho 4 người, tạo cảm giác như ở nhà.	t	4	2500.00	5	EVAS VIP 02	Suite	264
92	Phòng Standard hiện đại với thiết kế sang trọng, không gian thoải mái cho 2 người, lý tưởng cho những ai tìm kiếm sự thư giãn và yên tĩnh.	t	2	400.00	4	AMIA  01	Standard	265
93	Phòng Standard với cửa sổ lớn cung cấp ánh sáng tự nhiên, phù hợp cho 2 người, mang đến không gian thoải mái và dễ chịu.	t	2	500.00	4	AMIA  02	Standard	265
94	Phòng Standard được trang bị đầy đủ tiện nghi, mang lại trải nghiệm nghỉ ngơi lý tưởng cho 2 người.	t	2	400.00	4	AMIA  03	Standard	265
99	Phòng Suite sang trọng với không gian rộng rãi, nội thất cao cấp, phù hợp cho 4 người, mang đến trải nghiệm nghỉ dưỡng hoàn hảo.	t	4	1900.00	5	AMIA VIP 01	Suite	265
100	Phòng Suite với thiết kế độc đáo và dịch vụ hoàn hảo, lý tưởng cho 4 người, tạo cảm giác như ở nhà.	t	4	2300.00	5	AMIA VIP 02	Suite	265
50	Phòng Standard với thiết kế hiện đại, trang bị đầy đủ tiện nghi và view hướng sông, phù hợp cho 2 người, mang đến không gian thư giãn thoải mái.	t	2	180.00	4	ALSR 01	Standard	155
61	Phòng Standard được trang bị tiện nghi đầy đủ, mang đến trải nghiệm nghỉ ngơi thoải mái cho 2 người.	t	2	230.00	4	TLDK  03	Standard	156
46	Phòng Standard thoáng đãng, với tầm nhìn đẹp ra phố Nguyễn Huệ, thích hợp cho các cặp đôi hoặc gia đình nhỏ.	t	2	350.00	4	GS 02	Standard	150
47	Phòng Standard rộng rãi, không gian ấm cúng, đầy đủ tiện nghi, lý tưởng cho khách nghỉ dưỡng.	t	2	350.00	4	GS 03	Standard	150
79	Phòng Standard thoáng đãng, nội thất sang trọng, thích hợp cho các cặp đôi và gia đình nhỏ.	t	2	250.00	4	HN 02	Standard	258
85	Phòng Standard có ban công riêng, cung cấp không gian thoáng đãng cho 2 người, mang lại trải nghiệm nghỉ ngơi tuyệt vời.	t	2	600.00	4	EVAS  03	Standard	264
97	Phòng Deluxe cao cấp với không gian rộng lớn và tiện nghi hiện đại, phù hợp cho 4 người, tạo cảm giác thư giãn và thoải mái.	t	4	1800.00	5	AMIA VIP 01	Deluxe	265
98	Phòng Deluxe với view biển tuyệt đẹp, lý tưởng cho 4 người, mang lại trải nghiệm nghỉ dưỡng đẳng cấp.	t	4	1950.00	5	AMIA VIP 02	Deluxe	265
88	Phòng Deluxe sang trọng với không gian rộng lớn, đầy đủ tiện nghi và dịch vụ cao cấp, phù hợp cho 4 người, mang lại trải nghiệm nghỉ dưỡng đẳng cấp.	t	4	1750.00	5	EVAS VIP 01	Deluxe	264
95	Phòng Superior rộng rãi với thiết kế hiện đại và tầm nhìn ra biển, phù hợp cho 4 người, tạo không gian lý tưởng cho gia đình hoặc nhóm bạn.	t	4	750.00	4	AMIA  01	Superior	265
87	Phòng Superior với thiết kế sang trọng và dịch vụ tận tình, lý tưởng cho 4 người, mang đến trải nghiệm nghỉ dưỡng thoải mái.	t	4	460.00	4	EVAS  02	Superior	264
82	Phòng Superior đẳng cấp, không gian thoáng đãng, lý tưởng cho nghỉ dưỡng dài ngày với nhiều tiện ích.	t	2	460.00	4	HN 05	Superior	258
96	Phòng Superior với nội thất sang trọng, dịch vụ tận tình, lý tưởng cho 4 người, mang đến trải nghiệm nghỉ dưỡng tuyệt vời.	t	4	500.00	4	AMIA  02	Superior	265
74	Phòng Standard thoáng đãng, có view nhìn ra phố, phù hợp cho các cặp đôi hoặc khách lưu trú ngắn ngày.	t	2	250.00	4	SN 02	Standard	257
51	Phòng Standard với ánh sáng tự nhiên và không gian ấm cúng, thích hợp cho 2 người, tạo cảm giác dễ chịu và thoải mái.	t	2	200.00	4	ALSR  02	Standard	155
59	Phòng Standard hiện đại với nội thất tinh tế, không gian thoải mái cho 2 người, lý tưởng cho những ai tìm kiếm sự yên tĩnh và thư giãn.	t	2	300.00	4	TLDK  01	Standard	156
52	Phòng Standard được trang trí tinh tế, phù hợp cho 2 người, mang đến trải nghiệm nghỉ ngơi thư giãn tuyệt vời.	t	2	200.00	4	ALSR  03	Standard	155
60	Phòng Standard với thiết kế sáng tạo, có cửa sổ lớn, cung cấp ánh sáng tự nhiên, phù hợp cho 2 người.	t	2	250.00	4	TLDK  02	Standard	156
77	Phòng Superior đẳng cấp, không gian thoáng đãng, lý tưởng cho khách du lịch hoặc nghỉ dưỡng dài ngày.	t	2	750.00	4	SN 05	Superior	257
11	Phòng Superior với không gian sang trọng, nội thất đẳng cấp. View đẹp, thích hợp cho các cặp đôi hoặc khách du lịch nghỉ dưỡng dài ngày.	t	4	350.00	5	HIVT 05	Superior	1
16	Phòng Superior với tầm nhìn biển, nội thất sang trọng và đẳng cấp, phù hợp cho các cặp đôi hoặc khách du lịch.	t	4	460.00	4	AHR 05	Superior	2
86	Phòng Superior rộng rãi với nội thất cao cấp và tầm nhìn tuyệt đẹp ra biển, phù hợp cho 4 người, tạo không gian lý tưởng cho gia đình hoặc nhóm bạn.	t	4	430.00	4	EVAS  01	Superior	264
15	Phòng Superior cao cấp với không gian sang trọng, đầy đủ tiện nghi và dịch vụ cao cấp, phù hợp cho nghỉ dưỡng dài ngày.	t	4	530.00	4	AHR 04	Superior	2
76	Phòng Superior cao cấp với nội thất sang trọng, dịch vụ tận tâm, view tuyệt đẹp ra biển.	t	2	550.00	4	SN 04	Superior	257
101	Phòng Standard có thiết kế tinh tế, nội thất tiện nghi, phù hợp cho khách du lịch hoặc công tác ngắn ngày, không gian thoải mái.	t	2	400.00	4	DL 01	Standard	191
102	Phòng Standard rộng rãi, view nhìn ra thành phố, đầy đủ tiện nghi hiện đại, thích hợp cho gia đình nhỏ.	t	2	250.00	4	DL 02	Standard	191
103	Phòng Standard thoáng đãng, với không gian yên tĩnh, phù hợp cho cặp đôi hoặc khách lưu trú ngắn ngày.	t	2	340.00	4	DL 03	Standard	191
104	Phòng Superior cao cấp với nội thất sang trọng, không gian rộng rãi và tầm nhìn đẹp ra vườn hoa Đà Lạt.	t	2	450.00	4	DL 04	Superior	191
105	Phòng Superior đẳng cấp với thiết kế hiện đại, không gian ấm cúng, lý tưởng cho khách nghỉ dưỡng dài ngày.	t	2	350.00	4	DL 05	Superior	191
106	Phòng Standard với thiết kế hiện đại, đầy đủ tiện nghi, phù hợp cho khách du lịch hoặc công tác ngắn ngày.	t	2	380.00	4	NL 01	Standard	192
107	Phòng Standard rộng rãi, view nhìn ra thành phố, không gian thoáng đãng và tiện nghi đầy đủ, thích hợp cho các cặp đôi.	t	2	420.00	4	NL 02	Standard	192
108	Phòng Standard với thiết kế tinh tế, nội thất sang trọng, lý tưởng cho gia đình nhỏ hoặc khách nghỉ dưỡng ngắn ngày.	t	2	350.00	4	NL 03	Standard	192
109	Phòng Superior cao cấp với không gian rộng rãi, nội thất sang trọng và dịch vụ đẳng cấp, phù hợp cho kỳ nghỉ dài ngày.	t	2	400.00	4	NL 04	Superior	192
110	Phòng Superior đẳng cấp với tầm nhìn đẹp ra thành phố Đà Lạt, không gian ấm cúng, lý tưởng cho kỳ nghỉ dưỡng.	t	2	1100.00	4	NL 05	Superior	192
111	Phòng Standard thiết kế tinh tế, đầy đủ tiện nghi, phù hợp cho khách du lịch hoặc công tác ngắn ngày.	t	2	300.00	4	KD 01	Standard	193
112	Phòng Standard với không gian rộng rãi, view thành phố, nội thất hiện đại, thích hợp cho các cặp đôi.	t	2	320.00	4	KD 02	Standard	193
113	Phòng Standard thoáng đãng, yên tĩnh, với không gian ấm cúng, lý tưởng cho gia đình nhỏ.	t	2	350.00	4	KD 03	Standard	193
114	Phòng Superior cao cấp với thiết kế sang trọng, view tuyệt đẹp ra cảnh quan Đà Lạt, dịch vụ đẳng cấp.	t	2	400.00	4	KD 04	Superior	193
115	Phòng Superior rộng rãi, nội thất hiện đại, không gian thoáng mát, phù hợp cho khách nghỉ dưỡng dài ngày.	t	2	430.00	4	KD 05	Superior	193
116	Phòng Standard với thiết kế cổ điển, không gian ấm cúng và tầm nhìn ra khu vườn xanh mát, phù hợp cho 2 người.	t	2	500.00	5	DLPC ST 01	Standard	200
117	Phòng Standard với không gian thoải mái, nội thất sang trọng và tầm nhìn hướng ra vườn, lý tưởng cho 2 người.	t	2	600.00	4	DLPC ST 02	Standard	200
118	Phòng Superior với phong cách trang trí tinh tế, rộng rãi và thoáng mát, phù hợp cho 4 người, tạo cảm giác thư giãn thoải mái.	t	4	700.00	4	DLPC SU 01	Superior	200
119	Phòng Superior với view đồi thông và không gian thoải mái, lý tưởng cho 4 người nghỉ dưỡng cùng gia đình hoặc bạn bè.	t	4	800.00	4	DLPC SU 02	Superior	200
120	Phòng Deluxe sang trọng với nội thất cổ điển, không gian rộng lớn và tầm nhìn toàn cảnh thành phố Đà Lạt, phù hợp cho 4 người.	t	4	1000.00	4	DLPC VIP 01	Deluxe	200
121	Phòng Deluxe với ban công rộng và view tuyệt đẹp ra hồ Xuân Hương, tạo cảm giác yên bình và thư thái cho 4 người.	t	4	1200.00	5	DLPC VIP 02	Deluxe	200
122	Phòng Suite cao cấp với nội thất sang trọng, không gian rộng rãi và tầm nhìn toàn cảnh đồi thông, phù hợp cho 4 người.	t	4	2000.00	5	DLPC VIP 01	Suite	200
123	Phòng Suite với thiết kế thanh lịch, không gian thoáng mát và tầm nhìn ra hồ, tạo không gian nghỉ dưỡng hoàn hảo cho 4 người.	t	4	2000.00	5	DLPC VIP 02	Suite	200
124	Phòng Standard tiện nghi, không gian thoải mái với view vườn hoa, phù hợp cho 2 người nghỉ dưỡng tại Đà Lạt.	t	2	700.00	5	MIMO ST 01	Standard	201
125	Phòng Standard được thiết kế hiện đại với ánh sáng tự nhiên, phù hợp cho 2 người, lý tưởng cho chuyến du lịch cặp đôi.	t	2	750.00	5	MIMO ST 02	Standard	201
126	Phòng Superior rộng rãi với nội thất cao cấp, có tầm nhìn ra đồi núi, tạo không gian nghỉ dưỡng thoải mái cho 4 người.	t	4	800.00	5	MIMO SU 01	Superior	201
127	Phòng Superior với phong cách trang trí thanh lịch, phù hợp cho 4 người, lý tưởng cho gia đình hoặc nhóm bạn.	t	4	850.00	5	MIMO SU 02	Superior	201
128	Phòng Deluxe sang trọng với không gian rộng rãi, view toàn cảnh Đà Lạt, lý tưởng cho 4 người nghỉ dưỡng đẳng cấp.	t	4	1000.00	5	MIMO VIP 01	Deluxe	201
129	Phòng Deluxe với ban công lớn, nội thất cao cấp, phù hợp cho 4 người muốn trải nghiệm không gian nghỉ dưỡng cao cấp.	t	4	1100.00	5	MIMO VIP 02	Deluxe	201
130	Phòng Suite với không gian rộng lớn, trang trí tinh tế và view nhìn ra rừng thông, lý tưởng cho 4 người.	t	4	1500.00	5	MIMO VIP 01	Suite	201
131	Phòng Suite cao cấp với nội thất sang trọng, không gian rộng mở và dịch vụ hoàn hảo, phù hợp cho 4 người.	t	4	1500.00	5	MIMO VIP 02	Suite	201
132	Phòng Standard với thiết kế hiện đại, đầy đủ tiện nghi, phù hợp cho khách du lịch hoặc công tác ngắn ngày, không gian thoải mái.	t	2	320.00	4	MN 01	Standard	237
133	Phòng Standard thoáng mát, view nhìn ra vườn, nội thất tiện nghi, thích hợp cho các cặp đôi hoặc gia đình nhỏ.	t	2	350.00	4	MN 02	Standard	237
134	Phòng Standard rộng rãi, thiết kế đơn giản nhưng tinh tế, lý tưởng cho khách nghỉ dưỡng ngắn ngày.	t	2	380.00	4	MN 03	Standard	237
135	Phòng Superior cao cấp với nội thất sang trọng, tầm nhìn ra biển, dịch vụ tiện ích và không gian rộng rãi.	t	2	450.00	4	MN 04	Superior	237
136	Phòng Superior đẳng cấp, view biển đẹp, không gian thoáng đãng, lý tưởng cho khách nghỉ dưỡng dài ngày.	t	2	400.00	4	MN 05	Superior	237
137	Phòng Standard hiện đại, đầy đủ tiện nghi, với view vườn, phù hợp cho khách du lịch hoặc công tác ngắn ngày.	t	2	330.00	4	SLB 01	Standard	238
138	Phòng Standard rộng rãi, thoáng mát, có tầm nhìn đẹp, lý tưởng cho các cặp đôi hoặc gia đình nhỏ.	t	2	340.00	4	SLB 02	Standard	238
139	Phòng Standard thoáng đãng, thiết kế tinh tế, nội thất tiện nghi, phù hợp cho khách lưu trú ngắn ngày.	t	2	360.00	4	SLB 03	Standard	238
140	Phòng Superior cao cấp với nội thất sang trọng, tầm nhìn ra biển, không gian rộng rãi, dịch vụ đẳng cấp.	t	2	420.00	4	SLB 04	Superior	238
141	Phòng Superior đẳng cấp, view biển tuyệt đẹp, không gian thoáng đãng, thích hợp cho khách nghỉ dưỡng dài ngày.	t	2	430.00	4	SLB 05	Superior	238
142	Phòng Standard với thiết kế hiện đại, không gian thoải mái, đầy đủ tiện nghi, phù hợp cho khách du lịch ngắn ngày.	t	2	320.00	4	PR 01	Standard	239
143	Phòng Standard rộng rãi, có view nhìn ra vườn xanh mát, nội thất tiện nghi, lý tưởng cho các cặp đôi hoặc gia đình nhỏ.	t	2	330.00	4	PR 02	Standard	239
144	Phòng Standard thoáng mát, thiết kế tinh tế, phù hợp cho khách nghỉ dưỡng ngắn ngày hoặc công tác.	t	2	350.00	4	PR 03	Standard	239
145	Phòng Superior cao cấp với nội thất sang trọng, tầm nhìn ra biển, không gian rộng rãi, lý tưởng cho kỳ nghỉ dưỡng dài ngày.	t	2	450.00	4	PR 04	Superior	239
146	Phòng Superior đẳng cấp, view biển tuyệt đẹp, dịch vụ tiện nghi và không gian thoáng đãng, phù hợp cho khách du lịch hoặc nghỉ dưỡng.	t	2	470.00	4	PR 05	Superior	239
147	Phòng Standard tiện nghi với view hướng biển tuyệt đẹp, không gian hiện đại và phù hợp cho 2 người.	t	2	650.00	5	TCRR ST 01	Standard	245
148	Phòng Standard với nội thất tinh tế, mang lại không gian nghỉ dưỡng thoải mái cho 2 người, hướng ra biển.	t	2	670.00	5	TCRR ST 02	Standard	245
149	Phòng Superior với thiết kế hiện đại, không gian rộng rãi và tầm nhìn ra bờ biển, phù hợp cho 4 người.	t	4	800.00	5	TCRR SU 01	Superior	245
150	Phòng Superior sang trọng với tầm nhìn ra biển, không gian lý tưởng cho gia đình hoặc nhóm bạn gồm 4 người.	t	4	850.00	5	TCRR SU 02	Superior	245
151	Phòng Deluxe cao cấp với ban công rộng, không gian mở và view toàn cảnh biển, thích hợp cho 4 người.	t	4	1200.00	5	TCRR VIP 01	Deluxe	245
152	Phòng Deluxe với không gian sang trọng, hướng nhìn ra biển và đầy đủ tiện nghi hiện đại, phù hợp cho 4 người.	t	4	1400.00	5	TCRR VIP 02	Deluxe	245
153	Phòng Suite cao cấp với diện tích rộng lớn, nội thất hiện đại và tầm nhìn toàn cảnh biển, lý tưởng cho 4 người.	t	4	1700.00	5	TCRR VIP 01	Suite	245
154	Phòng Suite với thiết kế thanh lịch, không gian sang trọng và dịch vụ hoàn hảo, thích hợp cho 4 người nghỉ dưỡng.	t	4	1900.00	5	TCRR VIP 02	Suite	245
155	Phòng Standard hiện đại với view hướng vườn, không gian thoáng đãng và thoải mái cho 2 người.	t	2	600.00	5	LMN ST 01	Standard	246
156	Phòng Standard tiện nghi, phù hợp cho 2 người với tầm nhìn ra vườn xanh mát, mang lại không gian nghỉ dưỡng dễ chịu.	t	2	650.00	5	LMN ST 02	Standard	246
157	Phòng Superior rộng rãi với thiết kế trang nhã, view hướng hồ bơi, thích hợp cho 4 người.	t	4	700.00	5	LMN SU 01	Superior	246
158	Phòng Superior với nội thất sang trọng, tầm nhìn ra biển, tạo không gian nghỉ dưỡng lý tưởng cho 4 người.	t	4	750.00	5	LMN SU 02	Superior	246
159	Phòng Deluxe với ban công rộng, view hướng biển, không gian thoải mái phù hợp cho 4 người nghỉ dưỡng cao cấp.	t	4	1000.00	5	LMN DLX 01	Deluxe	246
160	Phòng Deluxe được trang bị tiện nghi hiện đại, view biển tuyệt đẹp, thích hợp cho 4 người.	t	4	1100.00	5	LMN DLX 02	Deluxe	246
161	Phòng Suite cao cấp với diện tích rộng, view toàn cảnh biển, lý tưởng cho 4 người.	t	4	1500.00	5	LMN SUI 01	Suite	246
162	Phòng Suite với thiết kế đẳng cấp, không gian sang trọng và dịch vụ cao cấp, thích hợp cho 4 người.	t	4	1500.00	5	LMN SUI 02	Suite	246
164	Phòng đầy đủ tiện nghi cho quý khách hàng sử dụng	t	2	350.00	0	HIVT 06	Standard	1
165	Phòng đầy đủ tiện nghi cho quý khách hàng sử dụng	t	4	550.00	0	HIVT 07	Superior	1
167	Phòng đầy đủ tiện nghi	t	4	450.00	0	HIVT 01	Superior	1
168	Phòng đầy đủ tiện nghi	t	6	900.00	10	VIP 04	Deluxe	1
169	Phòng đầy đủ tiện nghi	t	9	400.00	8	VIP 05	Deluxe	\N
170	Room 78A1	t	3	400.00	8	A1	Standard	\N
171	PHONG 78A1	t	4	400.00	8	A1	Standard	78
172	PHONG 78A2	t	4	400.00	8	A2	Standard	78
173	PHONG 78A3	t	4	400.00	8	A3	Standard	78
174	PHONG 78A4	t	4	400.00	8	A4	Standard	78
175	PHONG 78A5	t	4	400.00	8	A5	Standard	78
176	PHONG 78A6	t	4	400.00	8	A6	Standard	78
177	PHONG 78A7	t	4	400.00	8	A7	Standard	78
178	PHONG 78A8	t	4	400.00	8	A8	Standard	78
\.


--
-- Data for Name: routes; Type: TABLE DATA; Schema: public; Owner: postgres
--

COPY public.routes (id, destination_station_id, origin_station_id) FROM stdin;
LX-QN	5	1
LX-BD	9	1
LX-BG	13	1
LX-BP	17	1
LX-BK	21	1
LX-BL	25	1
LX-BN	29	1
LX-VT	33	1
LX-PT	37	1
LX-BT	41	1
LX-CB	45	1
LX-CM	49	1
LX-CT	53	1
LX-DBP	57	1
LX-BMT	61	1
LX-DN	65	1
LX-BH	69	1
LX-GN	73	1
LX-DT	77	1
LX-PLEIKU	81	1
LX-HB	85	1
LX-BXMD	89	1
LX-HD	94	1
LX-HG	98	1
LX-VTH	102	1
LX-HN	106	1
LX-MD	110	1
LX-HP	115	1
LX-HT	119	1
LX-HY	123	1
LX-RG	127	1
LX-PBNT	131	1
LX-KT	135	1
LX-LA	139	1
LX-LC	144	1
LX-LCAI	148	1
LX-LK	152	1
LX-LS	156	1
LX-V	160	1
LX-NB	165	1
LX-ND	170	1
LX-PRTP	175	1
LX-PTHO	179	1
LX-PY	184	1
LX-DH	189	1
LX-BC	194	1
LX-TK	199	1
LX-QNGAI	204	1
LX-DHA	209	1
LX-SL	214	1
LX-ST	219	1
LX-TB	224	1
LX-MT	229	1
LX-TH	234	1
LX-TN	239	1
LX-TNINH	244	1
LX-TQ	249	1
LX-PBH	254	1
LX-TV	259	1
LX-VL	264	1
LX-VP	269	1
LX-YB	274	1
QN-LX	1	5
QN-BD	9	5
QN-BG	13	5
QN-BP	17	5
QN-BK	21	5
QN-BL	25	5
QN-BN	29	5
QN-VT	33	5
QN-PT	37	5
QN-BT	41	5
QN-CB	45	5
QN-CM	49	5
QN-CT	53	5
QN-DBP	57	5
QN-BMT	61	5
QN-DN	65	5
QN-BH	69	5
QN-GN	73	5
QN-DT	77	5
QN-PLEIKU	81	5
QN-HB	85	5
QN-BXMD	89	5
QN-HD	94	5
QN-HG	98	5
QN-VTH	102	5
QN-HN	106	5
QN-MD	110	5
QN-HP	115	5
QN-HT	119	5
QN-HY	123	5
QN-RG	127	5
QN-PBNT	131	5
QN-KT	135	5
QN-LA	139	5
QN-LC	144	5
QN-LCAI	148	5
QN-LK	152	5
QN-LS	156	5
QN-V	160	5
QN-NB	165	5
QN-ND	170	5
QN-PRTP	175	5
QN-PTHO	179	5
QN-PY	184	5
QN-DH	189	5
QN-BC	194	5
QN-TK	199	5
QN-QNGAI	204	5
QN-DHA	209	5
QN-SL	214	5
QN-ST	219	5
QN-TB	224	5
QN-MT	229	5
QN-TH	234	5
QN-TN	239	5
QN-TNINH	244	5
QN-TQ	249	5
QN-PBH	254	5
QN-TV	259	5
QN-VL	264	5
QN-VP	269	5
QN-YB	274	5
BD-LX	1	9
BD-QN	5	9
BD-BG	13	9
BD-BP	17	9
BD-BK	21	9
BD-BL	25	9
BD-BN	29	9
BD-VT	33	9
BD-PT	37	9
BD-BT	41	9
BD-CB	45	9
BD-CM	49	9
BD-CT	53	9
BD-DBP	57	9
BD-BMT	61	9
BD-DN	65	9
BD-BH	69	9
BD-GN	73	9
BD-DT	77	9
BD-PLEIKU	81	9
BD-HB	85	9
BD-BXMD	89	9
BD-HD	94	9
BD-HG	98	9
BD-VTH	102	9
BD-HN	106	9
BD-MD	110	9
BD-HP	115	9
BD-HT	119	9
BD-HY	123	9
BD-RG	127	9
BD-PBNT	131	9
BD-KT	135	9
BD-LA	139	9
BD-LC	144	9
BD-LCAI	148	9
BD-LK	152	9
BD-LS	156	9
BD-V	160	9
BD-NB	165	9
BD-ND	170	9
BD-PRTP	175	9
BD-PTHO	179	9
BD-PY	184	9
BD-DH	189	9
BD-BC	194	9
BD-TK	199	9
BD-QNGAI	204	9
BD-DHA	209	9
BD-SL	214	9
BD-ST	219	9
BD-TB	224	9
BD-MT	229	9
BD-TH	234	9
BD-TN	239	9
BD-TNINH	244	9
BD-TQ	249	9
BD-PBH	254	9
BD-TV	259	9
BD-VL	264	9
BD-VP	269	9
BD-YB	274	9
BG-LX	1	13
BG-QN	5	13
BG-BD	9	13
BG-BP	17	13
BG-BK	21	13
BG-BL	25	13
BG-BN	29	13
BG-VT	33	13
BG-PT	37	13
BG-BT	41	13
BG-CB	45	13
BG-CM	49	13
BG-CT	53	13
BG-DBP	57	13
BG-BMT	61	13
BG-DN	65	13
BG-BH	69	13
BG-GN	73	13
BG-DT	77	13
BG-PLEIKU	81	13
BG-HB	85	13
BG-BXMD	89	13
BG-HD	94	13
BG-HG	98	13
BG-VTH	102	13
BG-HN	106	13
BG-MD	110	13
BG-HP	115	13
BG-HT	119	13
BG-HY	123	13
BG-RG	127	13
BG-PBNT	131	13
BG-KT	135	13
BG-LA	139	13
BG-LC	144	13
BG-LCAI	148	13
BG-LK	152	13
BG-LS	156	13
BG-V	160	13
BG-NB	165	13
BG-ND	170	13
BG-PRTP	175	13
BG-PTHO	179	13
BG-PY	184	13
BG-DH	189	13
BG-BC	194	13
BG-TK	199	13
BG-QNGAI	204	13
BG-DHA	209	13
BG-SL	214	13
BG-ST	219	13
BG-TB	224	13
BG-MT	229	13
BG-TH	234	13
BG-TN	239	13
BG-TNINH	244	13
BG-TQ	249	13
BG-PBH	254	13
BG-TV	259	13
BG-VL	264	13
BG-VP	269	13
BG-YB	274	13
BP-LX	1	17
BP-QN	5	17
BP-BD	9	17
BP-BG	13	17
BP-BK	21	17
BP-BL	25	17
BP-BN	29	17
BP-VT	33	17
BP-PT	37	17
BP-BT	41	17
BP-CB	45	17
BP-CM	49	17
BP-CT	53	17
BP-DBP	57	17
BP-BMT	61	17
BP-DN	65	17
BP-BH	69	17
BP-GN	73	17
BP-DT	77	17
BP-PLEIKU	81	17
BP-HB	85	17
BP-BXMD	89	17
BP-HD	94	17
BP-HG	98	17
BP-VTH	102	17
BP-HN	106	17
BP-MD	110	17
BP-HP	115	17
BP-HT	119	17
BP-HY	123	17
BP-RG	127	17
BP-PBNT	131	17
BP-KT	135	17
BP-LA	139	17
BP-LC	144	17
BP-LCAI	148	17
BP-LK	152	17
BP-LS	156	17
BP-V	160	17
BP-NB	165	17
BP-ND	170	17
BP-PRTP	175	17
BP-PTHO	179	17
BP-PY	184	17
BP-DH	189	17
BP-BC	194	17
BP-TK	199	17
BP-QNGAI	204	17
BP-DHA	209	17
BP-SL	214	17
BP-ST	219	17
BP-TB	224	17
BP-MT	229	17
BP-TH	234	17
BP-TN	239	17
BP-TNINH	244	17
BP-TQ	249	17
BP-PBH	254	17
BP-TV	259	17
BP-VL	264	17
BP-VP	269	17
BP-YB	274	17
BK-LX	1	21
BK-QN	5	21
BK-BD	9	21
BK-BG	13	21
BK-BP	17	21
BK-BL	25	21
BK-BN	29	21
BK-VT	33	21
BK-PT	37	21
BK-BT	41	21
BK-CB	45	21
BK-CM	49	21
BK-CT	53	21
BK-DBP	57	21
BK-BMT	61	21
BK-DN	65	21
BK-BH	69	21
BK-GN	73	21
BK-DT	77	21
BK-PLEIKU	81	21
BK-HB	85	21
BK-BXMD	89	21
BK-HD	94	21
BK-HG	98	21
BK-VTH	102	21
BK-HN	106	21
BK-MD	110	21
BK-HP	115	21
BK-HT	119	21
BK-HY	123	21
BK-RG	127	21
BK-PBNT	131	21
BK-KT	135	21
BK-LA	139	21
BK-LC	144	21
BK-LCAI	148	21
BK-LK	152	21
BK-LS	156	21
BK-V	160	21
BK-NB	165	21
BK-ND	170	21
BK-PRTP	175	21
BK-PTHO	179	21
BK-PY	184	21
BK-DH	189	21
BK-BC	194	21
BK-TK	199	21
BK-QNGAI	204	21
BK-DHA	209	21
BK-SL	214	21
BK-ST	219	21
BK-TB	224	21
BK-MT	229	21
BK-TH	234	21
BK-TN	239	21
BK-TNINH	244	21
BK-TQ	249	21
BK-PBH	254	21
BK-TV	259	21
BK-VL	264	21
BK-VP	269	21
BK-YB	274	21
BL-LX	1	25
BL-QN	5	25
BL-BD	9	25
BL-BG	13	25
BL-BP	17	25
BL-BK	21	25
BL-BN	29	25
BL-VT	33	25
BL-PT	37	25
BL-BT	41	25
BL-CB	45	25
BL-CM	49	25
BL-CT	53	25
BL-DBP	57	25
BL-BMT	61	25
BL-DN	65	25
BL-BH	69	25
BL-GN	73	25
BL-DT	77	25
BL-PLEIKU	81	25
BL-HB	85	25
BL-BXMD	89	25
BL-HD	94	25
BL-HG	98	25
BL-VTH	102	25
BL-HN	106	25
BL-MD	110	25
BL-HP	115	25
BL-HT	119	25
BL-HY	123	25
BL-RG	127	25
BL-PBNT	131	25
BL-KT	135	25
BL-LA	139	25
BL-LC	144	25
BL-LCAI	148	25
BL-LK	152	25
BL-LS	156	25
BL-V	160	25
BL-NB	165	25
BL-ND	170	25
BL-PRTP	175	25
BL-PTHO	179	25
BL-PY	184	25
BL-DH	189	25
BL-BC	194	25
BL-TK	199	25
BL-QNGAI	204	25
BL-DHA	209	25
BL-SL	214	25
BL-ST	219	25
BL-TB	224	25
BL-MT	229	25
BL-TH	234	25
BL-TN	239	25
BL-TNINH	244	25
BL-TQ	249	25
BL-PBH	254	25
BL-TV	259	25
BL-VL	264	25
BL-VP	269	25
BL-YB	274	25
BN-LX	1	29
BN-QN	5	29
BN-BD	9	29
BN-BG	13	29
BN-BP	17	29
BN-BK	21	29
BN-BL	25	29
BN-VT	33	29
BN-PT	37	29
BN-BT	41	29
BN-CB	45	29
BN-CM	49	29
BN-CT	53	29
BN-DBP	57	29
BN-BMT	61	29
BN-DN	65	29
BN-BH	69	29
BN-GN	73	29
BN-DT	77	29
BN-PLEIKU	81	29
BN-HB	85	29
BN-BXMD	89	29
BN-HD	94	29
BN-HG	98	29
BN-VTH	102	29
BN-HN	106	29
BN-MD	110	29
BN-HP	115	29
BN-HT	119	29
BN-HY	123	29
BN-RG	127	29
BN-PBNT	131	29
BN-KT	135	29
BN-LA	139	29
BN-LC	144	29
BN-LCAI	148	29
BN-LK	152	29
BN-LS	156	29
BN-V	160	29
BN-NB	165	29
BN-ND	170	29
BN-PRTP	175	29
BN-PTHO	179	29
BN-PY	184	29
BN-DH	189	29
BN-BC	194	29
BN-TK	199	29
BN-QNGAI	204	29
BN-DHA	209	29
BN-SL	214	29
BN-ST	219	29
BN-TB	224	29
BN-MT	229	29
BN-TH	234	29
BN-TN	239	29
BN-TNINH	244	29
BN-TQ	249	29
BN-PBH	254	29
BN-TV	259	29
BN-VL	264	29
BN-VP	269	29
BN-YB	274	29
VT-LX	1	33
VT-QN	5	33
VT-BD	9	33
VT-BG	13	33
VT-BP	17	33
VT-BK	21	33
VT-BL	25	33
VT-BN	29	33
VT-PT	37	33
VT-BT	41	33
VT-CB	45	33
VT-CM	49	33
VT-CT	53	33
VT-DBP	57	33
VT-BMT	61	33
VT-DN	65	33
VT-BH	69	33
VT-GN	73	33
VT-DT	77	33
VT-PLEIKU	81	33
VT-HB	85	33
VT-BXMD	89	33
VT-HD	94	33
VT-HG	98	33
VT-VTH	102	33
VT-HN	106	33
VT-MD	110	33
VT-HP	115	33
VT-HT	119	33
VT-HY	123	33
VT-RG	127	33
VT-PBNT	131	33
VT-KT	135	33
VT-LA	139	33
VT-LC	144	33
VT-LCAI	148	33
VT-LK	152	33
VT-LS	156	33
VT-V	160	33
VT-NB	165	33
VT-ND	170	33
VT-PRTP	175	33
VT-PTHO	179	33
VT-PY	184	33
VT-DH	189	33
VT-BC	194	33
VT-TK	199	33
VT-QNGAI	204	33
VT-DHA	209	33
VT-SL	214	33
VT-ST	219	33
VT-TB	224	33
VT-MT	229	33
VT-TH	234	33
VT-TN	239	33
VT-TNINH	244	33
VT-TQ	249	33
VT-PBH	254	33
VT-TV	259	33
VT-VL	264	33
VT-VP	269	33
VT-YB	274	33
PT-LX	1	37
PT-QN	5	37
PT-BD	9	37
PT-BG	13	37
PT-BP	17	37
PT-BK	21	37
PT-BL	25	37
PT-BN	29	37
PT-VT	33	37
PT-BT	41	37
PT-CB	45	37
PT-CM	49	37
PT-CT	53	37
PT-DBP	57	37
PT-BMT	61	37
PT-DN	65	37
PT-BH	69	37
PT-GN	73	37
PT-DT	77	37
PT-PLEIKU	81	37
PT-HB	85	37
PT-BXMD	89	37
PT-HD	94	37
PT-HG	98	37
PT-VTH	102	37
PT-HN	106	37
PT-MD	110	37
PT-HP	115	37
PT-HT	119	37
PT-HY	123	37
PT-RG	127	37
PT-PBNT	131	37
PT-KT	135	37
PT-LA	139	37
PT-LC	144	37
PT-LCAI	148	37
PT-LK	152	37
PT-LS	156	37
PT-V	160	37
PT-NB	165	37
PT-ND	170	37
PT-PRTP	175	37
PT-PTHO	179	37
PT-PY	184	37
PT-DH	189	37
PT-BC	194	37
PT-TK	199	37
PT-QNGAI	204	37
PT-DHA	209	37
PT-SL	214	37
PT-ST	219	37
PT-TB	224	37
PT-MT	229	37
PT-TH	234	37
PT-TN	239	37
PT-TNINH	244	37
PT-TQ	249	37
PT-PBH	254	37
PT-TV	259	37
PT-VL	264	37
PT-VP	269	37
PT-YB	274	37
BT-LX	1	41
BT-QN	5	41
BT-BD	9	41
BT-BG	13	41
BT-BP	17	41
BT-BK	21	41
BT-BL	25	41
BT-BN	29	41
BT-VT	33	41
BT-PT	37	41
BT-CB	45	41
BT-CM	49	41
BT-CT	53	41
BT-DBP	57	41
BT-BMT	61	41
BT-DN	65	41
BT-BH	69	41
BT-GN	73	41
BT-DT	77	41
BT-PLEIKU	81	41
BT-HB	85	41
BT-BXMD	89	41
BT-HD	94	41
BT-HG	98	41
BT-VTH	102	41
BT-HN	106	41
BT-MD	110	41
BT-HP	115	41
BT-HT	119	41
BT-HY	123	41
BT-RG	127	41
BT-PBNT	131	41
BT-KT	135	41
BT-LA	139	41
BT-LC	144	41
BT-LCAI	148	41
BT-LK	152	41
BT-LS	156	41
BT-V	160	41
BT-NB	165	41
BT-ND	170	41
BT-PRTP	175	41
BT-PTHO	179	41
BT-PY	184	41
BT-DH	189	41
BT-BC	194	41
BT-TK	199	41
BT-QNGAI	204	41
BT-DHA	209	41
BT-SL	214	41
BT-ST	219	41
BT-TB	224	41
BT-MT	229	41
BT-TH	234	41
BT-TN	239	41
BT-TNINH	244	41
BT-TQ	249	41
BT-PBH	254	41
BT-TV	259	41
BT-VL	264	41
BT-VP	269	41
BT-YB	274	41
CB-LX	1	45
CB-QN	5	45
CB-BD	9	45
CB-BG	13	45
CB-BP	17	45
CB-BK	21	45
CB-BL	25	45
CB-BN	29	45
CB-VT	33	45
CB-PT	37	45
CB-BT	41	45
CB-CM	49	45
CB-CT	53	45
CB-DBP	57	45
CB-BMT	61	45
CB-DN	65	45
CB-BH	69	45
CB-GN	73	45
CB-DT	77	45
CB-PLEIKU	81	45
CB-HB	85	45
CB-BXMD	89	45
CB-HD	94	45
CB-HG	98	45
CB-VTH	102	45
CB-HN	106	45
CB-MD	110	45
CB-HP	115	45
CB-HT	119	45
CB-HY	123	45
CB-RG	127	45
CB-PBNT	131	45
CB-KT	135	45
CB-LA	139	45
CB-LC	144	45
CB-LCAI	148	45
CB-LK	152	45
CB-LS	156	45
CB-V	160	45
CB-NB	165	45
CB-ND	170	45
CB-PRTP	175	45
CB-PTHO	179	45
CB-PY	184	45
CB-DH	189	45
CB-BC	194	45
CB-TK	199	45
CB-QNGAI	204	45
CB-DHA	209	45
CB-SL	214	45
CB-ST	219	45
CB-TB	224	45
CB-MT	229	45
CB-TH	234	45
CB-TN	239	45
CB-TNINH	244	45
CB-TQ	249	45
CB-PBH	254	45
CB-TV	259	45
CB-VL	264	45
CB-VP	269	45
CB-YB	274	45
CM-LX	1	49
CM-QN	5	49
CM-BD	9	49
CM-BG	13	49
CM-BP	17	49
CM-BK	21	49
CM-BL	25	49
CM-BN	29	49
CM-VT	33	49
CM-PT	37	49
CM-BT	41	49
CM-CB	45	49
CM-CT	53	49
CM-DBP	57	49
CM-BMT	61	49
CM-DN	65	49
CM-BH	69	49
CM-GN	73	49
CM-DT	77	49
CM-PLEIKU	81	49
CM-HB	85	49
CM-BXMD	89	49
CM-HD	94	49
CM-HG	98	49
CM-VTH	102	49
CM-HN	106	49
CM-MD	110	49
CM-HP	115	49
CM-HT	119	49
CM-HY	123	49
CM-RG	127	49
CM-PBNT	131	49
CM-KT	135	49
CM-LA	139	49
CM-LC	144	49
CM-LCAI	148	49
CM-LK	152	49
CM-LS	156	49
CM-V	160	49
CM-NB	165	49
CM-ND	170	49
CM-PRTP	175	49
CM-PTHO	179	49
CM-PY	184	49
CM-DH	189	49
CM-BC	194	49
CM-TK	199	49
CM-QNGAI	204	49
CM-DHA	209	49
CM-SL	214	49
CM-ST	219	49
CM-TB	224	49
CM-MT	229	49
CM-TH	234	49
CM-TN	239	49
CM-TNINH	244	49
CM-TQ	249	49
CM-PBH	254	49
CM-TV	259	49
CM-VL	264	49
CM-VP	269	49
CM-YB	274	49
CT-LX	1	53
CT-QN	5	53
CT-BD	9	53
CT-BG	13	53
CT-BP	17	53
CT-BK	21	53
CT-BL	25	53
CT-BN	29	53
CT-VT	33	53
CT-PT	37	53
CT-BT	41	53
CT-CB	45	53
CT-CM	49	53
CT-DBP	57	53
CT-BMT	61	53
CT-DN	65	53
CT-BH	69	53
CT-GN	73	53
CT-DT	77	53
CT-PLEIKU	81	53
CT-HB	85	53
CT-BXMD	89	53
CT-HD	94	53
CT-HG	98	53
CT-VTH	102	53
CT-HN	106	53
CT-MD	110	53
CT-HP	115	53
CT-HT	119	53
CT-HY	123	53
CT-RG	127	53
CT-PBNT	131	53
CT-KT	135	53
CT-LA	139	53
CT-LC	144	53
CT-LCAI	148	53
CT-LK	152	53
CT-LS	156	53
CT-V	160	53
CT-NB	165	53
CT-ND	170	53
CT-PRTP	175	53
CT-PTHO	179	53
CT-PY	184	53
CT-DH	189	53
CT-BC	194	53
CT-TK	199	53
CT-QNGAI	204	53
CT-DHA	209	53
CT-SL	214	53
CT-ST	219	53
CT-TB	224	53
CT-MT	229	53
CT-TH	234	53
CT-TN	239	53
CT-TNINH	244	53
CT-TQ	249	53
CT-PBH	254	53
CT-TV	259	53
CT-VL	264	53
CT-VP	269	53
CT-YB	274	53
DBP-LX	1	57
DBP-QN	5	57
DBP-BD	9	57
DBP-BG	13	57
DBP-BP	17	57
DBP-BK	21	57
DBP-BL	25	57
DBP-BN	29	57
DBP-VT	33	57
DBP-PT	37	57
DBP-BT	41	57
DBP-CB	45	57
DBP-CM	49	57
DBP-CT	53	57
DBP-BMT	61	57
DBP-DN	65	57
DBP-BH	69	57
DBP-GN	73	57
DBP-DT	77	57
DBP-PLEIKU	81	57
DBP-HB	85	57
DBP-BXMD	89	57
DBP-HD	94	57
DBP-HG	98	57
DBP-VTH	102	57
DBP-HN	106	57
DBP-MD	110	57
DBP-HP	115	57
DBP-HT	119	57
DBP-HY	123	57
DBP-RG	127	57
DBP-PBNT	131	57
DBP-KT	135	57
DBP-LA	139	57
DBP-LC	144	57
DBP-LCAI	148	57
DBP-LK	152	57
DBP-LS	156	57
DBP-V	160	57
DBP-NB	165	57
DBP-ND	170	57
DBP-PRTP	175	57
DBP-PTHO	179	57
DBP-PY	184	57
DBP-DH	189	57
DBP-BC	194	57
DBP-TK	199	57
DBP-QNGAI	204	57
DBP-DHA	209	57
DBP-SL	214	57
DBP-ST	219	57
DBP-TB	224	57
DBP-MT	229	57
DBP-TH	234	57
DBP-TN	239	57
DBP-TNINH	244	57
DBP-TQ	249	57
DBP-PBH	254	57
DBP-TV	259	57
DBP-VL	264	57
DBP-VP	269	57
DBP-YB	274	57
BMT-LX	1	61
BMT-QN	5	61
BMT-BD	9	61
BMT-BG	13	61
BMT-BP	17	61
BMT-BK	21	61
BMT-BL	25	61
BMT-BN	29	61
BMT-VT	33	61
BMT-PT	37	61
BMT-BT	41	61
BMT-CB	45	61
BMT-CM	49	61
BMT-CT	53	61
BMT-DBP	57	61
BMT-DN	65	61
BMT-BH	69	61
BMT-GN	73	61
BMT-DT	77	61
BMT-PLEIKU	81	61
BMT-HB	85	61
BMT-BXMD	89	61
BMT-HD	94	61
BMT-HG	98	61
BMT-VTH	102	61
BMT-HN	106	61
BMT-MD	110	61
BMT-HP	115	61
BMT-HT	119	61
BMT-HY	123	61
BMT-RG	127	61
BMT-PBNT	131	61
BMT-KT	135	61
BMT-LA	139	61
BMT-LC	144	61
BMT-LCAI	148	61
BMT-LK	152	61
BMT-LS	156	61
BMT-V	160	61
BMT-NB	165	61
BMT-ND	170	61
BMT-PRTP	175	61
BMT-PTHO	179	61
BMT-PY	184	61
BMT-DH	189	61
BMT-BC	194	61
BMT-TK	199	61
BMT-QNGAI	204	61
BMT-DHA	209	61
BMT-SL	214	61
BMT-ST	219	61
BMT-TB	224	61
BMT-MT	229	61
BMT-TH	234	61
BMT-TN	239	61
BMT-TNINH	244	61
BMT-TQ	249	61
BMT-PBH	254	61
BMT-TV	259	61
BMT-VL	264	61
BMT-VP	269	61
BMT-YB	274	61
MD-VTAU	33	89
MD-PBNTR	131	89
MD-PTH	37	89
MD-LKH	152	89
PBNT-MDO	89	131
PBNT-VTA	33	131
PBNT-PTH	37	131
PBNT-LKH	152	131
LK-MDONG	89	152
LK-VTAU	33	152
LK-PBNTR	131	152
LK-PTH	37	152
PTT-TPG	39	37
TPG-PTT	37	39
PTT-HTB	279	280
LGI-PQY	281	282
HTB-PTT	280	279
PTT-DLN	37	283
PTT-TLH	37	284
PTT-HTN	37	286
PTT-BBH	37	185
\.


--
-- Data for Name: schedule_seats; Type: TABLE DATA; Schema: public; Owner: postgres
--

COPY public.schedule_seats (id, status, schedule_id, seat_id, seat_number) FROM stdin;
84	Empty	988	365	A04
85	Empty	988	366	A05
86	Empty	988	367	B01
87	Empty	988	368	B02
88	Empty	988	369	B03
89	Empty	988	370	B04
90	Empty	988	371	B05
91	Empty	989	382	A01
92	Empty	989	383	A02
93	Empty	989	384	A03
94	Empty	989	385	A04
95	Empty	989	386	A05
96	Empty	989	387	B01
97	Empty	989	388	B02
98	Empty	989	389	B03
99	Empty	989	390	B04
100	Empty	989	391	B05
101	Empty	990	392	A01
102	Empty	990	393	A02
103	Empty	990	394	A03
104	Empty	990	395	A04
105	Empty	990	396	A05
106	Empty	990	397	B01
107	Empty	990	398	B02
108	Empty	990	399	B03
109	Empty	990	400	B04
110	Empty	990	401	B05
111	Empty	991	402	A01
112	Empty	991	403	A02
113	Empty	991	404	A03
114	Empty	991	405	A04
115	Empty	991	406	A05
116	Empty	991	407	B01
117	Empty	991	408	B02
118	Empty	991	409	B03
119	Empty	991	410	B04
120	Empty	991	411	B05
121	Empty	992	412	A01
122	Empty	992	413	A02
123	Empty	992	414	A03
124	Empty	992	415	A04
125	Empty	992	416	A05
126	Empty	992	417	B01
127	Empty	992	418	B02
128	Empty	992	419	B03
129	Empty	992	420	B04
130	Empty	992	421	B05
131	Empty	993	422	A01
132	Empty	993	423	A02
133	Empty	993	424	A03
134	Empty	993	425	A04
135	Empty	993	426	A05
136	Empty	993	427	B01
137	Empty	993	428	B02
138	Empty	993	429	B03
139	Empty	993	430	B04
140	Empty	993	431	B05
141	Empty	994	432	A01
142	Empty	994	433	A02
143	Empty	994	434	A03
144	Empty	994	435	A04
145	Empty	994	436	A05
146	Empty	994	437	B01
147	Empty	994	438	B02
148	Empty	994	439	B03
149	Empty	994	440	B04
150	Empty	994	441	B05
151	Empty	995	442	A01
152	Empty	995	443	A02
153	Empty	995	444	A03
154	Empty	995	445	A04
155	Empty	995	446	A05
156	Empty	995	447	B01
157	Empty	995	448	B02
158	Empty	995	449	B03
159	Empty	995	450	B04
160	Empty	995	451	B05
161	Empty	996	452	A01
162	Empty	996	453	A02
163	Empty	996	454	A03
164	Empty	996	455	A04
165	Empty	996	456	A05
166	Empty	996	457	B01
167	Empty	996	458	B02
168	Empty	996	459	B03
169	Empty	996	460	B04
170	Empty	996	461	B05
171	Empty	997	462	A01
172	Empty	997	463	A02
173	Empty	997	464	A03
174	Empty	997	465	A04
175	Empty	997	466	A05
176	Empty	997	467	B01
177	Empty	997	468	B02
178	Empty	997	469	B03
179	Empty	997	470	B04
180	Empty	997	471	B05
181	Empty	998	472	A01
182	Empty	998	473	A02
183	Empty	998	474	A03
184	Empty	998	475	A04
185	Empty	998	476	A05
186	Empty	998	477	B01
187	Empty	998	478	B02
188	Empty	998	479	B03
189	Empty	998	480	B04
190	Empty	998	481	B05
191	Empty	999	52	A01
192	Empty	999	53	A02
193	Empty	999	54	A03
194	Empty	999	55	A04
195	Empty	999	56	A05
196	Empty	999	57	B01
197	Empty	999	58	B02
198	Empty	999	59	B03
199	Empty	999	60	B04
200	Empty	999	61	B05
201	Empty	1000	372	A01
202	Empty	1000	373	A02
203	Empty	1000	374	A03
204	Empty	1000	375	A04
205	Empty	1000	376	A05
206	Empty	1000	377	B01
207	Empty	1000	378	B02
208	Empty	1000	379	B03
209	Empty	1000	380	B04
210	Empty	1000	381	B05
211	Empty	1001	252	A01
212	Empty	1001	253	A02
213	Empty	1001	254	A03
214	Empty	1001	255	A04
215	Empty	1001	256	A05
216	Empty	1001	257	B01
217	Empty	1001	258	B02
218	Empty	1001	259	B03
219	Empty	1001	260	B04
220	Empty	1001	261	B05
221	Empty	1002	192	A01
222	Empty	1002	193	A02
223	Empty	1002	194	A03
224	Empty	1002	195	A04
225	Empty	1002	196	A05
226	Empty	1002	197	B01
227	Empty	1002	198	B02
228	Empty	1002	199	B03
229	Empty	1002	200	B04
230	Empty	1002	201	B05
231	Empty	1003	22	A01
232	Empty	1003	23	A02
233	Empty	1003	24	A03
234	Empty	1003	25	A04
235	Empty	1003	26	A05
236	Empty	1003	27	B01
237	Empty	1003	28	B02
83	Full	988	364	A03
238	Empty	1003	29	B03
239	Empty	1003	30	B04
240	Empty	1003	31	B05
241	Empty	1004	312	A01
242	Empty	1004	313	A02
243	Empty	1004	314	A03
244	Empty	1004	315	A04
245	Empty	1004	316	A05
246	Empty	1004	317	B01
247	Empty	1004	318	B02
248	Empty	1004	319	B03
249	Empty	1004	320	B04
250	Empty	1004	321	B05
255	Empty	1005	246	A05
256	Empty	1005	247	B01
257	Empty	1005	248	B02
258	Empty	1005	249	B03
259	Empty	1005	250	B04
260	Empty	1005	251	B05
261	Empty	1006	262	A01
262	Empty	1006	263	A02
263	Empty	1006	264	A03
264	Empty	1006	265	A04
265	Empty	1006	266	A05
266	Empty	1006	267	B01
267	Empty	1006	268	B02
268	Empty	1006	269	B03
269	Empty	1006	270	B04
270	Empty	1006	271	B05
271	Empty	1007	282	A01
272	Empty	1007	283	A02
273	Empty	1007	284	A03
274	Empty	1007	285	A04
275	Empty	1007	286	A05
276	Empty	1007	287	B01
277	Empty	1007	288	B02
278	Empty	1007	289	B03
279	Empty	1007	290	B04
280	Empty	1007	291	B05
281	Empty	1008	32	A01
282	Empty	1008	33	A02
283	Empty	1008	34	A03
284	Empty	1008	35	A04
285	Empty	1008	36	A05
286	Empty	1008	37	B01
287	Empty	1008	38	B02
288	Empty	1008	39	B03
289	Empty	1008	40	B04
290	Empty	1008	41	B05
291	Empty	1009	332	A01
292	Empty	1009	333	A02
293	Empty	1009	334	A03
294	Empty	1009	335	A04
295	Empty	1009	336	A05
296	Empty	1009	337	B01
297	Empty	1009	338	B02
298	Empty	1009	339	B03
299	Empty	1009	340	B04
300	Empty	1009	341	B05
301	Empty	1010	2	A01
302	Empty	1010	3	A02
303	Empty	1010	4	A03
304	Empty	1010	5	A04
305	Empty	1010	6	A05
306	Empty	1010	7	B01
307	Empty	1010	8	B02
308	Empty	1010	9	B03
309	Empty	1010	10	B04
310	Empty	1010	11	B05
314	Empty	1011	305	A04
321	Empty	1012	272	A01
322	Empty	1012	273	A02
323	Empty	1012	274	A03
324	Empty	1012	275	A04
325	Empty	1012	276	A05
326	Empty	1012	277	B01
327	Empty	1012	278	B02
328	Empty	1012	279	B03
329	Empty	1012	280	B04
330	Empty	1012	281	B05
331	Empty	1013	152	A01
332	Empty	1013	153	A02
333	Empty	1013	154	A03
334	Empty	1013	155	A04
335	Empty	1013	156	A05
336	Empty	1013	157	B01
337	Empty	1013	158	B02
338	Empty	1013	159	B03
339	Empty	1013	160	B04
340	Empty	1013	161	B05
341	Empty	1014	72	A01
342	Empty	1014	73	A02
343	Empty	1014	74	A03
344	Empty	1014	75	A04
345	Empty	1014	76	A05
346	Empty	1014	77	B01
347	Empty	1014	78	B02
348	Empty	1014	79	B03
349	Empty	1014	80	B04
350	Empty	1014	81	B05
351	Empty	1015	42	A01
352	Empty	1015	43	A02
353	Empty	1015	44	A03
354	Empty	1015	45	A04
355	Empty	1015	46	A05
356	Empty	1015	47	B01
357	Empty	1015	48	B02
358	Empty	1015	49	B03
359	Empty	1015	50	B04
360	Empty	1015	51	B05
361	Empty	1016	112	A01
362	Empty	1016	113	A02
363	Empty	1016	114	A03
364	Empty	1016	115	A04
365	Empty	1016	116	A05
366	Empty	1016	117	B01
367	Empty	1016	118	B02
368	Empty	1016	119	B03
369	Empty	1016	120	B04
370	Empty	1016	121	B05
371	Empty	1017	12	A01
372	Empty	1017	13	A02
373	Empty	1017	14	A03
374	Empty	1017	15	A04
375	Empty	1017	16	A05
376	Empty	1017	17	B01
377	Empty	1017	18	B02
378	Empty	1017	19	B03
379	Empty	1017	20	B04
380	Empty	1017	21	B05
381	Empty	1018	62	A01
382	Empty	1018	63	A02
383	Empty	1018	64	A03
384	Empty	1018	65	A04
385	Empty	1018	66	A05
386	Empty	1018	67	B01
387	Empty	1018	68	B02
388	Empty	1018	69	B03
389	Empty	1018	70	B04
390	Empty	1018	71	B05
391	Empty	1019	182	A01
392	Empty	1019	183	A02
393	Empty	1019	184	A03
394	Empty	1019	185	A04
251	Full	1005	242	A01
252	Full	1005	243	A02
253	Full	1005	244	A03
254	Full	1005	245	A04
395	Empty	1019	186	A05
396	Empty	1019	187	B01
397	Empty	1019	188	B02
398	Empty	1019	189	B03
399	Empty	1019	190	B04
400	Empty	1019	191	B05
401	Empty	1020	232	A01
402	Empty	1020	233	A02
403	Empty	1020	234	A03
404	Empty	1020	235	A04
405	Empty	1020	236	A05
406	Empty	1020	237	B01
407	Empty	1020	238	B02
408	Empty	1020	239	B03
409	Empty	1020	240	B04
410	Empty	1020	241	B05
411	Empty	1021	322	A01
412	Empty	1021	323	A02
413	Empty	1021	324	A03
414	Empty	1021	325	A04
415	Empty	1021	326	A05
416	Empty	1021	327	B01
417	Empty	1021	328	B02
418	Empty	1021	329	B03
419	Empty	1021	330	B04
420	Empty	1021	331	B05
421	Empty	1022	352	A01
422	Empty	1022	353	A02
423	Empty	1022	354	A03
424	Empty	1022	355	A04
425	Empty	1022	356	A05
426	Empty	1022	357	B01
427	Empty	1022	358	B02
428	Empty	1022	359	B03
429	Empty	1022	360	B04
430	Empty	1022	361	B05
431	Empty	1023	122	A01
432	Empty	1023	123	A02
433	Empty	1023	124	A03
434	Empty	1023	125	A04
435	Empty	1023	126	A05
436	Empty	1023	127	B01
437	Empty	1023	128	B02
438	Empty	1023	129	B03
439	Empty	1023	130	B04
440	Empty	1023	131	B05
441	Empty	1024	172	A01
442	Empty	1024	173	A02
443	Empty	1024	174	A03
444	Empty	1024	175	A04
445	Empty	1024	176	A05
446	Empty	1024	177	B01
447	Empty	1024	178	B02
448	Empty	1024	179	B03
449	Empty	1024	180	B04
450	Empty	1024	181	B05
451	Empty	1025	292	A01
452	Empty	1025	293	A02
453	Empty	1025	294	A03
454	Empty	1025	295	A04
455	Empty	1025	296	A05
456	Empty	1025	297	B01
457	Empty	1025	298	B02
458	Empty	1025	299	B03
459	Empty	1025	300	B04
460	Empty	1025	301	B05
461	Empty	1026	222	A01
462	Empty	1026	223	A02
463	Empty	1026	224	A03
464	Empty	1026	225	A04
465	Empty	1026	226	A05
466	Empty	1026	227	B01
467	Empty	1026	228	B02
468	Empty	1026	229	B03
469	Empty	1026	230	B04
470	Empty	1026	231	B05
471	Empty	1027	102	A01
472	Empty	1027	103	A02
473	Empty	1027	104	A03
474	Empty	1027	105	A04
475	Empty	1027	106	A05
476	Empty	1027	107	B01
477	Empty	1027	108	B02
478	Empty	1027	109	B03
479	Empty	1027	110	B04
480	Empty	1027	111	B05
481	Empty	1028	142	A01
482	Empty	1028	143	A02
483	Empty	1028	144	A03
484	Empty	1028	145	A04
485	Empty	1028	146	A05
486	Empty	1028	147	B01
487	Empty	1028	148	B02
488	Empty	1028	149	B03
489	Empty	1028	150	B04
490	Empty	1028	151	B05
491	Empty	1029	212	A01
492	Empty	1029	213	A02
493	Empty	1029	214	A03
494	Empty	1029	215	A04
495	Empty	1029	216	A05
496	Empty	1029	217	B01
497	Empty	1029	218	B02
498	Empty	1029	219	B03
499	Empty	1029	220	B04
500	Empty	1029	221	B05
501	Empty	1030	342	A01
502	Empty	1030	343	A02
503	Empty	1030	344	A03
504	Empty	1030	345	A04
505	Empty	1030	346	A05
506	Empty	1030	347	B01
507	Empty	1030	348	B02
508	Empty	1030	349	B03
509	Empty	1030	350	B04
510	Empty	1030	351	B05
511	Empty	1031	82	A01
512	Empty	1031	83	A02
513	Empty	1031	84	A03
514	Empty	1031	85	A04
515	Empty	1031	86	A05
516	Empty	1031	87	B01
517	Empty	1031	88	B02
518	Empty	1031	89	B03
519	Empty	1031	90	B04
520	Empty	1031	91	B05
521	Empty	1032	92	A01
522	Empty	1032	93	A02
523	Empty	1032	94	A03
524	Empty	1032	95	A04
525	Empty	1032	96	A05
526	Empty	1032	97	B01
527	Empty	1032	98	B02
528	Empty	1032	99	B03
529	Empty	1032	100	B04
530	Empty	1032	101	B05
531	Empty	1033	202	A01
532	Empty	1033	203	A02
533	Empty	1033	204	A03
534	Empty	1033	205	A04
535	Empty	1033	206	A05
536	Empty	1033	207	B01
537	Empty	1033	208	B02
538	Empty	1033	209	B03
539	Empty	1033	210	B04
540	Empty	1033	211	B05
541	Empty	1034	162	A01
542	Empty	1034	163	A02
543	Empty	1034	164	A03
544	Empty	1034	165	A04
545	Empty	1034	166	A05
546	Empty	1034	167	B01
547	Empty	1034	168	B02
548	Empty	1034	169	B03
549	Empty	1034	170	B04
550	Empty	1034	171	B05
551	Empty	1035	362	A01
552	Empty	1035	363	A02
553	Empty	1035	364	A03
554	Empty	1035	365	A04
555	Empty	1035	366	A05
556	Empty	1035	367	B01
557	Empty	1035	368	B02
558	Empty	1035	369	B03
559	Empty	1035	370	B04
560	Empty	1035	371	B05
561	Empty	1036	382	A01
562	Empty	1036	383	A02
563	Empty	1036	384	A03
564	Empty	1036	385	A04
565	Empty	1036	386	A05
566	Empty	1036	387	B01
567	Empty	1036	388	B02
568	Empty	1036	389	B03
569	Empty	1036	390	B04
570	Empty	1036	391	B05
571	Empty	1037	392	A01
572	Empty	1037	393	A02
573	Empty	1037	394	A03
574	Empty	1037	395	A04
575	Empty	1037	396	A05
576	Empty	1037	397	B01
577	Empty	1037	398	B02
578	Empty	1037	399	B03
579	Empty	1037	400	B04
580	Empty	1037	401	B05
581	Empty	1038	402	A01
582	Empty	1038	403	A02
583	Empty	1038	404	A03
584	Empty	1038	405	A04
585	Empty	1038	406	A05
586	Empty	1038	407	B01
587	Empty	1038	408	B02
588	Empty	1038	409	B03
589	Empty	1038	410	B04
590	Empty	1038	411	B05
591	Empty	1039	412	A01
592	Empty	1039	413	A02
593	Empty	1039	414	A03
594	Empty	1039	415	A04
595	Empty	1039	416	A05
596	Empty	1039	417	B01
597	Empty	1039	418	B02
598	Empty	1039	419	B03
599	Empty	1039	420	B04
600	Empty	1039	421	B05
601	Empty	1040	422	A01
602	Empty	1040	423	A02
603	Empty	1040	424	A03
604	Empty	1040	425	A04
605	Empty	1040	426	A05
606	Empty	1040	427	B01
607	Empty	1040	428	B02
608	Empty	1040	429	B03
609	Empty	1040	430	B04
610	Empty	1040	431	B05
611	Empty	1041	372	A01
612	Empty	1041	373	A02
613	Empty	1041	374	A03
614	Empty	1041	375	A04
615	Empty	1041	376	A05
616	Empty	1041	377	B01
617	Empty	1041	378	B02
618	Empty	1041	379	B03
619	Empty	1041	380	B04
620	Empty	1041	381	B05
621	Empty	1042	432	A01
622	Empty	1042	433	A02
623	Empty	1042	434	A03
624	Empty	1042	435	A04
625	Empty	1042	436	A05
626	Empty	1042	437	B01
627	Empty	1042	438	B02
628	Empty	1042	439	B03
629	Empty	1042	440	B04
630	Empty	1042	441	B05
631	Empty	1043	442	A01
632	Empty	1043	443	A02
633	Empty	1043	444	A03
634	Empty	1043	445	A04
635	Empty	1043	446	A05
636	Empty	1043	447	B01
637	Empty	1043	448	B02
638	Empty	1043	449	B03
639	Empty	1043	450	B04
640	Empty	1043	451	B05
641	Empty	1044	452	A01
642	Empty	1044	453	A02
643	Empty	1044	454	A03
644	Empty	1044	455	A04
645	Empty	1044	456	A05
646	Empty	1044	457	B01
647	Empty	1044	458	B02
648	Empty	1044	459	B03
649	Empty	1044	460	B04
650	Empty	1044	461	B05
651	Empty	1045	462	A01
652	Empty	1045	463	A02
653	Empty	1045	464	A03
654	Empty	1045	465	A04
655	Empty	1045	466	A05
656	Empty	1045	467	B01
657	Empty	1045	468	B02
658	Empty	1045	469	B03
659	Empty	1045	470	B04
660	Empty	1045	471	B05
661	Empty	1046	472	A01
662	Empty	1046	473	A02
663	Empty	1046	474	A03
664	Empty	1046	475	A04
665	Empty	1046	476	A05
666	Empty	1046	477	B01
667	Empty	1046	478	B02
668	Empty	1046	479	B03
669	Empty	1046	480	B04
670	Empty	1046	481	B05
671	Empty	1047	362	A01
672	Empty	1047	363	A02
673	Empty	1047	364	A03
674	Empty	1047	365	A04
675	Empty	1047	366	A05
676	Empty	1047	367	B01
677	Empty	1047	368	B02
678	Empty	1047	369	B03
679	Empty	1047	370	B04
680	Empty	1047	371	B05
685	Empty	1048	386	A05
686	Empty	1048	387	B01
687	Empty	1048	388	B02
688	Empty	1048	389	B03
689	Empty	1048	390	B04
690	Empty	1048	391	B05
691	Empty	1049	392	A01
693	Empty	1049	394	A03
694	Empty	1049	395	A04
696	Empty	1049	397	B01
697	Empty	1049	398	B02
698	Empty	1049	399	B03
699	Empty	1049	400	B04
700	Empty	1049	401	B05
701	Empty	1050	402	A01
702	Empty	1050	403	A02
703	Empty	1050	404	A03
704	Empty	1050	405	A04
705	Empty	1050	406	A05
706	Empty	1050	407	B01
707	Empty	1050	408	B02
708	Empty	1050	409	B03
683	Full	1048	384	A03
692	Full	1049	393	A02
695	Full	1049	396	A05
709	Empty	1050	410	B04
710	Empty	1050	411	B05
711	Empty	1051	412	A01
712	Empty	1051	413	A02
713	Empty	1051	414	A03
714	Empty	1051	415	A04
715	Empty	1051	416	A05
716	Empty	1051	417	B01
717	Empty	1051	418	B02
718	Empty	1051	419	B03
719	Empty	1051	420	B04
720	Empty	1051	421	B05
721	Empty	1052	422	A01
722	Empty	1052	423	A02
723	Empty	1052	424	A03
724	Empty	1052	425	A04
725	Empty	1052	426	A05
726	Empty	1052	427	B01
727	Empty	1052	428	B02
728	Empty	1052	429	B03
729	Empty	1052	430	B04
730	Empty	1052	431	B05
731	Empty	1053	372	A01
732	Empty	1053	373	A02
733	Empty	1053	374	A03
734	Empty	1053	375	A04
735	Empty	1053	376	A05
736	Empty	1053	377	B01
737	Empty	1053	378	B02
738	Empty	1053	379	B03
739	Empty	1053	380	B04
740	Empty	1053	381	B05
741	Empty	1054	432	A01
742	Empty	1054	433	A02
743	Empty	1054	434	A03
744	Empty	1054	435	A04
745	Empty	1054	436	A05
746	Empty	1054	437	B01
747	Empty	1054	438	B02
748	Empty	1054	439	B03
749	Empty	1054	440	B04
750	Empty	1054	441	B05
751	Empty	1055	442	A01
752	Empty	1055	443	A02
753	Empty	1055	444	A03
754	Empty	1055	445	A04
755	Empty	1055	446	A05
756	Empty	1055	447	B01
757	Empty	1055	448	B02
758	Empty	1055	449	B03
759	Empty	1055	450	B04
760	Empty	1055	451	B05
761	Empty	1056	132	A01
762	Empty	1056	133	A02
763	Empty	1056	134	A03
764	Empty	1056	135	A04
765	Empty	1056	136	A05
766	Empty	1056	137	B01
767	Empty	1056	138	B02
768	Empty	1056	139	B03
769	Empty	1056	140	B04
770	Empty	1056	141	B05
771	Empty	1057	452	A01
772	Empty	1057	453	A02
773	Empty	1057	454	A03
774	Empty	1057	455	A04
775	Empty	1057	456	A05
776	Empty	1057	457	B01
777	Empty	1057	458	B02
778	Empty	1057	459	B03
779	Empty	1057	460	B04
780	Empty	1057	461	B05
781	Empty	1058	462	A01
782	Empty	1058	463	A02
783	Empty	1058	464	A03
784	Empty	1058	465	A04
785	Empty	1058	466	A05
786	Empty	1058	467	B01
787	Empty	1058	468	B02
788	Empty	1058	469	B03
789	Empty	1058	470	B04
790	Empty	1058	471	B05
791	Empty	1059	472	A01
792	Empty	1059	473	A02
793	Empty	1059	474	A03
794	Empty	1059	475	A04
795	Empty	1059	476	A05
796	Empty	1059	477	B01
797	Empty	1059	478	B02
798	Empty	1059	479	B03
799	Empty	1059	480	B04
800	Empty	1059	481	B05
801	Empty	1060	362	A01
802	Empty	1060	363	A02
803	Empty	1060	364	A03
804	Empty	1060	365	A04
805	Empty	1060	366	A05
806	Empty	1060	367	B01
807	Empty	1060	368	B02
808	Empty	1060	369	B03
809	Empty	1060	370	B04
810	Empty	1060	371	B05
811	Empty	1061	382	A01
812	Empty	1061	383	A02
813	Empty	1061	384	A03
814	Empty	1061	385	A04
815	Empty	1061	386	A05
816	Empty	1061	387	B01
817	Empty	1061	388	B02
818	Empty	1061	389	B03
819	Empty	1061	390	B04
820	Empty	1061	391	B05
821	Empty	1062	392	A01
822	Empty	1062	393	A02
823	Empty	1062	394	A03
824	Empty	1062	395	A04
825	Empty	1062	396	A05
826	Empty	1062	397	B01
827	Empty	1062	398	B02
828	Empty	1062	399	B03
829	Empty	1062	400	B04
830	Empty	1062	401	B05
831	Empty	1063	402	A01
832	Empty	1063	403	A02
833	Empty	1063	404	A03
834	Empty	1063	405	A04
835	Empty	1063	406	A05
836	Empty	1063	407	B01
837	Empty	1063	408	B02
838	Empty	1063	409	B03
839	Empty	1063	410	B04
840	Empty	1063	411	B05
841	Empty	1064	412	A01
842	Empty	1064	413	A02
843	Empty	1064	414	A03
844	Empty	1064	415	A04
845	Empty	1064	416	A05
846	Empty	1064	417	B01
847	Empty	1064	418	B02
848	Empty	1064	419	B03
849	Empty	1064	420	B04
850	Empty	1064	421	B05
851	Empty	1065	422	A01
852	Empty	1065	423	A02
853	Empty	1065	424	A03
854	Empty	1065	425	A04
855	Empty	1065	426	A05
856	Empty	1065	427	B01
857	Empty	1065	428	B02
858	Empty	1065	429	B03
859	Empty	1065	430	B04
860	Empty	1065	431	B05
861	Empty	1066	372	A01
862	Empty	1066	373	A02
863	Empty	1066	374	A03
864	Empty	1066	375	A04
865	Empty	1066	376	A05
866	Empty	1066	377	B01
867	Empty	1066	378	B02
868	Empty	1066	379	B03
869	Empty	1066	380	B04
870	Empty	1066	381	B05
871	Empty	1067	432	A01
872	Empty	1067	433	A02
873	Empty	1067	434	A03
874	Empty	1067	435	A04
875	Empty	1067	436	A05
876	Empty	1067	437	B01
877	Empty	1067	438	B02
878	Empty	1067	439	B03
879	Empty	1067	440	B04
880	Empty	1067	441	B05
881	Empty	1068	442	A01
882	Empty	1068	443	A02
883	Empty	1068	444	A03
884	Empty	1068	445	A04
885	Empty	1068	446	A05
886	Empty	1068	447	B01
887	Empty	1068	448	B02
888	Empty	1068	449	B03
889	Empty	1068	450	B04
890	Empty	1068	451	B05
891	Empty	1069	452	A01
892	Empty	1069	453	A02
893	Empty	1069	454	A03
894	Empty	1069	455	A04
895	Empty	1069	456	A05
896	Empty	1069	457	B01
897	Empty	1069	458	B02
898	Empty	1069	459	B03
899	Empty	1069	460	B04
900	Empty	1069	461	B05
901	Empty	1070	462	A01
902	Empty	1070	463	A02
903	Empty	1070	464	A03
904	Empty	1070	465	A04
905	Empty	1070	466	A05
906	Empty	1070	467	B01
907	Empty	1070	468	B02
908	Empty	1070	469	B03
909	Empty	1070	470	B04
910	Empty	1070	471	B05
911	Empty	1071	472	A01
912	Empty	1071	473	A02
913	Empty	1071	474	A03
914	Empty	1071	475	A04
915	Empty	1071	476	A05
916	Empty	1071	477	B01
917	Empty	1071	478	B02
918	Empty	1071	479	B03
919	Empty	1071	480	B04
920	Empty	1071	481	B05
921	Empty	1072	362	A01
922	Empty	1072	363	A02
923	Empty	1072	364	A03
924	Empty	1072	365	A04
925	Empty	1072	366	A05
926	Empty	1072	367	B01
927	Empty	1072	368	B02
928	Empty	1072	369	B03
929	Empty	1072	370	B04
930	Empty	1072	371	B05
933	Empty	1073	384	A03
934	Empty	1073	385	A04
935	Empty	1073	386	A05
936	Empty	1073	387	B01
937	Empty	1073	388	B02
938	Empty	1073	389	B03
939	Empty	1073	390	B04
940	Empty	1073	391	B05
941	Empty	1074	392	A01
942	Empty	1074	393	A02
943	Empty	1074	394	A03
944	Empty	1074	395	A04
945	Empty	1074	396	A05
946	Empty	1074	397	B01
947	Empty	1074	398	B02
948	Empty	1074	399	B03
949	Empty	1074	400	B04
950	Empty	1074	401	B05
951	Empty	1075	402	A01
952	Empty	1075	403	A02
953	Empty	1075	404	A03
954	Empty	1075	405	A04
955	Empty	1075	406	A05
956	Empty	1075	407	B01
957	Empty	1075	408	B02
958	Empty	1075	409	B03
959	Empty	1075	410	B04
960	Empty	1075	411	B05
961	Empty	1076	412	A01
962	Empty	1076	413	A02
963	Empty	1076	414	A03
964	Empty	1076	415	A04
965	Empty	1076	416	A05
966	Empty	1076	417	B01
967	Empty	1076	418	B02
968	Empty	1076	419	B03
969	Empty	1076	420	B04
970	Empty	1076	421	B05
971	Empty	1077	422	A01
972	Empty	1077	423	A02
973	Empty	1077	424	A03
974	Empty	1077	425	A04
975	Empty	1077	426	A05
976	Empty	1077	427	B01
977	Empty	1077	428	B02
978	Empty	1077	429	B03
979	Empty	1077	430	B04
980	Empty	1077	431	B05
981	Empty	1078	372	A01
982	Empty	1078	373	A02
983	Empty	1078	374	A03
984	Empty	1078	375	A04
985	Empty	1078	376	A05
986	Empty	1078	377	B01
987	Empty	1078	378	B02
988	Empty	1078	379	B03
989	Empty	1078	380	B04
990	Empty	1078	381	B05
991	Empty	1079	432	A01
992	Empty	1079	433	A02
993	Empty	1079	434	A03
994	Empty	1079	435	A04
995	Empty	1079	436	A05
996	Empty	1079	437	B01
997	Empty	1079	438	B02
998	Empty	1079	439	B03
999	Empty	1079	440	B04
1000	Empty	1079	441	B05
1005	Empty	1080	446	A05
1006	Empty	1080	447	B01
1007	Empty	1080	448	B02
1008	Empty	1080	449	B03
1009	Empty	1080	450	B04
1010	Empty	1080	451	B05
1011	Empty	1081	452	A01
1012	Empty	1081	453	A02
1013	Empty	1081	454	A03
1014	Empty	1081	455	A04
1015	Empty	1081	456	A05
1016	Empty	1081	457	B01
1017	Empty	1081	458	B02
1018	Empty	1081	459	B03
1019	Empty	1081	460	B04
1020	Empty	1081	461	B05
1021	Empty	1082	462	A01
1022	Empty	1082	463	A02
1001	Full	1080	442	A01
1003	Full	1080	444	A03
1004	Full	1080	445	A04
1023	Empty	1082	464	A03
1024	Empty	1082	465	A04
1025	Empty	1082	466	A05
1026	Empty	1082	467	B01
1027	Empty	1082	468	B02
1028	Empty	1082	469	B03
1029	Empty	1082	470	B04
1030	Empty	1082	471	B05
1031	Empty	1083	472	A01
1032	Empty	1083	473	A02
1033	Empty	1083	474	A03
1034	Empty	1083	475	A04
1035	Empty	1083	476	A05
1036	Empty	1083	477	B01
1037	Empty	1083	478	B02
1038	Empty	1083	479	B03
1039	Empty	1083	480	B04
1040	Empty	1083	481	B05
1041	Empty	1084	362	A01
1042	Empty	1084	363	A02
1043	Empty	1084	364	A03
1044	Empty	1084	365	A04
1045	Empty	1084	366	A05
1046	Empty	1084	367	B01
1047	Empty	1084	368	B02
1048	Empty	1084	369	B03
1049	Empty	1084	370	B04
1050	Empty	1084	371	B05
1051	Empty	1085	382	A01
1052	Empty	1085	383	A02
1053	Empty	1085	384	A03
1054	Empty	1085	385	A04
1055	Empty	1085	386	A05
1056	Empty	1085	387	B01
1057	Empty	1085	388	B02
1058	Empty	1085	389	B03
1059	Empty	1085	390	B04
1060	Empty	1085	391	B05
1061	Empty	1086	392	A01
1062	Empty	1086	393	A02
1063	Empty	1086	394	A03
1064	Empty	1086	395	A04
1065	Empty	1086	396	A05
1066	Empty	1086	397	B01
1067	Empty	1086	398	B02
1068	Empty	1086	399	B03
1069	Empty	1086	400	B04
1070	Empty	1086	401	B05
1071	Empty	1087	402	A01
1072	Empty	1087	403	A02
1073	Empty	1087	404	A03
1074	Empty	1087	405	A04
1075	Empty	1087	406	A05
1076	Empty	1087	407	B01
1077	Empty	1087	408	B02
1078	Empty	1087	409	B03
1079	Empty	1087	410	B04
1080	Empty	1087	411	B05
1081	Empty	1088	412	A01
1082	Empty	1088	413	A02
1083	Empty	1088	414	A03
1084	Empty	1088	415	A04
1085	Empty	1088	416	A05
1086	Empty	1088	417	B01
1087	Empty	1088	418	B02
1088	Empty	1088	419	B03
1089	Empty	1088	420	B04
1090	Empty	1088	421	B05
1091	Empty	1089	422	A01
1092	Empty	1089	423	A02
1093	Empty	1089	424	A03
1094	Empty	1089	425	A04
1095	Empty	1089	426	A05
1096	Empty	1089	427	B01
1097	Empty	1089	428	B02
1098	Empty	1089	429	B03
1099	Empty	1089	430	B04
1100	Empty	1089	431	B05
1101	Empty	1090	372	A01
1102	Empty	1090	373	A02
1103	Empty	1090	374	A03
1104	Empty	1090	375	A04
1105	Empty	1090	376	A05
1106	Empty	1090	377	B01
1107	Empty	1090	378	B02
1108	Empty	1090	379	B03
1109	Empty	1090	380	B04
1110	Empty	1090	381	B05
1111	Empty	1091	432	A01
1112	Empty	1091	433	A02
1113	Empty	1091	434	A03
1114	Empty	1091	435	A04
1115	Empty	1091	436	A05
1116	Empty	1091	437	B01
1117	Empty	1091	438	B02
1118	Empty	1091	439	B03
1119	Empty	1091	440	B04
1120	Empty	1091	441	B05
1123	Empty	1092	444	A03
1124	Empty	1092	445	A04
1125	Empty	1092	446	A05
1126	Empty	1092	447	B01
1127	Empty	1092	448	B02
1128	Empty	1092	449	B03
1129	Empty	1092	450	B04
1130	Empty	1092	451	B05
1131	Empty	1093	452	A01
1132	Empty	1093	453	A02
1133	Empty	1093	454	A03
1134	Empty	1093	455	A04
1135	Empty	1093	456	A05
1136	Empty	1093	457	B01
1137	Empty	1093	458	B02
1138	Empty	1093	459	B03
1139	Empty	1093	460	B04
1140	Empty	1093	461	B05
1141	Empty	1094	462	A01
1142	Empty	1094	463	A02
1143	Empty	1094	464	A03
1144	Empty	1094	465	A04
1145	Empty	1094	466	A05
1146	Empty	1094	467	B01
1147	Empty	1094	468	B02
1148	Empty	1094	469	B03
1149	Empty	1094	470	B04
1150	Empty	1094	471	B05
1151	Empty	1095	472	A01
1152	Empty	1095	473	A02
1153	Empty	1095	474	A03
1154	Empty	1095	475	A04
1155	Empty	1095	476	A05
1156	Empty	1095	477	B01
1157	Empty	1095	478	B02
1158	Empty	1095	479	B03
1159	Empty	1095	480	B04
1160	Empty	1095	481	B05
1161	Empty	1096	362	A01
1162	Empty	1096	363	A02
1163	Empty	1096	364	A03
1164	Empty	1096	365	A04
1165	Empty	1096	366	A05
1166	Empty	1096	367	B01
1167	Empty	1096	368	B02
1168	Empty	1096	369	B03
1169	Empty	1096	370	B04
1170	Empty	1096	371	B05
1171	Empty	1097	382	A01
1172	Empty	1097	383	A02
1173	Empty	1097	384	A03
1174	Empty	1097	385	A04
1175	Empty	1097	386	A05
1176	Empty	1097	387	B01
1177	Empty	1097	388	B02
1178	Empty	1097	389	B03
1179	Empty	1097	390	B04
1180	Empty	1097	391	B05
1181	Empty	1098	392	A01
1182	Empty	1098	393	A02
1183	Empty	1098	394	A03
1184	Empty	1098	395	A04
1185	Empty	1098	396	A05
1186	Empty	1098	397	B01
1187	Empty	1098	398	B02
1188	Empty	1098	399	B03
1189	Empty	1098	400	B04
1190	Empty	1098	401	B05
1191	Empty	1099	402	A01
1192	Empty	1099	403	A02
1193	Empty	1099	404	A03
1194	Empty	1099	405	A04
1195	Empty	1099	406	A05
1196	Empty	1099	407	B01
1197	Empty	1099	408	B02
1198	Empty	1099	409	B03
1199	Empty	1099	410	B04
1200	Empty	1099	411	B05
1201	Empty	1100	412	A01
1202	Empty	1100	413	A02
1203	Empty	1100	414	A03
1204	Empty	1100	415	A04
1205	Empty	1100	416	A05
1206	Empty	1100	417	B01
1207	Empty	1100	418	B02
1208	Empty	1100	419	B03
1209	Empty	1100	420	B04
1210	Empty	1100	421	B05
1211	Empty	1101	422	A01
1212	Empty	1101	423	A02
1213	Empty	1101	424	A03
1214	Empty	1101	425	A04
1215	Empty	1101	426	A05
1216	Empty	1101	427	B01
1217	Empty	1101	428	B02
1218	Empty	1101	429	B03
1219	Empty	1101	430	B04
1220	Empty	1101	431	B05
1221	Empty	1102	432	A01
1222	Empty	1102	433	A02
1223	Empty	1102	434	A03
1224	Empty	1102	435	A04
1225	Empty	1102	436	A05
1226	Empty	1102	437	B01
1227	Empty	1102	438	B02
1228	Empty	1102	439	B03
1229	Empty	1102	440	B04
1230	Empty	1102	441	B05
1231	Empty	1103	442	A01
1232	Empty	1103	443	A02
1233	Empty	1103	444	A03
1234	Empty	1103	445	A04
1235	Empty	1103	446	A05
1236	Empty	1103	447	B01
1237	Empty	1103	448	B02
1238	Empty	1103	449	B03
1239	Empty	1103	450	B04
1240	Empty	1103	451	B05
1241	Empty	1104	452	A01
1242	Empty	1104	453	A02
1243	Empty	1104	454	A03
1244	Empty	1104	455	A04
1245	Empty	1104	456	A05
1246	Empty	1104	457	B01
1247	Empty	1104	458	B02
1248	Empty	1104	459	B03
1249	Empty	1104	460	B04
1250	Empty	1104	461	B05
1251	Empty	1105	462	A01
1252	Empty	1105	463	A02
1253	Empty	1105	464	A03
1254	Empty	1105	465	A04
1255	Empty	1105	466	A05
1256	Empty	1105	467	B01
1257	Empty	1105	468	B02
1258	Empty	1105	469	B03
1259	Empty	1105	470	B04
1260	Empty	1105	471	B05
1261	Empty	1106	472	A01
1262	Empty	1106	473	A02
1263	Empty	1106	474	A03
1264	Empty	1106	475	A04
1265	Empty	1106	476	A05
1266	Empty	1106	477	B01
1267	Empty	1106	478	B02
1268	Empty	1106	479	B03
1269	Empty	1106	480	B04
1270	Empty	1106	481	B05
1271	Empty	1107	12	A01
1272	Empty	1107	13	A02
1273	Empty	1107	14	A03
1274	Empty	1107	15	A04
1275	Empty	1107	16	A05
1276	Empty	1107	17	B01
1277	Empty	1107	18	B02
1278	Empty	1107	19	B03
1279	Empty	1107	20	B04
1280	Empty	1107	21	B05
1281	Empty	1108	32	A01
1282	Empty	1108	33	A02
1283	Empty	1108	34	A03
1284	Empty	1108	35	A04
1285	Empty	1108	36	A05
1286	Empty	1108	37	B01
1287	Empty	1108	38	B02
1288	Empty	1108	39	B03
1289	Empty	1108	40	B04
1290	Empty	1108	41	B05
1291	Empty	1109	42	A01
1292	Empty	1109	43	A02
1293	Empty	1109	44	A03
1294	Empty	1109	45	A04
1295	Empty	1109	46	A05
1296	Empty	1109	47	B01
1297	Empty	1109	48	B02
1298	Empty	1109	49	B03
1299	Empty	1109	50	B04
1300	Empty	1109	51	B05
1301	Empty	1110	52	A01
1302	Empty	1110	53	A02
1303	Empty	1110	54	A03
1304	Empty	1110	55	A04
1305	Empty	1110	56	A05
1306	Empty	1110	57	B01
1307	Empty	1110	58	B02
1308	Empty	1110	59	B03
1309	Empty	1110	60	B04
1310	Empty	1110	61	B05
1311	Empty	1111	62	A01
1312	Empty	1111	63	A02
1313	Empty	1111	64	A03
1314	Empty	1111	65	A04
1315	Empty	1111	66	A05
1316	Empty	1111	67	B01
1317	Empty	1111	68	B02
1318	Empty	1111	69	B03
1319	Empty	1111	70	B04
1320	Empty	1111	71	B05
1321	Empty	1112	2	A01
1322	Empty	1112	3	A02
1323	Empty	1112	4	A03
1324	Empty	1112	5	A04
1325	Empty	1112	6	A05
1326	Empty	1112	7	B01
1327	Empty	1112	8	B02
1328	Empty	1112	9	B03
1329	Empty	1112	10	B04
1330	Empty	1112	11	B05
1331	Empty	1113	72	A01
1332	Empty	1113	73	A02
1333	Empty	1113	74	A03
1334	Empty	1113	75	A04
1335	Empty	1113	76	A05
1336	Empty	1113	77	B01
1337	Empty	1113	78	B02
1338	Empty	1113	79	B03
1339	Empty	1113	80	B04
1340	Empty	1113	81	B05
1341	Empty	1114	82	A01
1342	Empty	1114	83	A02
1343	Empty	1114	84	A03
1344	Empty	1114	85	A04
1345	Empty	1114	86	A05
1346	Empty	1114	87	B01
1347	Empty	1114	88	B02
1348	Empty	1114	89	B03
1349	Empty	1114	90	B04
1350	Empty	1114	91	B05
1351	Empty	1115	92	A01
1352	Empty	1115	93	A02
1353	Empty	1115	94	A03
1354	Empty	1115	95	A04
1355	Empty	1115	96	A05
1356	Empty	1115	97	B01
1357	Empty	1115	98	B02
1358	Empty	1115	99	B03
1359	Empty	1115	100	B04
1360	Empty	1115	101	B05
1361	Empty	1116	102	A01
1362	Empty	1116	103	A02
1363	Empty	1116	104	A03
1364	Empty	1116	105	A04
1365	Empty	1116	106	A05
1366	Empty	1116	107	B01
1367	Empty	1116	108	B02
1368	Empty	1116	109	B03
1369	Empty	1116	110	B04
1370	Empty	1116	111	B05
1371	Empty	1117	112	A01
1372	Empty	1117	113	A02
1373	Empty	1117	114	A03
1374	Empty	1117	115	A04
1375	Empty	1117	116	A05
1376	Empty	1117	117	B01
1377	Empty	1117	118	B02
1378	Empty	1117	119	B03
1379	Empty	1117	120	B04
1380	Empty	1117	121	B05
1381	Empty	1118	22	A01
1382	Empty	1118	23	A02
1383	Empty	1118	24	A03
1384	Empty	1118	25	A04
1385	Empty	1118	26	A05
1386	Empty	1118	27	B01
1387	Empty	1118	28	B02
1388	Empty	1118	29	B03
1389	Empty	1118	30	B04
1390	Empty	1118	31	B05
1391	Empty	1119	12	A01
1392	Empty	1119	13	A02
1393	Empty	1119	14	A03
1394	Empty	1119	15	A04
1395	Empty	1119	16	A05
1396	Empty	1119	17	B01
1397	Empty	1119	18	B02
1398	Empty	1119	19	B03
1399	Empty	1119	20	B04
1400	Empty	1119	21	B05
1401	Empty	1120	32	A01
1402	Empty	1120	33	A02
1403	Empty	1120	34	A03
1404	Empty	1120	35	A04
1405	Empty	1120	36	A05
1406	Empty	1120	37	B01
1407	Empty	1120	38	B02
1408	Empty	1120	39	B03
1409	Empty	1120	40	B04
1410	Empty	1120	41	B05
1411	Empty	1121	42	A01
1412	Empty	1121	43	A02
1413	Empty	1121	44	A03
1414	Empty	1121	45	A04
1415	Empty	1121	46	A05
1416	Empty	1121	47	B01
1417	Empty	1121	48	B02
1418	Empty	1121	49	B03
1419	Empty	1121	50	B04
1420	Empty	1121	51	B05
1421	Empty	1122	52	A01
1422	Empty	1122	53	A02
1423	Empty	1122	54	A03
1424	Empty	1122	55	A04
1425	Empty	1122	56	A05
1426	Empty	1122	57	B01
1427	Empty	1122	58	B02
1428	Empty	1122	59	B03
1429	Empty	1122	60	B04
1430	Empty	1122	61	B05
1431	Empty	1123	62	A01
1432	Empty	1123	63	A02
1433	Empty	1123	64	A03
1434	Empty	1123	65	A04
1435	Empty	1123	66	A05
1436	Empty	1123	67	B01
1437	Empty	1123	68	B02
1438	Empty	1123	69	B03
1439	Empty	1123	70	B04
1440	Empty	1123	71	B05
1441	Empty	1124	2	A01
1442	Empty	1124	3	A02
1443	Empty	1124	4	A03
1444	Empty	1124	5	A04
1445	Empty	1124	6	A05
1446	Empty	1124	7	B01
1447	Empty	1124	8	B02
1448	Empty	1124	9	B03
1449	Empty	1124	10	B04
1450	Empty	1124	11	B05
1451	Empty	1125	72	A01
1452	Empty	1125	73	A02
1453	Empty	1125	74	A03
1454	Empty	1125	75	A04
1455	Empty	1125	76	A05
1456	Empty	1125	77	B01
1457	Empty	1125	78	B02
1458	Empty	1125	79	B03
1459	Empty	1125	80	B04
1460	Empty	1125	81	B05
1461	Empty	1126	82	A01
1462	Empty	1126	83	A02
1463	Empty	1126	84	A03
1464	Empty	1126	85	A04
1465	Empty	1126	86	A05
1466	Empty	1126	87	B01
1467	Empty	1126	88	B02
1468	Empty	1126	89	B03
1469	Empty	1126	90	B04
1470	Empty	1126	91	B05
1471	Empty	1127	92	A01
1472	Empty	1127	93	A02
1473	Empty	1127	94	A03
1474	Empty	1127	95	A04
1475	Empty	1127	96	A05
1476	Empty	1127	97	B01
1477	Empty	1127	98	B02
1478	Empty	1127	99	B03
1479	Empty	1127	100	B04
1480	Empty	1127	101	B05
1481	Empty	1128	102	A01
1482	Empty	1128	103	A02
1483	Empty	1128	104	A03
1484	Empty	1128	105	A04
1485	Empty	1128	106	A05
1486	Empty	1128	107	B01
1487	Empty	1128	108	B02
1488	Empty	1128	109	B03
1489	Empty	1128	110	B04
1490	Empty	1128	111	B05
1491	Empty	1129	112	A01
1492	Empty	1129	113	A02
1493	Empty	1129	114	A03
1494	Empty	1129	115	A04
1495	Empty	1129	116	A05
1496	Empty	1129	117	B01
1497	Empty	1129	118	B02
1498	Empty	1129	119	B03
1499	Empty	1129	120	B04
1500	Empty	1129	121	B05
1501	Empty	1130	22	A01
1502	Empty	1130	23	A02
1503	Empty	1130	24	A03
1504	Empty	1130	25	A04
1505	Empty	1130	26	A05
1506	Empty	1130	27	B01
1507	Empty	1130	28	B02
1508	Empty	1130	29	B03
1509	Empty	1130	30	B04
1510	Empty	1130	31	B05
1511	Empty	1131	12	A01
1512	Empty	1131	13	A02
1513	Empty	1131	14	A03
1514	Empty	1131	15	A04
1515	Empty	1131	16	A05
1516	Empty	1131	17	B01
1517	Empty	1131	18	B02
1518	Empty	1131	19	B03
1519	Empty	1131	20	B04
1520	Empty	1131	21	B05
1521	Empty	1132	32	A01
1522	Empty	1132	33	A02
1523	Empty	1132	34	A03
1524	Empty	1132	35	A04
1525	Empty	1132	36	A05
1526	Empty	1132	37	B01
1527	Empty	1132	38	B02
1528	Empty	1132	39	B03
1529	Empty	1132	40	B04
1530	Empty	1132	41	B05
1531	Empty	1133	42	A01
1532	Empty	1133	43	A02
1533	Empty	1133	44	A03
1534	Empty	1133	45	A04
1535	Empty	1133	46	A05
1536	Empty	1133	47	B01
1537	Empty	1133	48	B02
1538	Empty	1133	49	B03
1539	Empty	1133	50	B04
1540	Empty	1133	51	B05
1541	Empty	1134	52	A01
1542	Empty	1134	53	A02
1543	Empty	1134	54	A03
1544	Empty	1134	55	A04
1545	Empty	1134	56	A05
1546	Empty	1134	57	B01
1547	Empty	1134	58	B02
1548	Empty	1134	59	B03
1549	Empty	1134	60	B04
1550	Empty	1134	61	B05
1551	Empty	1135	62	A01
1552	Empty	1135	63	A02
1553	Empty	1135	64	A03
1554	Empty	1135	65	A04
1555	Empty	1135	66	A05
1556	Empty	1135	67	B01
1557	Empty	1135	68	B02
1558	Empty	1135	69	B03
1559	Empty	1135	70	B04
1560	Empty	1135	71	B05
1561	Empty	1136	2	A01
1562	Empty	1136	3	A02
1563	Empty	1136	4	A03
1564	Empty	1136	5	A04
1565	Empty	1136	6	A05
1566	Empty	1136	7	B01
1567	Empty	1136	8	B02
1568	Empty	1136	9	B03
1569	Empty	1136	10	B04
1570	Empty	1136	11	B05
1571	Empty	1137	72	A01
1572	Empty	1137	73	A02
1573	Empty	1137	74	A03
1574	Empty	1137	75	A04
1575	Empty	1137	76	A05
1576	Empty	1137	77	B01
1577	Empty	1137	78	B02
1578	Empty	1137	79	B03
1579	Empty	1137	80	B04
1580	Empty	1137	81	B05
1581	Empty	1138	82	A01
1582	Empty	1138	83	A02
1583	Empty	1138	84	A03
1584	Empty	1138	85	A04
1585	Empty	1138	86	A05
1586	Empty	1138	87	B01
1587	Empty	1138	88	B02
1588	Empty	1138	89	B03
1589	Empty	1138	90	B04
1590	Empty	1138	91	B05
1591	Empty	1139	92	A01
1592	Empty	1139	93	A02
1593	Empty	1139	94	A03
1594	Empty	1139	95	A04
1595	Empty	1139	96	A05
1596	Empty	1139	97	B01
1597	Empty	1139	98	B02
1598	Empty	1139	99	B03
1599	Empty	1139	100	B04
1600	Empty	1139	101	B05
1601	Empty	1140	102	A01
1602	Empty	1140	103	A02
1603	Empty	1140	104	A03
1604	Empty	1140	105	A04
1605	Empty	1140	106	A05
1606	Empty	1140	107	B01
1607	Empty	1140	108	B02
1608	Empty	1140	109	B03
1609	Empty	1140	110	B04
1610	Empty	1140	111	B05
1611	Empty	1141	112	A01
1612	Empty	1141	113	A02
1613	Empty	1141	114	A03
1614	Empty	1141	115	A04
1615	Empty	1141	116	A05
1616	Empty	1141	117	B01
1617	Empty	1141	118	B02
1618	Empty	1141	119	B03
1619	Empty	1141	120	B04
1620	Empty	1141	121	B05
1621	Empty	1142	22	A01
1622	Empty	1142	23	A02
1623	Empty	1142	24	A03
1624	Empty	1142	25	A04
1625	Empty	1142	26	A05
1626	Empty	1142	27	B01
1627	Empty	1142	28	B02
1628	Empty	1142	29	B03
1629	Empty	1142	30	B04
1630	Empty	1142	31	B05
1631	Empty	1143	12	A01
1632	Empty	1143	13	A02
1633	Empty	1143	14	A03
1634	Empty	1143	15	A04
1635	Empty	1143	16	A05
1636	Empty	1143	17	B01
1637	Empty	1143	18	B02
1638	Empty	1143	19	B03
1639	Empty	1143	20	B04
1640	Empty	1143	21	B05
1641	Empty	1144	32	A01
1642	Empty	1144	33	A02
1643	Empty	1144	34	A03
1644	Empty	1144	35	A04
1645	Empty	1144	36	A05
1646	Empty	1144	37	B01
1647	Empty	1144	38	B02
1648	Empty	1144	39	B03
1649	Empty	1144	40	B04
1650	Empty	1144	41	B05
1651	Empty	1145	42	A01
1652	Empty	1145	43	A02
1653	Empty	1145	44	A03
1654	Empty	1145	45	A04
1655	Empty	1145	46	A05
1656	Empty	1145	47	B01
1657	Empty	1145	48	B02
1658	Empty	1145	49	B03
1659	Empty	1145	50	B04
1660	Empty	1145	51	B05
1661	Empty	1146	52	A01
1662	Empty	1146	53	A02
1663	Empty	1146	54	A03
1664	Empty	1146	55	A04
1665	Empty	1146	56	A05
1666	Empty	1146	57	B01
1667	Empty	1146	58	B02
1668	Empty	1146	59	B03
1669	Empty	1146	60	B04
1670	Empty	1146	61	B05
1671	Empty	1147	62	A01
1672	Empty	1147	63	A02
1673	Empty	1147	64	A03
1674	Empty	1147	65	A04
1675	Empty	1147	66	A05
1676	Empty	1147	67	B01
1677	Empty	1147	68	B02
1678	Empty	1147	69	B03
1679	Empty	1147	70	B04
1680	Empty	1147	71	B05
1681	Empty	1148	2	A01
1682	Empty	1148	3	A02
1683	Empty	1148	4	A03
1684	Empty	1148	5	A04
1685	Empty	1148	6	A05
1686	Empty	1148	7	B01
1687	Empty	1148	8	B02
1688	Empty	1148	9	B03
1689	Empty	1148	10	B04
1690	Empty	1148	11	B05
1691	Empty	1149	72	A01
1692	Empty	1149	73	A02
1693	Empty	1149	74	A03
1694	Empty	1149	75	A04
1695	Empty	1149	76	A05
1696	Empty	1149	77	B01
1697	Empty	1149	78	B02
1698	Empty	1149	79	B03
1699	Empty	1149	80	B04
1700	Empty	1149	81	B05
1701	Empty	1150	82	A01
1702	Empty	1150	83	A02
1703	Empty	1150	84	A03
1704	Empty	1150	85	A04
1705	Empty	1150	86	A05
1706	Empty	1150	87	B01
1707	Empty	1150	88	B02
1708	Empty	1150	89	B03
1709	Empty	1150	90	B04
1710	Empty	1150	91	B05
1711	Empty	1151	92	A01
1712	Empty	1151	93	A02
1713	Empty	1151	94	A03
1714	Empty	1151	95	A04
1715	Empty	1151	96	A05
1716	Empty	1151	97	B01
1717	Empty	1151	98	B02
1718	Empty	1151	99	B03
1719	Empty	1151	100	B04
1720	Empty	1151	101	B05
1721	Empty	1152	102	A01
1722	Empty	1152	103	A02
1723	Empty	1152	104	A03
1724	Empty	1152	105	A04
1725	Empty	1152	106	A05
1726	Empty	1152	107	B01
1727	Empty	1152	108	B02
1728	Empty	1152	109	B03
1729	Empty	1152	110	B04
1730	Empty	1152	111	B05
1731	Empty	1153	112	A01
1732	Empty	1153	113	A02
1733	Empty	1153	114	A03
1734	Empty	1153	115	A04
1735	Empty	1153	116	A05
1736	Empty	1153	117	B01
1737	Empty	1153	118	B02
1738	Empty	1153	119	B03
1739	Empty	1153	120	B04
1740	Empty	1153	121	B05
1741	Empty	1154	22	A01
1742	Empty	1154	23	A02
1743	Empty	1154	24	A03
1744	Empty	1154	25	A04
1745	Empty	1154	26	A05
1746	Empty	1154	27	B01
1747	Empty	1154	28	B02
1748	Empty	1154	29	B03
1749	Empty	1154	30	B04
1750	Empty	1154	31	B05
1751	Empty	1155	12	A01
1752	Empty	1155	13	A02
1753	Empty	1155	14	A03
1754	Empty	1155	15	A04
1755	Empty	1155	16	A05
1756	Empty	1155	17	B01
1757	Empty	1155	18	B02
1758	Empty	1155	19	B03
1759	Empty	1155	20	B04
1760	Empty	1155	21	B05
1761	Empty	1156	32	A01
1762	Empty	1156	33	A02
1763	Empty	1156	34	A03
1764	Empty	1156	35	A04
1765	Empty	1156	36	A05
1766	Empty	1156	37	B01
1767	Empty	1156	38	B02
1768	Empty	1156	39	B03
1769	Empty	1156	40	B04
1770	Empty	1156	41	B05
1771	Empty	1157	42	A01
1772	Empty	1157	43	A02
1773	Empty	1157	44	A03
1774	Empty	1157	45	A04
1775	Empty	1157	46	A05
1776	Empty	1157	47	B01
1777	Empty	1157	48	B02
1778	Empty	1157	49	B03
1779	Empty	1157	50	B04
1780	Empty	1157	51	B05
1781	Empty	1158	52	A01
1782	Empty	1158	53	A02
1783	Empty	1158	54	A03
1784	Empty	1158	55	A04
1785	Empty	1158	56	A05
1786	Empty	1158	57	B01
1787	Empty	1158	58	B02
1788	Empty	1158	59	B03
1789	Empty	1158	60	B04
1790	Empty	1158	61	B05
1791	Empty	1159	62	A01
1792	Empty	1159	63	A02
1793	Empty	1159	64	A03
1794	Empty	1159	65	A04
1795	Empty	1159	66	A05
1796	Empty	1159	67	B01
1797	Empty	1159	68	B02
1798	Empty	1159	69	B03
1799	Empty	1159	70	B04
1800	Empty	1159	71	B05
1801	Empty	1160	2	A01
1802	Empty	1160	3	A02
1803	Empty	1160	4	A03
1804	Empty	1160	5	A04
1805	Empty	1160	6	A05
1806	Empty	1160	7	B01
1807	Empty	1160	8	B02
1808	Empty	1160	9	B03
1809	Empty	1160	10	B04
1810	Empty	1160	11	B05
1811	Empty	1161	72	A01
1812	Empty	1161	73	A02
1813	Empty	1161	74	A03
1814	Empty	1161	75	A04
1815	Empty	1161	76	A05
1816	Empty	1161	77	B01
1817	Empty	1161	78	B02
1818	Empty	1161	79	B03
1819	Empty	1161	80	B04
1820	Empty	1161	81	B05
1821	Empty	1162	82	A01
1822	Empty	1162	83	A02
1823	Empty	1162	84	A03
1824	Empty	1162	85	A04
1825	Empty	1162	86	A05
1826	Empty	1162	87	B01
1827	Empty	1162	88	B02
1828	Empty	1162	89	B03
1829	Empty	1162	90	B04
1830	Empty	1162	91	B05
1831	Empty	1163	92	A01
1832	Empty	1163	93	A02
1833	Empty	1163	94	A03
1834	Empty	1163	95	A04
1835	Empty	1163	96	A05
1836	Empty	1163	97	B01
1837	Empty	1163	98	B02
1838	Empty	1163	99	B03
1839	Empty	1163	100	B04
1840	Empty	1163	101	B05
1841	Empty	1164	102	A01
1842	Empty	1164	103	A02
1843	Empty	1164	104	A03
1844	Empty	1164	105	A04
1845	Empty	1164	106	A05
1846	Empty	1164	107	B01
1847	Empty	1164	108	B02
1848	Empty	1164	109	B03
1849	Empty	1164	110	B04
1850	Empty	1164	111	B05
1851	Empty	1165	112	A01
1852	Empty	1165	113	A02
1853	Empty	1165	114	A03
1854	Empty	1165	115	A04
1855	Empty	1165	116	A05
1856	Empty	1165	117	B01
1857	Empty	1165	118	B02
1858	Empty	1165	119	B03
1859	Empty	1165	120	B04
1860	Empty	1165	121	B05
1861	Empty	1166	22	A01
1862	Empty	1166	23	A02
1863	Empty	1166	24	A03
1864	Empty	1166	25	A04
1865	Empty	1166	26	A05
1866	Empty	1166	27	B01
1867	Empty	1166	28	B02
1868	Empty	1166	29	B03
1869	Empty	1166	30	B04
1870	Empty	1166	31	B05
1871	Empty	1167	12	A01
1872	Empty	1167	13	A02
1873	Empty	1167	14	A03
1874	Empty	1167	15	A04
1875	Empty	1167	16	A05
1876	Empty	1167	17	B01
1877	Empty	1167	18	B02
1878	Empty	1167	19	B03
1879	Empty	1167	20	B04
1880	Empty	1167	21	B05
1881	Empty	1168	32	A01
1882	Empty	1168	33	A02
1883	Empty	1168	34	A03
1884	Empty	1168	35	A04
1885	Empty	1168	36	A05
1886	Empty	1168	37	B01
1887	Empty	1168	38	B02
1888	Empty	1168	39	B03
1889	Empty	1168	40	B04
1890	Empty	1168	41	B05
1891	Empty	1169	42	A01
1892	Empty	1169	43	A02
1893	Empty	1169	44	A03
1894	Empty	1169	45	A04
1895	Empty	1169	46	A05
1896	Empty	1169	47	B01
1897	Empty	1169	48	B02
1898	Empty	1169	49	B03
1899	Empty	1169	50	B04
1900	Empty	1169	51	B05
1901	Empty	1170	52	A01
1902	Empty	1170	53	A02
1903	Empty	1170	54	A03
1904	Empty	1170	55	A04
1905	Empty	1170	56	A05
1906	Empty	1170	57	B01
1907	Empty	1170	58	B02
1908	Empty	1170	59	B03
1909	Empty	1170	60	B04
1910	Empty	1170	61	B05
1911	Empty	1171	62	A01
1912	Empty	1171	63	A02
1913	Empty	1171	64	A03
1914	Empty	1171	65	A04
1915	Empty	1171	66	A05
1916	Empty	1171	67	B01
1917	Empty	1171	68	B02
1918	Empty	1171	69	B03
1919	Empty	1171	70	B04
1920	Empty	1171	71	B05
1921	Empty	1172	2	A01
1922	Empty	1172	3	A02
1923	Empty	1172	4	A03
1924	Empty	1172	5	A04
1925	Empty	1172	6	A05
1926	Empty	1172	7	B01
1927	Empty	1172	8	B02
1928	Empty	1172	9	B03
1929	Empty	1172	10	B04
1930	Empty	1172	11	B05
1931	Empty	1173	72	A01
1932	Empty	1173	73	A02
1933	Empty	1173	74	A03
1934	Empty	1173	75	A04
1935	Empty	1173	76	A05
1936	Empty	1173	77	B01
1937	Empty	1173	78	B02
1938	Empty	1173	79	B03
1939	Empty	1173	80	B04
1940	Empty	1173	81	B05
1941	Empty	1174	82	A01
1942	Empty	1174	83	A02
1943	Empty	1174	84	A03
1944	Empty	1174	85	A04
1945	Empty	1174	86	A05
1946	Empty	1174	87	B01
1947	Empty	1174	88	B02
1948	Empty	1174	89	B03
1949	Empty	1174	90	B04
1950	Empty	1174	91	B05
1951	Empty	1175	92	A01
1952	Empty	1175	93	A02
1953	Empty	1175	94	A03
1954	Empty	1175	95	A04
1955	Empty	1175	96	A05
1956	Empty	1175	97	B01
1957	Empty	1175	98	B02
1958	Empty	1175	99	B03
1959	Empty	1175	100	B04
1960	Empty	1175	101	B05
1961	Empty	1176	102	A01
1962	Empty	1176	103	A02
1963	Empty	1176	104	A03
1964	Empty	1176	105	A04
1965	Empty	1176	106	A05
1966	Empty	1176	107	B01
1967	Empty	1176	108	B02
1968	Empty	1176	109	B03
1969	Empty	1176	110	B04
1970	Empty	1176	111	B05
1971	Empty	1177	112	A01
1972	Empty	1177	113	A02
1973	Empty	1177	114	A03
1974	Empty	1177	115	A04
1975	Empty	1177	116	A05
1976	Empty	1177	117	B01
1977	Empty	1177	118	B02
1978	Empty	1177	119	B03
1979	Empty	1177	120	B04
1980	Empty	1177	121	B05
1981	Empty	1178	22	A01
1982	Empty	1178	23	A02
1983	Empty	1178	24	A03
1984	Empty	1178	25	A04
1985	Empty	1178	26	A05
1986	Empty	1178	27	B01
1987	Empty	1178	28	B02
1988	Empty	1178	29	B03
1989	Empty	1178	30	B04
1990	Empty	1178	31	B05
1991	Empty	1179	242	A01
1992	Empty	1179	243	A02
1993	Empty	1179	244	A03
1994	Empty	1179	245	A04
1995	Empty	1179	246	A05
1996	Empty	1179	247	B01
1997	Empty	1179	248	B02
1998	Empty	1179	249	B03
1999	Empty	1179	250	B04
2000	Empty	1179	251	B05
2001	Empty	1180	272	A01
2002	Empty	1180	273	A02
2003	Empty	1180	274	A03
2004	Empty	1180	275	A04
2005	Empty	1180	276	A05
2006	Empty	1180	277	B01
2007	Empty	1180	278	B02
2008	Empty	1180	279	B03
2009	Empty	1180	280	B04
2010	Empty	1180	281	B05
2011	Empty	1181	292	A01
2012	Empty	1181	293	A02
2013	Empty	1181	294	A03
2014	Empty	1181	295	A04
2015	Empty	1181	296	A05
2016	Empty	1181	297	B01
2017	Empty	1181	298	B02
2018	Empty	1181	299	B03
2019	Empty	1181	300	B04
2020	Empty	1181	301	B05
2021	Empty	1182	312	A01
2022	Empty	1182	313	A02
2023	Empty	1182	314	A03
2024	Empty	1182	315	A04
2025	Empty	1182	316	A05
2026	Empty	1182	317	B01
2027	Empty	1182	318	B02
2028	Empty	1182	319	B03
2029	Empty	1182	320	B04
2030	Empty	1182	321	B05
2031	Empty	1183	332	A01
2032	Empty	1183	333	A02
2033	Empty	1183	334	A03
2034	Empty	1183	335	A04
2035	Empty	1183	336	A05
2036	Empty	1183	337	B01
2037	Empty	1183	338	B02
2038	Empty	1183	339	B03
2039	Empty	1183	340	B04
2040	Empty	1183	341	B05
2041	Empty	1184	352	A01
2042	Empty	1184	353	A02
2043	Empty	1184	354	A03
2044	Empty	1184	355	A04
2045	Empty	1184	356	A05
2046	Empty	1184	357	B01
2047	Empty	1184	358	B02
2048	Empty	1184	359	B03
2049	Empty	1184	360	B04
2050	Empty	1184	361	B05
2051	Empty	1185	252	A01
2052	Empty	1185	253	A02
2053	Empty	1185	254	A03
2054	Empty	1185	255	A04
2055	Empty	1185	256	A05
2056	Empty	1185	257	B01
2057	Empty	1185	258	B02
2058	Empty	1185	259	B03
2059	Empty	1185	260	B04
2060	Empty	1185	261	B05
2061	Empty	1186	262	A01
2062	Empty	1186	263	A02
2063	Empty	1186	264	A03
2064	Empty	1186	265	A04
2065	Empty	1186	266	A05
2066	Empty	1186	267	B01
2067	Empty	1186	268	B02
2068	Empty	1186	269	B03
2069	Empty	1186	270	B04
2070	Empty	1186	271	B05
2071	Empty	1187	282	A01
2072	Empty	1187	283	A02
2073	Empty	1187	284	A03
2074	Empty	1187	285	A04
2075	Empty	1187	286	A05
2076	Empty	1187	287	B01
2077	Empty	1187	288	B02
2078	Empty	1187	289	B03
2079	Empty	1187	290	B04
2080	Empty	1187	291	B05
2081	Empty	1188	302	A01
2082	Empty	1188	303	A02
2083	Empty	1188	304	A03
2084	Empty	1188	305	A04
2085	Empty	1188	306	A05
2086	Empty	1188	307	B01
2087	Empty	1188	308	B02
2088	Empty	1188	309	B03
2089	Empty	1188	310	B04
2090	Empty	1188	311	B05
2091	Empty	1189	322	A01
2092	Empty	1189	323	A02
2093	Empty	1189	324	A03
2094	Empty	1189	325	A04
2095	Empty	1189	326	A05
2096	Empty	1189	327	B01
2097	Empty	1189	328	B02
2098	Empty	1189	329	B03
2099	Empty	1189	330	B04
2100	Empty	1189	331	B05
2101	Empty	1190	342	A01
2102	Empty	1190	343	A02
2103	Empty	1190	344	A03
2104	Empty	1190	345	A04
2105	Empty	1190	346	A05
2106	Empty	1190	347	B01
2107	Empty	1190	348	B02
2108	Empty	1190	349	B03
2109	Empty	1190	350	B04
2110	Empty	1190	351	B05
2111	Empty	1191	242	A01
2112	Empty	1191	243	A02
2113	Empty	1191	244	A03
2114	Empty	1191	245	A04
2115	Empty	1191	246	A05
2116	Empty	1191	247	B01
2117	Empty	1191	248	B02
2118	Empty	1191	249	B03
2119	Empty	1191	250	B04
2120	Empty	1191	251	B05
2121	Empty	1192	272	A01
2122	Empty	1192	273	A02
2123	Empty	1192	274	A03
2124	Empty	1192	275	A04
2125	Empty	1192	276	A05
2126	Empty	1192	277	B01
2127	Empty	1192	278	B02
2128	Empty	1192	279	B03
2129	Empty	1192	280	B04
2130	Empty	1192	281	B05
2131	Empty	1193	292	A01
2132	Empty	1193	293	A02
2133	Empty	1193	294	A03
2134	Empty	1193	295	A04
2135	Empty	1193	296	A05
2136	Empty	1193	297	B01
2137	Empty	1193	298	B02
2138	Empty	1193	299	B03
2139	Empty	1193	300	B04
2140	Empty	1193	301	B05
2141	Empty	1194	312	A01
2142	Empty	1194	313	A02
2143	Empty	1194	314	A03
2144	Empty	1194	315	A04
2145	Empty	1194	316	A05
2146	Empty	1194	317	B01
2147	Empty	1194	318	B02
2148	Empty	1194	319	B03
2149	Empty	1194	320	B04
2150	Empty	1194	321	B05
2151	Empty	1195	332	A01
2152	Empty	1195	333	A02
2153	Empty	1195	334	A03
2154	Empty	1195	335	A04
2155	Empty	1195	336	A05
2156	Empty	1195	337	B01
2157	Empty	1195	338	B02
2158	Empty	1195	339	B03
2159	Empty	1195	340	B04
2160	Empty	1195	341	B05
2161	Empty	1196	352	A01
2162	Empty	1196	353	A02
2163	Empty	1196	354	A03
2164	Empty	1196	355	A04
2165	Empty	1196	356	A05
2166	Empty	1196	357	B01
2167	Empty	1196	358	B02
2168	Empty	1196	359	B03
2169	Empty	1196	360	B04
2170	Empty	1196	361	B05
2171	Empty	1197	252	A01
2172	Empty	1197	253	A02
2173	Empty	1197	254	A03
2174	Empty	1197	255	A04
2175	Empty	1197	256	A05
2176	Empty	1197	257	B01
2177	Empty	1197	258	B02
2178	Empty	1197	259	B03
2179	Empty	1197	260	B04
2180	Empty	1197	261	B05
2181	Empty	1198	262	A01
2182	Empty	1198	263	A02
2183	Empty	1198	264	A03
2184	Empty	1198	265	A04
2185	Empty	1198	266	A05
2186	Empty	1198	267	B01
2187	Empty	1198	268	B02
2188	Empty	1198	269	B03
2189	Empty	1198	270	B04
2190	Empty	1198	271	B05
2191	Empty	1199	282	A01
2192	Empty	1199	283	A02
2193	Empty	1199	284	A03
2194	Empty	1199	285	A04
2195	Empty	1199	286	A05
2196	Empty	1199	287	B01
2197	Empty	1199	288	B02
2198	Empty	1199	289	B03
2199	Empty	1199	290	B04
2200	Empty	1199	291	B05
2201	Empty	1200	302	A01
2202	Empty	1200	303	A02
2203	Empty	1200	304	A03
2204	Empty	1200	305	A04
2205	Empty	1200	306	A05
2206	Empty	1200	307	B01
2207	Empty	1200	308	B02
2208	Empty	1200	309	B03
2209	Empty	1200	310	B04
2210	Empty	1200	311	B05
2211	Empty	1201	322	A01
2212	Empty	1201	323	A02
2213	Empty	1201	324	A03
2214	Empty	1201	325	A04
2215	Empty	1201	326	A05
2216	Empty	1201	327	B01
2217	Empty	1201	328	B02
2218	Empty	1201	329	B03
2219	Empty	1201	330	B04
2220	Empty	1201	331	B05
2221	Empty	1202	342	A01
2222	Empty	1202	343	A02
2223	Empty	1202	344	A03
2224	Empty	1202	345	A04
2225	Empty	1202	346	A05
2226	Empty	1202	347	B01
2227	Empty	1202	348	B02
2228	Empty	1202	349	B03
2229	Empty	1202	350	B04
2230	Empty	1202	351	B05
2234	Empty	1203	245	A04
2235	Empty	1203	246	A05
2236	Empty	1203	247	B01
2237	Empty	1203	248	B02
2238	Empty	1203	249	B03
2239	Empty	1203	250	B04
2240	Empty	1203	251	B05
2241	Empty	1204	272	A01
2242	Empty	1204	273	A02
2243	Empty	1204	274	A03
2244	Empty	1204	275	A04
2245	Empty	1204	276	A05
2246	Empty	1204	277	B01
2247	Empty	1204	278	B02
2248	Empty	1204	279	B03
2249	Empty	1204	280	B04
2250	Empty	1204	281	B05
2251	Empty	1205	292	A01
2252	Empty	1205	293	A02
2253	Empty	1205	294	A03
2254	Empty	1205	295	A04
2255	Empty	1205	296	A05
2256	Empty	1205	297	B01
2257	Empty	1205	298	B02
2258	Empty	1205	299	B03
2259	Empty	1205	300	B04
2260	Empty	1205	301	B05
2261	Empty	1206	312	A01
2262	Empty	1206	313	A02
2263	Empty	1206	314	A03
2264	Empty	1206	315	A04
2265	Empty	1206	316	A05
2266	Empty	1206	317	B01
2267	Empty	1206	318	B02
2268	Empty	1206	319	B03
2269	Empty	1206	320	B04
2270	Empty	1206	321	B05
2271	Empty	1207	332	A01
2272	Empty	1207	333	A02
2273	Empty	1207	334	A03
2274	Empty	1207	335	A04
2275	Empty	1207	336	A05
2276	Empty	1207	337	B01
2277	Empty	1207	338	B02
2278	Empty	1207	339	B03
2279	Empty	1207	340	B04
2280	Empty	1207	341	B05
2281	Empty	1208	352	A01
2282	Empty	1208	353	A02
2283	Empty	1208	354	A03
2284	Empty	1208	355	A04
2285	Empty	1208	356	A05
2286	Empty	1208	357	B01
2287	Empty	1208	358	B02
2288	Empty	1208	359	B03
2289	Empty	1208	360	B04
2290	Empty	1208	361	B05
2291	Empty	1209	252	A01
2292	Empty	1209	253	A02
2293	Empty	1209	254	A03
2294	Empty	1209	255	A04
2295	Empty	1209	256	A05
2296	Empty	1209	257	B01
2297	Empty	1209	258	B02
2298	Empty	1209	259	B03
2299	Empty	1209	260	B04
2300	Empty	1209	261	B05
2301	Empty	1210	262	A01
2302	Empty	1210	263	A02
2303	Empty	1210	264	A03
2304	Empty	1210	265	A04
2305	Empty	1210	266	A05
2306	Empty	1210	267	B01
2307	Empty	1210	268	B02
2308	Empty	1210	269	B03
2309	Empty	1210	270	B04
2310	Empty	1210	271	B05
2311	Empty	1211	282	A01
2312	Empty	1211	283	A02
2313	Empty	1211	284	A03
2314	Empty	1211	285	A04
2315	Empty	1211	286	A05
2316	Empty	1211	287	B01
2317	Empty	1211	288	B02
2318	Empty	1211	289	B03
2319	Empty	1211	290	B04
2320	Empty	1211	291	B05
2321	Empty	1212	302	A01
2322	Empty	1212	303	A02
2323	Empty	1212	304	A03
2324	Empty	1212	305	A04
2325	Empty	1212	306	A05
2326	Empty	1212	307	B01
2327	Empty	1212	308	B02
2328	Empty	1212	309	B03
2329	Empty	1212	310	B04
2330	Empty	1212	311	B05
2335	Empty	1213	326	A05
2336	Empty	1213	327	B01
2337	Empty	1213	328	B02
2338	Empty	1213	329	B03
2339	Empty	1213	330	B04
2340	Empty	1213	331	B05
2341	Empty	1214	342	A01
2342	Empty	1214	343	A02
2343	Empty	1214	344	A03
2344	Empty	1214	345	A04
2345	Empty	1214	346	A05
2346	Empty	1214	347	B01
2347	Empty	1214	348	B02
2348	Empty	1214	349	B03
2349	Empty	1214	350	B04
2350	Empty	1214	351	B05
2351	Empty	1215	242	A01
2352	Empty	1215	243	A02
2353	Empty	1215	244	A03
2354	Empty	1215	245	A04
2355	Empty	1215	246	A05
2356	Empty	1215	247	B01
2357	Empty	1215	248	B02
2358	Empty	1215	249	B03
2359	Empty	1215	250	B04
2360	Empty	1215	251	B05
2361	Empty	1216	272	A01
2362	Empty	1216	273	A02
2363	Empty	1216	274	A03
2364	Empty	1216	275	A04
2365	Empty	1216	276	A05
2366	Empty	1216	277	B01
2367	Empty	1216	278	B02
2368	Empty	1216	279	B03
2369	Empty	1216	280	B04
2370	Empty	1216	281	B05
2371	Empty	1217	292	A01
2372	Empty	1217	293	A02
2373	Empty	1217	294	A03
2374	Empty	1217	295	A04
2375	Empty	1217	296	A05
2376	Empty	1217	297	B01
2377	Empty	1217	298	B02
2378	Empty	1217	299	B03
2379	Empty	1217	300	B04
2380	Empty	1217	301	B05
2381	Empty	1218	312	A01
2382	Empty	1218	313	A02
2383	Empty	1218	314	A03
2384	Empty	1218	315	A04
2385	Empty	1218	316	A05
2386	Empty	1218	317	B01
2387	Empty	1218	318	B02
2388	Empty	1218	319	B03
2389	Empty	1218	320	B04
2390	Empty	1218	321	B05
2391	Empty	1219	332	A01
2392	Empty	1219	333	A02
2393	Empty	1219	334	A03
2394	Empty	1219	335	A04
2395	Empty	1219	336	A05
2396	Empty	1219	337	B01
2397	Empty	1219	338	B02
2398	Empty	1219	339	B03
2399	Empty	1219	340	B04
2400	Empty	1219	341	B05
2401	Empty	1220	352	A01
2402	Empty	1220	353	A02
2403	Empty	1220	354	A03
2404	Empty	1220	355	A04
2405	Empty	1220	356	A05
2406	Empty	1220	357	B01
2407	Empty	1220	358	B02
2408	Empty	1220	359	B03
2409	Empty	1220	360	B04
2410	Empty	1220	361	B05
2411	Empty	1221	252	A01
2412	Empty	1221	253	A02
2413	Empty	1221	254	A03
2414	Empty	1221	255	A04
2415	Empty	1221	256	A05
2416	Empty	1221	257	B01
2417	Empty	1221	258	B02
2418	Empty	1221	259	B03
2419	Empty	1221	260	B04
2420	Empty	1221	261	B05
2421	Empty	1222	262	A01
2422	Empty	1222	263	A02
2423	Empty	1222	264	A03
2424	Empty	1222	265	A04
2425	Empty	1222	266	A05
2426	Empty	1222	267	B01
2427	Empty	1222	268	B02
2428	Empty	1222	269	B03
2429	Empty	1222	270	B04
2430	Empty	1222	271	B05
2431	Empty	1223	282	A01
2432	Empty	1223	283	A02
2433	Empty	1223	284	A03
2434	Empty	1223	285	A04
2435	Empty	1223	286	A05
2436	Empty	1223	287	B01
2437	Empty	1223	288	B02
2438	Empty	1223	289	B03
2439	Empty	1223	290	B04
2440	Empty	1223	291	B05
2441	Empty	1224	302	A01
2442	Empty	1224	303	A02
2443	Empty	1224	304	A03
2444	Empty	1224	305	A04
2445	Empty	1224	306	A05
2446	Empty	1224	307	B01
2447	Empty	1224	308	B02
2448	Empty	1224	309	B03
2449	Empty	1224	310	B04
2450	Empty	1224	311	B05
2451	Empty	1225	322	A01
2452	Empty	1225	323	A02
2453	Empty	1225	324	A03
2454	Empty	1225	325	A04
2455	Empty	1225	326	A05
2456	Empty	1225	327	B01
2457	Empty	1225	328	B02
2458	Empty	1225	329	B03
2459	Empty	1225	330	B04
2460	Empty	1225	331	B05
2461	Empty	1226	342	A01
2462	Empty	1226	343	A02
2463	Empty	1226	344	A03
2464	Empty	1226	345	A04
2465	Empty	1226	346	A05
2466	Empty	1226	347	B01
2467	Empty	1226	348	B02
2468	Empty	1226	349	B03
2469	Empty	1226	350	B04
2470	Empty	1226	351	B05
2471	Empty	1227	242	A01
2472	Empty	1227	243	A02
2473	Empty	1227	244	A03
2474	Empty	1227	245	A04
2475	Empty	1227	246	A05
2476	Empty	1227	247	B01
2477	Empty	1227	248	B02
2478	Empty	1227	249	B03
2479	Empty	1227	250	B04
2480	Empty	1227	251	B05
2481	Empty	1228	272	A01
2482	Empty	1228	273	A02
2483	Empty	1228	274	A03
2484	Empty	1228	275	A04
2485	Empty	1228	276	A05
2486	Empty	1228	277	B01
2487	Empty	1228	278	B02
2488	Empty	1228	279	B03
2489	Empty	1228	280	B04
2490	Empty	1228	281	B05
2491	Empty	1229	292	A01
2492	Empty	1229	293	A02
2493	Empty	1229	294	A03
2494	Empty	1229	295	A04
2495	Empty	1229	296	A05
2496	Empty	1229	297	B01
2497	Empty	1229	298	B02
2498	Empty	1229	299	B03
2499	Empty	1229	300	B04
2500	Empty	1229	301	B05
2501	Empty	1230	312	A01
2502	Empty	1230	313	A02
2503	Empty	1230	314	A03
2504	Empty	1230	315	A04
2505	Empty	1230	316	A05
2506	Empty	1230	317	B01
2507	Empty	1230	318	B02
2508	Empty	1230	319	B03
2509	Empty	1230	320	B04
2510	Empty	1230	321	B05
2511	Empty	1231	332	A01
2512	Empty	1231	333	A02
2513	Empty	1231	334	A03
2514	Empty	1231	335	A04
2515	Empty	1231	336	A05
2516	Empty	1231	337	B01
2517	Empty	1231	338	B02
2518	Empty	1231	339	B03
2519	Empty	1231	340	B04
2520	Empty	1231	341	B05
2521	Empty	1232	352	A01
2522	Empty	1232	353	A02
2523	Empty	1232	354	A03
2524	Empty	1232	355	A04
2525	Empty	1232	356	A05
2526	Empty	1232	357	B01
2527	Empty	1232	358	B02
2528	Empty	1232	359	B03
2529	Empty	1232	360	B04
2530	Empty	1232	361	B05
2531	Empty	1233	252	A01
2532	Empty	1233	253	A02
2533	Empty	1233	254	A03
2534	Empty	1233	255	A04
2535	Empty	1233	256	A05
2536	Empty	1233	257	B01
2537	Empty	1233	258	B02
2538	Empty	1233	259	B03
2539	Empty	1233	260	B04
2540	Empty	1233	261	B05
2541	Empty	1234	262	A01
2542	Empty	1234	263	A02
2543	Empty	1234	264	A03
2544	Empty	1234	265	A04
2545	Empty	1234	266	A05
2546	Empty	1234	267	B01
2547	Empty	1234	268	B02
2548	Empty	1234	269	B03
2549	Empty	1234	270	B04
2550	Empty	1234	271	B05
2551	Empty	1235	282	A01
2552	Empty	1235	283	A02
2553	Empty	1235	284	A03
2554	Empty	1235	285	A04
2555	Empty	1235	286	A05
2556	Empty	1235	287	B01
2557	Empty	1235	288	B02
2558	Empty	1235	289	B03
2559	Empty	1235	290	B04
2560	Empty	1235	291	B05
2561	Empty	1236	302	A01
2562	Empty	1236	303	A02
2563	Empty	1236	304	A03
2564	Empty	1236	305	A04
2565	Empty	1236	306	A05
2566	Empty	1236	307	B01
2567	Empty	1236	308	B02
2568	Empty	1236	309	B03
2569	Empty	1236	310	B04
2570	Empty	1236	311	B05
2574	Empty	1237	325	A04
2575	Empty	1237	326	A05
2576	Empty	1237	327	B01
2577	Empty	1237	328	B02
2578	Empty	1237	329	B03
2579	Empty	1237	330	B04
2580	Empty	1237	331	B05
2581	Empty	1238	342	A01
2582	Empty	1238	343	A02
2583	Empty	1238	344	A03
2584	Empty	1238	345	A04
2585	Empty	1238	346	A05
2586	Empty	1238	347	B01
2587	Empty	1238	348	B02
2588	Empty	1238	349	B03
2589	Empty	1238	350	B04
2590	Empty	1238	351	B05
2591	Empty	1239	272	A01
2592	Empty	1239	273	A02
2593	Empty	1239	274	A03
2594	Empty	1239	275	A04
2595	Empty	1239	276	A05
2596	Empty	1239	277	B01
2597	Empty	1239	278	B02
2598	Empty	1239	279	B03
2599	Empty	1239	280	B04
2600	Empty	1239	281	B05
2601	Empty	1240	292	A01
2602	Empty	1240	293	A02
2603	Empty	1240	294	A03
2604	Empty	1240	295	A04
2605	Empty	1240	296	A05
2606	Empty	1240	297	B01
2607	Empty	1240	298	B02
2608	Empty	1240	299	B03
2609	Empty	1240	300	B04
2610	Empty	1240	301	B05
2611	Empty	1241	312	A01
2612	Empty	1241	313	A02
2613	Empty	1241	314	A03
2614	Empty	1241	315	A04
2615	Empty	1241	316	A05
2616	Empty	1241	317	B01
2617	Empty	1241	318	B02
2618	Empty	1241	319	B03
2619	Empty	1241	320	B04
2620	Empty	1241	321	B05
2621	Empty	1242	332	A01
2622	Empty	1242	333	A02
2623	Empty	1242	334	A03
2624	Empty	1242	335	A04
2625	Empty	1242	336	A05
2626	Empty	1242	337	B01
2627	Empty	1242	338	B02
2628	Empty	1242	339	B03
2629	Empty	1242	340	B04
2630	Empty	1242	341	B05
2631	Empty	1243	352	A01
2632	Empty	1243	353	A02
2633	Empty	1243	354	A03
2634	Empty	1243	355	A04
2635	Empty	1243	356	A05
2636	Empty	1243	357	B01
2637	Empty	1243	358	B02
2638	Empty	1243	359	B03
2639	Empty	1243	360	B04
2640	Empty	1243	361	B05
2641	Empty	1244	262	A01
2642	Empty	1244	263	A02
2643	Empty	1244	264	A03
2644	Empty	1244	265	A04
2645	Empty	1244	266	A05
2646	Empty	1244	267	B01
2647	Empty	1244	268	B02
2648	Empty	1244	269	B03
2649	Empty	1244	270	B04
2650	Empty	1244	271	B05
2651	Empty	1245	282	A01
2652	Empty	1245	283	A02
2653	Empty	1245	284	A03
2654	Empty	1245	285	A04
2655	Empty	1245	286	A05
2656	Empty	1245	287	B01
2657	Empty	1245	288	B02
2658	Empty	1245	289	B03
2659	Empty	1245	290	B04
2660	Empty	1245	291	B05
2661	Empty	1246	302	A01
2662	Empty	1246	303	A02
2663	Empty	1246	304	A03
2664	Empty	1246	305	A04
2665	Empty	1246	306	A05
2666	Empty	1246	307	B01
2667	Empty	1246	308	B02
2668	Empty	1246	309	B03
2669	Empty	1246	310	B04
2670	Empty	1246	311	B05
2671	Empty	1247	122	A01
2672	Empty	1247	123	A02
2673	Empty	1247	124	A03
2674	Empty	1247	125	A04
2675	Empty	1247	126	A05
2676	Empty	1247	127	B01
2677	Empty	1247	128	B02
2678	Empty	1247	129	B03
2679	Empty	1247	130	B04
2680	Empty	1247	131	B05
2681	Empty	1248	152	A01
2682	Empty	1248	153	A02
2683	Empty	1248	154	A03
2684	Empty	1248	155	A04
2685	Empty	1248	156	A05
2686	Empty	1248	157	B01
2687	Empty	1248	158	B02
2688	Empty	1248	159	B03
2689	Empty	1248	160	B04
2690	Empty	1248	161	B05
2691	Empty	1249	172	A01
2692	Empty	1249	173	A02
2693	Empty	1249	174	A03
2694	Empty	1249	175	A04
2695	Empty	1249	176	A05
2696	Empty	1249	177	B01
2697	Empty	1249	178	B02
2698	Empty	1249	179	B03
2699	Empty	1249	180	B04
2700	Empty	1249	181	B05
2701	Empty	1250	192	A01
2702	Empty	1250	193	A02
2703	Empty	1250	194	A03
2704	Empty	1250	195	A04
2705	Empty	1250	196	A05
2706	Empty	1250	197	B01
2707	Empty	1250	198	B02
2708	Empty	1250	199	B03
2709	Empty	1250	200	B04
2710	Empty	1250	201	B05
2711	Empty	1251	212	A01
2712	Empty	1251	213	A02
2713	Empty	1251	214	A03
2714	Empty	1251	215	A04
2715	Empty	1251	216	A05
2716	Empty	1251	217	B01
2717	Empty	1251	218	B02
2718	Empty	1251	219	B03
2719	Empty	1251	220	B04
2720	Empty	1251	221	B05
2721	Empty	1252	232	A01
2722	Empty	1252	233	A02
2723	Empty	1252	234	A03
2724	Empty	1252	235	A04
2725	Empty	1252	236	A05
2726	Empty	1252	237	B01
2727	Empty	1252	238	B02
2728	Empty	1252	239	B03
2729	Empty	1252	240	B04
2730	Empty	1252	241	B05
2731	Empty	1253	132	A01
2732	Empty	1253	133	A02
2733	Empty	1253	134	A03
2734	Empty	1253	135	A04
2735	Empty	1253	136	A05
2736	Empty	1253	137	B01
2737	Empty	1253	138	B02
2738	Empty	1253	139	B03
2739	Empty	1253	140	B04
2740	Empty	1253	141	B05
2741	Empty	1254	142	A01
2742	Empty	1254	143	A02
2743	Empty	1254	144	A03
2744	Empty	1254	145	A04
2745	Empty	1254	146	A05
2746	Empty	1254	147	B01
2747	Empty	1254	148	B02
2748	Empty	1254	149	B03
2749	Empty	1254	150	B04
2750	Empty	1254	151	B05
2751	Empty	1255	162	A01
2752	Empty	1255	163	A02
2753	Empty	1255	164	A03
2754	Empty	1255	165	A04
2755	Empty	1255	166	A05
2756	Empty	1255	167	B01
2757	Empty	1255	168	B02
2758	Empty	1255	169	B03
2759	Empty	1255	170	B04
2760	Empty	1255	171	B05
2761	Empty	1256	182	A01
2762	Empty	1256	183	A02
2763	Empty	1256	184	A03
2764	Empty	1256	185	A04
2765	Empty	1256	186	A05
2766	Empty	1256	187	B01
2767	Empty	1256	188	B02
2768	Empty	1256	189	B03
2769	Empty	1256	190	B04
2770	Empty	1256	191	B05
2771	Empty	1257	202	A01
2772	Empty	1257	203	A02
2773	Empty	1257	204	A03
2774	Empty	1257	205	A04
2775	Empty	1257	206	A05
2776	Empty	1257	207	B01
2777	Empty	1257	208	B02
2778	Empty	1257	209	B03
2779	Empty	1257	210	B04
2780	Empty	1257	211	B05
2781	Empty	1258	222	A01
2782	Empty	1258	223	A02
2783	Empty	1258	224	A03
2784	Empty	1258	225	A04
2785	Empty	1258	226	A05
2786	Empty	1258	227	B01
2787	Empty	1258	228	B02
2788	Empty	1258	229	B03
2789	Empty	1258	230	B04
2790	Empty	1258	231	B05
2791	Empty	1259	122	A01
2792	Empty	1259	123	A02
2793	Empty	1259	124	A03
2794	Empty	1259	125	A04
2795	Empty	1259	126	A05
2796	Empty	1259	127	B01
2797	Empty	1259	128	B02
2798	Empty	1259	129	B03
2799	Empty	1259	130	B04
2800	Empty	1259	131	B05
2801	Empty	1260	152	A01
2802	Empty	1260	153	A02
2803	Empty	1260	154	A03
2804	Empty	1260	155	A04
2805	Empty	1260	156	A05
2806	Empty	1260	157	B01
2807	Empty	1260	158	B02
2808	Empty	1260	159	B03
2809	Empty	1260	160	B04
2810	Empty	1260	161	B05
2811	Empty	1261	172	A01
2812	Empty	1261	173	A02
2813	Empty	1261	174	A03
2814	Empty	1261	175	A04
2815	Empty	1261	176	A05
2816	Empty	1261	177	B01
2817	Empty	1261	178	B02
2818	Empty	1261	179	B03
2819	Empty	1261	180	B04
2820	Empty	1261	181	B05
2821	Empty	1262	192	A01
2822	Empty	1262	193	A02
2823	Empty	1262	194	A03
2824	Empty	1262	195	A04
2825	Empty	1262	196	A05
2826	Empty	1262	197	B01
2827	Empty	1262	198	B02
2828	Empty	1262	199	B03
2829	Empty	1262	200	B04
2830	Empty	1262	201	B05
2831	Empty	1263	212	A01
2832	Empty	1263	213	A02
2833	Empty	1263	214	A03
2834	Empty	1263	215	A04
2835	Empty	1263	216	A05
2836	Empty	1263	217	B01
2837	Empty	1263	218	B02
2838	Empty	1263	219	B03
2839	Empty	1263	220	B04
2840	Empty	1263	221	B05
2841	Empty	1264	232	A01
2842	Empty	1264	233	A02
2843	Empty	1264	234	A03
2844	Empty	1264	235	A04
2845	Empty	1264	236	A05
2846	Empty	1264	237	B01
2847	Empty	1264	238	B02
2848	Empty	1264	239	B03
2849	Empty	1264	240	B04
2850	Empty	1264	241	B05
2851	Empty	1265	132	A01
2852	Empty	1265	133	A02
2853	Empty	1265	134	A03
2854	Empty	1265	135	A04
2855	Empty	1265	136	A05
2856	Empty	1265	137	B01
2857	Empty	1265	138	B02
2858	Empty	1265	139	B03
2859	Empty	1265	140	B04
2860	Empty	1265	141	B05
2861	Empty	1266	142	A01
2862	Empty	1266	143	A02
2863	Empty	1266	144	A03
2864	Empty	1266	145	A04
2865	Empty	1266	146	A05
2866	Empty	1266	147	B01
2867	Empty	1266	148	B02
2868	Empty	1266	149	B03
2869	Empty	1266	150	B04
2870	Empty	1266	151	B05
2871	Empty	1267	162	A01
2872	Empty	1267	163	A02
2873	Empty	1267	164	A03
2874	Empty	1267	165	A04
2875	Empty	1267	166	A05
2876	Empty	1267	167	B01
2877	Empty	1267	168	B02
2878	Empty	1267	169	B03
2879	Empty	1267	170	B04
2880	Empty	1267	171	B05
2881	Empty	1268	182	A01
2882	Empty	1268	183	A02
2883	Empty	1268	184	A03
2884	Empty	1268	185	A04
2885	Empty	1268	186	A05
2886	Empty	1268	187	B01
2887	Empty	1268	188	B02
2888	Empty	1268	189	B03
2889	Empty	1268	190	B04
2890	Empty	1268	191	B05
2891	Empty	1269	202	A01
2892	Empty	1269	203	A02
2893	Empty	1269	204	A03
2894	Empty	1269	205	A04
2895	Empty	1269	206	A05
2896	Empty	1269	207	B01
2897	Empty	1269	208	B02
2898	Empty	1269	209	B03
2899	Empty	1269	210	B04
2900	Empty	1269	211	B05
2901	Empty	1270	222	A01
2902	Empty	1270	223	A02
2903	Empty	1270	224	A03
2904	Empty	1270	225	A04
2905	Empty	1270	226	A05
2906	Empty	1270	227	B01
2907	Empty	1270	228	B02
2908	Empty	1270	229	B03
2909	Empty	1270	230	B04
2910	Empty	1270	231	B05
2911	Empty	1271	122	A01
2912	Empty	1271	123	A02
2913	Empty	1271	124	A03
2914	Empty	1271	125	A04
2915	Empty	1271	126	A05
2916	Empty	1271	127	B01
2917	Empty	1271	128	B02
2918	Empty	1271	129	B03
2919	Empty	1271	130	B04
2920	Empty	1271	131	B05
2921	Empty	1272	152	A01
2922	Empty	1272	153	A02
2923	Empty	1272	154	A03
2924	Empty	1272	155	A04
2925	Empty	1272	156	A05
2926	Empty	1272	157	B01
2927	Empty	1272	158	B02
2928	Empty	1272	159	B03
2929	Empty	1272	160	B04
2930	Empty	1272	161	B05
2931	Empty	1273	172	A01
2932	Empty	1273	173	A02
2933	Empty	1273	174	A03
2934	Empty	1273	175	A04
2935	Empty	1273	176	A05
2936	Empty	1273	177	B01
2937	Empty	1273	178	B02
2938	Empty	1273	179	B03
2939	Empty	1273	180	B04
2940	Empty	1273	181	B05
2941	Empty	1274	192	A01
2942	Empty	1274	193	A02
2943	Empty	1274	194	A03
2944	Empty	1274	195	A04
2945	Empty	1274	196	A05
2946	Empty	1274	197	B01
2947	Empty	1274	198	B02
2948	Empty	1274	199	B03
2949	Empty	1274	200	B04
2950	Empty	1274	201	B05
2951	Empty	1275	212	A01
2952	Empty	1275	213	A02
2953	Empty	1275	214	A03
2954	Empty	1275	215	A04
2955	Empty	1275	216	A05
2956	Empty	1275	217	B01
2957	Empty	1275	218	B02
2958	Empty	1275	219	B03
2959	Empty	1275	220	B04
2960	Empty	1275	221	B05
2961	Empty	1276	232	A01
2962	Empty	1276	233	A02
2963	Empty	1276	234	A03
2964	Empty	1276	235	A04
2965	Empty	1276	236	A05
2966	Empty	1276	237	B01
2967	Empty	1276	238	B02
2968	Empty	1276	239	B03
2969	Empty	1276	240	B04
2970	Empty	1276	241	B05
2971	Empty	1277	132	A01
2972	Empty	1277	133	A02
2973	Empty	1277	134	A03
2974	Empty	1277	135	A04
2975	Empty	1277	136	A05
2976	Empty	1277	137	B01
2977	Empty	1277	138	B02
2978	Empty	1277	139	B03
2979	Empty	1277	140	B04
2980	Empty	1277	141	B05
2981	Empty	1278	142	A01
2982	Empty	1278	143	A02
2983	Empty	1278	144	A03
2984	Empty	1278	145	A04
2985	Empty	1278	146	A05
2986	Empty	1278	147	B01
2987	Empty	1278	148	B02
2988	Empty	1278	149	B03
2989	Empty	1278	150	B04
2990	Empty	1278	151	B05
2991	Empty	1279	162	A01
2992	Empty	1279	163	A02
2993	Empty	1279	164	A03
2994	Empty	1279	165	A04
2995	Empty	1279	166	A05
2996	Empty	1279	167	B01
2997	Empty	1279	168	B02
2998	Empty	1279	169	B03
2999	Empty	1279	170	B04
3000	Empty	1279	171	B05
3001	Empty	1280	182	A01
3002	Empty	1280	183	A02
3003	Empty	1280	184	A03
3004	Empty	1280	185	A04
3005	Empty	1280	186	A05
3006	Empty	1280	187	B01
3007	Empty	1280	188	B02
3008	Empty	1280	189	B03
3009	Empty	1280	190	B04
3010	Empty	1280	191	B05
3011	Empty	1281	202	A01
3012	Empty	1281	203	A02
3013	Empty	1281	204	A03
3014	Empty	1281	205	A04
3015	Empty	1281	206	A05
3016	Empty	1281	207	B01
3017	Empty	1281	208	B02
3018	Empty	1281	209	B03
3019	Empty	1281	210	B04
3020	Empty	1281	211	B05
3021	Empty	1282	222	A01
3022	Empty	1282	223	A02
3023	Empty	1282	224	A03
3024	Empty	1282	225	A04
3025	Empty	1282	226	A05
3026	Empty	1282	227	B01
3027	Empty	1282	228	B02
3028	Empty	1282	229	B03
3029	Empty	1282	230	B04
3030	Empty	1282	231	B05
3031	Empty	1283	122	A01
3032	Empty	1283	123	A02
3033	Empty	1283	124	A03
3034	Empty	1283	125	A04
3035	Empty	1283	126	A05
3036	Empty	1283	127	B01
3037	Empty	1283	128	B02
3038	Empty	1283	129	B03
3039	Empty	1283	130	B04
3040	Empty	1283	131	B05
3041	Empty	1284	152	A01
3042	Empty	1284	153	A02
3043	Empty	1284	154	A03
3044	Empty	1284	155	A04
3045	Empty	1284	156	A05
3046	Empty	1284	157	B01
3047	Empty	1284	158	B02
3048	Empty	1284	159	B03
3049	Empty	1284	160	B04
3050	Empty	1284	161	B05
3051	Empty	1285	172	A01
3052	Empty	1285	173	A02
3053	Empty	1285	174	A03
3054	Empty	1285	175	A04
3055	Empty	1285	176	A05
3056	Empty	1285	177	B01
3057	Empty	1285	178	B02
3058	Empty	1285	179	B03
3059	Empty	1285	180	B04
3060	Empty	1285	181	B05
3061	Empty	1286	192	A01
3062	Empty	1286	193	A02
3063	Empty	1286	194	A03
3064	Empty	1286	195	A04
3065	Empty	1286	196	A05
3066	Empty	1286	197	B01
3067	Empty	1286	198	B02
3068	Empty	1286	199	B03
3069	Empty	1286	200	B04
3070	Empty	1286	201	B05
3071	Empty	1287	212	A01
3072	Empty	1287	213	A02
3073	Empty	1287	214	A03
3074	Empty	1287	215	A04
3075	Empty	1287	216	A05
3076	Empty	1287	217	B01
3077	Empty	1287	218	B02
3078	Empty	1287	219	B03
3079	Empty	1287	220	B04
3080	Empty	1287	221	B05
3081	Empty	1288	232	A01
3082	Empty	1288	233	A02
3083	Empty	1288	234	A03
3084	Empty	1288	235	A04
3085	Empty	1288	236	A05
3086	Empty	1288	237	B01
3087	Empty	1288	238	B02
3088	Empty	1288	239	B03
3089	Empty	1288	240	B04
3090	Empty	1288	241	B05
3091	Empty	1289	132	A01
3092	Empty	1289	133	A02
3093	Empty	1289	134	A03
3094	Empty	1289	135	A04
3095	Empty	1289	136	A05
3096	Empty	1289	137	B01
3097	Empty	1289	138	B02
3098	Empty	1289	139	B03
3099	Empty	1289	140	B04
3100	Empty	1289	141	B05
3101	Empty	1290	142	A01
3102	Empty	1290	143	A02
3103	Empty	1290	144	A03
3104	Empty	1290	145	A04
3105	Empty	1290	146	A05
3106	Empty	1290	147	B01
3107	Empty	1290	148	B02
3108	Empty	1290	149	B03
3109	Empty	1290	150	B04
3110	Empty	1290	151	B05
3111	Empty	1291	162	A01
3112	Empty	1291	163	A02
3113	Empty	1291	164	A03
3114	Empty	1291	165	A04
3115	Empty	1291	166	A05
3116	Empty	1291	167	B01
3117	Empty	1291	168	B02
3118	Empty	1291	169	B03
3119	Empty	1291	170	B04
3120	Empty	1291	171	B05
3121	Empty	1292	182	A01
3122	Empty	1292	183	A02
3123	Empty	1292	184	A03
3124	Empty	1292	185	A04
3125	Empty	1292	186	A05
3126	Empty	1292	187	B01
3127	Empty	1292	188	B02
3128	Empty	1292	189	B03
3129	Empty	1292	190	B04
3130	Empty	1292	191	B05
3131	Empty	1293	202	A01
3132	Empty	1293	203	A02
3133	Empty	1293	204	A03
3134	Empty	1293	205	A04
3135	Empty	1293	206	A05
3136	Empty	1293	207	B01
3137	Empty	1293	208	B02
3138	Empty	1293	209	B03
3139	Empty	1293	210	B04
3140	Empty	1293	211	B05
3141	Empty	1294	222	A01
3142	Empty	1294	223	A02
3143	Empty	1294	224	A03
3144	Empty	1294	225	A04
3145	Empty	1294	226	A05
3146	Empty	1294	227	B01
3147	Empty	1294	228	B02
3148	Empty	1294	229	B03
3149	Empty	1294	230	B04
3150	Empty	1294	231	B05
3151	Empty	1295	122	A01
3152	Empty	1295	123	A02
3153	Empty	1295	124	A03
3154	Empty	1295	125	A04
3155	Empty	1295	126	A05
3156	Empty	1295	127	B01
3157	Empty	1295	128	B02
3158	Empty	1295	129	B03
3159	Empty	1295	130	B04
3160	Empty	1295	131	B05
3161	Empty	1296	152	A01
3162	Empty	1296	153	A02
3163	Empty	1296	154	A03
3164	Empty	1296	155	A04
3165	Empty	1296	156	A05
3166	Empty	1296	157	B01
3167	Empty	1296	158	B02
3168	Empty	1296	159	B03
3169	Empty	1296	160	B04
3170	Empty	1296	161	B05
3171	Empty	1297	172	A01
3172	Empty	1297	173	A02
3173	Empty	1297	174	A03
3174	Empty	1297	175	A04
3175	Empty	1297	176	A05
3176	Empty	1297	177	B01
3177	Empty	1297	178	B02
3178	Empty	1297	179	B03
3179	Empty	1297	180	B04
3180	Empty	1297	181	B05
3181	Empty	1298	192	A01
3182	Empty	1298	193	A02
3183	Empty	1298	194	A03
3184	Empty	1298	195	A04
3185	Empty	1298	196	A05
3186	Empty	1298	197	B01
3187	Empty	1298	198	B02
3188	Empty	1298	199	B03
3189	Empty	1298	200	B04
3190	Empty	1298	201	B05
3191	Empty	1299	212	A01
3192	Empty	1299	213	A02
3193	Empty	1299	214	A03
3194	Empty	1299	215	A04
3195	Empty	1299	216	A05
3196	Empty	1299	217	B01
3197	Empty	1299	218	B02
3198	Empty	1299	219	B03
3199	Empty	1299	220	B04
3200	Empty	1299	221	B05
3201	Empty	1300	232	A01
3202	Empty	1300	233	A02
3203	Empty	1300	234	A03
3204	Empty	1300	235	A04
3205	Empty	1300	236	A05
3206	Empty	1300	237	B01
3207	Empty	1300	238	B02
3208	Empty	1300	239	B03
3209	Empty	1300	240	B04
3210	Empty	1300	241	B05
3211	Empty	1301	132	A01
3212	Empty	1301	133	A02
3213	Empty	1301	134	A03
3214	Empty	1301	135	A04
3215	Empty	1301	136	A05
3216	Empty	1301	137	B01
3217	Empty	1301	138	B02
3218	Empty	1301	139	B03
3219	Empty	1301	140	B04
3220	Empty	1301	141	B05
3221	Empty	1302	142	A01
3222	Empty	1302	143	A02
3223	Empty	1302	144	A03
3224	Empty	1302	145	A04
3225	Empty	1302	146	A05
3226	Empty	1302	147	B01
3227	Empty	1302	148	B02
3228	Empty	1302	149	B03
3229	Empty	1302	150	B04
3230	Empty	1302	151	B05
3231	Empty	1303	162	A01
3232	Empty	1303	163	A02
3233	Empty	1303	164	A03
3234	Empty	1303	165	A04
3235	Empty	1303	166	A05
3236	Empty	1303	167	B01
3237	Empty	1303	168	B02
3238	Empty	1303	169	B03
3239	Empty	1303	170	B04
3240	Empty	1303	171	B05
3241	Empty	1304	182	A01
3242	Empty	1304	183	A02
3243	Empty	1304	184	A03
3244	Empty	1304	185	A04
3245	Empty	1304	186	A05
3246	Empty	1304	187	B01
3247	Empty	1304	188	B02
3248	Empty	1304	189	B03
3249	Empty	1304	190	B04
3250	Empty	1304	191	B05
3251	Empty	1305	202	A01
3252	Empty	1305	203	A02
3253	Empty	1305	204	A03
3254	Empty	1305	205	A04
3255	Empty	1305	206	A05
3256	Empty	1305	207	B01
3257	Empty	1305	208	B02
3258	Empty	1305	209	B03
3259	Empty	1305	210	B04
3260	Empty	1305	211	B05
3261	Empty	1306	222	A01
3262	Empty	1306	223	A02
3263	Empty	1306	224	A03
3264	Empty	1306	225	A04
3265	Empty	1306	226	A05
3266	Empty	1306	227	B01
3267	Empty	1306	228	B02
3268	Empty	1306	229	B03
3269	Empty	1306	230	B04
3270	Empty	1306	231	B05
3271	Empty	1307	122	A01
3272	Empty	1307	123	A02
3273	Empty	1307	124	A03
3274	Empty	1307	125	A04
3275	Empty	1307	126	A05
3276	Empty	1307	127	B01
3277	Empty	1307	128	B02
3278	Empty	1307	129	B03
3279	Empty	1307	130	B04
3280	Empty	1307	131	B05
3281	Empty	1308	152	A01
3282	Empty	1308	153	A02
3283	Empty	1308	154	A03
3284	Empty	1308	155	A04
3285	Empty	1308	156	A05
3286	Empty	1308	157	B01
3287	Empty	1308	158	B02
3288	Empty	1308	159	B03
3289	Empty	1308	160	B04
3290	Empty	1308	161	B05
3291	Empty	1309	172	A01
3292	Empty	1309	173	A02
3293	Empty	1309	174	A03
3294	Empty	1309	175	A04
3295	Empty	1309	176	A05
3296	Empty	1309	177	B01
3297	Empty	1309	178	B02
3298	Empty	1309	179	B03
3299	Empty	1309	180	B04
3300	Empty	1309	181	B05
3301	Empty	1310	192	A01
3302	Empty	1310	193	A02
3303	Empty	1310	194	A03
3304	Empty	1310	195	A04
3305	Empty	1310	196	A05
3306	Empty	1310	197	B01
3307	Empty	1310	198	B02
3308	Empty	1310	199	B03
3309	Empty	1310	200	B04
3310	Empty	1310	201	B05
3311	Empty	1311	212	A01
3312	Empty	1311	213	A02
3313	Empty	1311	214	A03
3314	Empty	1311	215	A04
3315	Empty	1311	216	A05
3316	Empty	1311	217	B01
3317	Empty	1311	218	B02
3318	Empty	1311	219	B03
3319	Empty	1311	220	B04
3320	Empty	1311	221	B05
3321	Empty	1312	232	A01
3322	Empty	1312	233	A02
3323	Empty	1312	234	A03
3324	Empty	1312	235	A04
3325	Empty	1312	236	A05
3326	Empty	1312	237	B01
3327	Empty	1312	238	B02
3328	Empty	1312	239	B03
3329	Empty	1312	240	B04
3330	Empty	1312	241	B05
3331	Empty	1313	132	A01
3332	Empty	1313	133	A02
3333	Empty	1313	134	A03
3334	Empty	1313	135	A04
3335	Empty	1313	136	A05
3336	Empty	1313	137	B01
3337	Empty	1313	138	B02
3338	Empty	1313	139	B03
3339	Empty	1313	140	B04
3340	Empty	1313	141	B05
3341	Empty	1314	142	A01
3342	Empty	1314	143	A02
3343	Empty	1314	144	A03
3344	Empty	1314	145	A04
3345	Empty	1314	146	A05
3346	Empty	1314	147	B01
3347	Empty	1314	148	B02
3348	Empty	1314	149	B03
3349	Empty	1314	150	B04
3350	Empty	1314	151	B05
3351	Empty	1315	162	A01
3352	Empty	1315	163	A02
3353	Empty	1315	164	A03
3354	Empty	1315	165	A04
3355	Empty	1315	166	A05
3356	Empty	1315	167	B01
3357	Empty	1315	168	B02
3358	Empty	1315	169	B03
3359	Empty	1315	170	B04
3360	Empty	1315	171	B05
3361	Empty	1316	182	A01
3362	Empty	1316	183	A02
3363	Empty	1316	184	A03
3364	Empty	1316	185	A04
3365	Empty	1316	186	A05
3366	Empty	1316	187	B01
3367	Empty	1316	188	B02
3368	Empty	1316	189	B03
3369	Empty	1316	190	B04
3370	Empty	1316	191	B05
3371	Empty	1317	202	A01
3372	Empty	1317	203	A02
3373	Empty	1317	204	A03
3374	Empty	1317	205	A04
3375	Empty	1317	206	A05
3376	Empty	1317	207	B01
3377	Empty	1317	208	B02
3378	Empty	1317	209	B03
3379	Empty	1317	210	B04
3380	Empty	1317	211	B05
3381	Empty	1318	222	A01
3382	Empty	1318	223	A02
3383	Empty	1318	224	A03
3384	Empty	1318	225	A04
3385	Empty	1318	226	A05
3386	Empty	1318	227	B01
3387	Empty	1318	228	B02
3388	Empty	1318	229	B03
3389	Empty	1318	230	B04
3390	Empty	1318	231	B05
3391	Empty	1319	2	\N
3392	Empty	1319	3	\N
3393	Empty	1319	4	\N
3394	Empty	1319	5	\N
3395	Empty	1319	6	\N
3396	Empty	1319	7	\N
3397	Empty	1319	8	\N
3398	Empty	1319	9	\N
3399	Empty	1319	10	\N
3400	Empty	1319	11	\N
3401	Empty	1320	2	A01
3402	Empty	1320	3	A02
3403	Empty	1320	4	A03
3404	Empty	1320	5	A04
3405	Empty	1320	6	A05
3406	Empty	1320	7	B01
3407	Empty	1320	8	B02
3408	Empty	1320	9	B03
3409	Empty	1320	10	B04
3410	Empty	1320	11	B05
3411	Empty	1320	362	A01
3412	Empty	1320	363	A02
3413	Empty	1320	364	A03
3414	Empty	1320	365	A04
3415	Empty	1320	366	A05
3416	Empty	1320	367	B01
3417	Empty	1320	368	B02
3418	Empty	1320	369	B03
3419	Empty	1320	370	B04
3420	Empty	1320	371	B05
3421	Empty	1320	362	A01
3422	Empty	1320	363	A02
3423	Empty	1320	364	A03
3424	Empty	1320	365	A04
3425	Empty	1320	366	A05
3426	Empty	1320	367	B01
3427	Empty	1320	368	B02
3428	Empty	1320	369	B03
3429	Empty	1320	370	B04
3430	Empty	1320	371	B05
3431	Empty	1320	242	A01
3432	Empty	1320	243	A02
3433	Empty	1320	244	A03
3434	Empty	1320	245	A04
3435	Empty	1320	246	A05
3436	Empty	1320	247	B01
3437	Empty	1320	248	B02
3438	Empty	1320	249	B03
3439	Empty	1320	250	B04
3440	Empty	1320	251	B05
3441	Empty	1320	242	A01
3442	Empty	1320	243	A02
3443	Empty	1320	244	A03
3444	Empty	1320	245	A04
3445	Empty	1320	246	A05
3446	Empty	1320	247	B01
3447	Empty	1320	248	B02
3448	Empty	1320	249	B03
3449	Empty	1320	250	B04
3450	Empty	1320	251	B05
81	Empty	988	362	A01
319	Empty	1011	310	B04
318	Empty	1011	309	B03
317	Empty	1011	308	B02
316	Empty	1011	307	B01
313	Empty	1011	304	A03
312	Empty	1011	303	A02
315	Empty	1011	306	A05
82	Empty	988	363	A02
311	Empty	1011	302	A01
320	Empty	1011	311	B05
681	Full	1048	382	A01
682	Full	1048	383	A02
1121	Full	1092	442	A01
1122	Full	1092	443	A02
931	Full	1073	382	A01
932	Full	1073	383	A02
9888	Empty	9999	482	A1
9889	Empty	9999	483	A2
9890	Empty	9999	484	B1
9891	Empty	9999	485	B2
9892	Empty	9999	486	C1
9893	Empty	9999	487	C2
9894	Empty	9998	482	A1
9895	Empty	9998	483	A2
9896	Empty	9998	484	B1
9897	Empty	9998	485	C1
684	Full	1048	385	A04
1002	Full	1080	443	A02
2231	Full	1203	242	A01
2232	Full	1203	243	A02
2233	Full	1203	244	A03
2571	Full	1237	322	A01
2572	Full	1237	323	A02
2573	Full	1237	324	A03
3451	Empty	11000	11000	A1
3452	Empty	11000	11001	A2
3453	Empty	11000	11002	A3
3454	Empty	11000	11003	A4
3455	Empty	11000	11004	A5
3456	Empty	11000	11005	A6
3457	Empty	11000	11006	A7
3458	Empty	11000	11007	A8
3459	Empty	11000	11008	A9
3460	Empty	11000	11009	A10
3461	Empty	11000	11010	A11
3462	Empty	11000	11011	A12
3463	Empty	11000	11012	A13
3464	Empty	11000	11013	A14
3465	Empty	11000	11014	A15
3466	Empty	11000	11015	A16
3467	Empty	11000	11016	A17
3468	Empty	11000	11017	A18
3469	Empty	11000	11018	A19
3470	Empty	11000	11019	A20
3471	Empty	11000	11020	A21
3472	Empty	11000	11021	A22
3473	Empty	11000	11022	A23
3474	Empty	11000	11023	A24
3475	Empty	11000	11024	A25
3476	Empty	11000	11025	A26
3477	Empty	11000	11026	A27
3478	Empty	11000	11027	A28
3479	Empty	11000	11028	A29
3480	Empty	11000	11029	A30
3481	Empty	11000	11030	A31
3482	Empty	11000	11031	A32
3483	Empty	11000	11032	A33
3484	Empty	11000	11033	A34
3485	Empty	11000	11034	A35
3486	Empty	11001	11035	A1
3487	Empty	11001	11036	A2
3488	Empty	11001	11037	A3
3489	Empty	11001	11038	A4
3490	Empty	11001	11039	A5
3491	Empty	11001	11040	A6
3492	Empty	11001	11041	A7
3493	Empty	11001	11042	A8
3494	Empty	11001	11043	A9
3495	Empty	11001	11044	A10
3496	Empty	11001	11045	B1
3497	Empty	11001	11046	B2
3498	Empty	11001	11047	B3
3499	Empty	11001	11048	B4
3500	Empty	11001	11049	B5
3501	Empty	11001	11050	B6
3502	Empty	11001	11051	B7
3503	Empty	11001	11052	B8
3504	Empty	11001	11053	B9
3505	Empty	11001	11054	B10
3506	Empty	11001	11055	C1
3507	Empty	11001	11056	C2
3508	Empty	11001	11057	C3
3509	Empty	11001	11058	C4
3510	Empty	11001	11059	C5
3511	Empty	11001	11060	C6
3512	Empty	11001	11061	C7
3513	Empty	11001	11062	C8
3514	Empty	11001	11063	C9
3515	Empty	11001	11064	C10
3516	Empty	11001	11065	D1
3517	Empty	11001	11066	D2
3518	Empty	11001	11067	D3
3519	Empty	11001	11068	D4
3520	Empty	11001	11069	D5
2331	Full	1213	322	A01
2332	Full	1213	323	A02
2333	Full	1213	324	A03
2334	Full	1213	325	A04
\.


--
-- Data for Name: schedules; Type: TABLE DATA; Schema: public; Owner: postgres
--

COPY public.schedules (id, create_at, update_at, arrival_time, departure_time, route_id, vehicle_code, price_for_one_seat) FROM stdin;
9299	2024-12-15 17:15:28	2024-12-15 17:15:29	2024-12-17 17:15:31	2024-12-15 17:15:36	LX-VT	HN002	300.00
9292	2024-12-15 17:16:57	2024-12-15 17:16:59	2024-12-16 01:17:08	2024-12-15 17:17:08	VT-LX	HN002	300.00
9293	2024-12-15 17:25:49	2024-12-15 17:25:50	2024-12-17 13:30:08	2024-12-17 05:30:08	LX-VT	HM004	280.00
1003	2024-11-08 15:55:01.838222	2024-11-08 15:55:01.838222	2024-12-16 15:44:00	2024-12-16 13:00:00	VT-BXMD	PT003	350.00
1067	2024-11-08 16:02:00.452896	2024-11-08 16:02:00.452896	2024-12-19 05:50:00	2024-12-19 01:00:00	LK-MDONG	DL006	210.00
1196	2024-11-08 16:16:06.151845	2024-11-08 16:16:06.151845	2024-12-18 20:00:00	2024-12-18 09:00:00	MD-PBNTR	LH010	220.00
1029	2024-11-08 15:57:51.999717	2024-11-08 15:57:51.999717	2024-12-16 14:30:00	2024-12-16 11:30:00	PT-BXMD	CL008	160.00
1220	2024-11-08 16:18:43.851687	2024-11-08 16:18:43.85273	2024-12-20 20:00:00	2024-12-20 09:00:00	MD-PBNTR	LH010	220.00
1023	2024-11-08 15:57:12.757475	2024-11-08 15:57:12.757475	2024-12-16 23:00:00	2024-12-16 20:00:00	PT-BXMD	AA002	320.00
1215	2024-11-08 16:18:11.07084	2024-11-08 16:18:11.07084	2024-12-21 06:15:00	2024-12-20 22:30:00	MD-PBNTR	LV002	450.00
1001	2024-11-08 15:54:48.771421	2024-11-08 15:54:48.771421	2024-12-17 08:30:00	2024-12-16 22:00:00	PBNT-MDO	LV004	310.00
1032	2024-11-08 15:58:11.632581	2024-11-08 15:58:11.632581	2024-12-16 08:44:00	2024-12-16 06:00:00	VT-BXMD	PT016	135.00
1030	2024-11-08 15:57:58.538673	2024-11-08 15:57:58.538673	2024-12-17 01:30:00	2024-12-16 15:00:00	PBNT-MDO	LH009	220.00
1227	2024-11-08 16:19:29.828136	2024-11-08 16:19:29.828136	2024-12-22 06:15:00	2024-12-21 22:30:00	MD-PBNTR	LV002	450.00
1241	2024-11-08 16:21:02.89704	2024-11-08 16:21:02.89704	2024-12-22 18:30:00	2024-12-22 08:00:00	MD-PBNTR	LH006	220.00
1013	2024-11-08 15:56:07.399691	2024-11-08 15:56:07.399691	2024-12-16 12:30:00	2024-12-16 10:30:00	PT-BXMD	CL002	160.00
1191	2024-11-08 16:15:33.393961	2024-11-08 16:15:33.393961	2024-12-19 06:15:00	2024-12-18 22:30:00	MD-PBNTR	LV002	450.00
1219	2024-11-08 16:18:37.280614	2024-11-08 16:18:37.280614	2024-12-20 18:30:00	2024-12-20 08:30:00	MD-PBNTR	LH008	220.00
994	2024-11-08 15:54:03.016707	2024-11-08 15:54:03.016707	2024-12-16 05:50:00	2024-12-16 01:00:00	LK-MDONG	DL006	210.00
997	2024-11-08 15:54:22.601383	2024-11-08 15:54:22.601383	2024-12-16 22:45:00	2024-12-16 16:35:00	LK-MDONG	DL009	210.00
1017	2024-11-08 15:56:33.455948	2024-11-08 15:56:33.455948	2024-12-16 10:00:00	2024-12-16 05:30:00	MD-VTAU	PT002	135.00
1193	2024-11-08 16:15:46.491236	2024-11-08 16:15:46.491236	2024-12-18 18:00:00	2024-12-18 07:30:00	MD-PBNTR	LH004	220.00
1101	2024-11-08 16:05:42.67347	2024-11-08 16:05:42.67347	2024-12-22 06:00:00	2024-12-22 00:00:00	MD-LKH	DL005	210.00
1296	2024-11-08 16:27:05.894537	2024-11-08 16:27:05.894537	2024-12-21 12:30:00	2024-12-21 10:30:00	PT-BXMD	CL002	160.00
1274	2024-11-08 16:24:42.389119	2024-11-08 16:24:42.389119	2024-12-19 14:30:00	2024-12-19 11:30:00	PT-BXMD	CL006	160.00
1216	2024-11-08 16:18:17.615259	2024-11-08 16:18:17.615259	2024-12-20 17:30:00	2024-12-20 07:30:00	MD-PBNTR	LH002	220.00
991	2024-11-08 15:53:43.381349	2024-11-08 15:53:43.381349	2024-12-16 06:00:00	2024-12-16 00:00:00	MD-LKH	DL003	210.00
1021	2024-11-08 15:56:59.671776	2024-11-08 15:56:59.671776	2024-12-17 00:30:00	2024-12-16 14:00:00	PBNT-MDO	LH007	220.00
1214	2024-11-08 16:18:04.516232	2024-11-08 16:18:04.516232	2024-12-20 01:30:00	2024-12-19 15:00:00	PBNT-MDO	LH009	220.00
1033	2024-11-08 15:58:18.217436	2024-11-08 15:58:18.217436	2024-12-16 07:30:00	2024-12-16 03:30:00	MD-PTH	CL007	160.00
1097	2024-11-08 16:05:16.438333	2024-11-08 16:05:16.438333	2024-12-22 21:45:00	2024-12-22 17:15:00	MD-LKH	DL001	210.00
1169	2024-11-08 16:13:08.670419	2024-11-08 16:13:08.670419	2024-12-22 11:00:00	2024-12-22 06:30:00	MD-VTAU	PT006	135.00
1245	2024-11-08 16:21:30.436733	2024-11-08 16:21:30.436733	2024-12-22 18:00:00	2024-12-22 07:15:00	PBNT-MDO	LH003	220.00
1261	2024-11-08 16:23:17.497439	2024-11-08 16:23:17.497439	2024-12-18 12:30:00	2024-12-18 10:30:00	PT-BXMD	CL004	160.00
1079	2024-11-08 16:03:18.793923	2024-11-08 16:03:18.793923	2024-12-20 05:50:00	2024-12-20 01:00:00	LK-MDONG	DL006	210.00
1311	2024-11-08 16:28:43.483312	2024-11-08 16:28:43.483312	2024-12-22 14:30:00	2024-12-22 11:30:00	PT-BXMD	CL008	160.00
1295	2024-11-08 16:26:59.457704	2024-11-08 16:26:59.457704	2024-12-21 23:00:00	2024-12-21 20:00:00	PT-BXMD	AA002	320.00
1112	2024-11-08 16:06:56.12745	2024-11-08 16:06:56.12745	2024-12-17 13:00:00	2024-12-17 09:00:00	MD-VTAU	PT001	350.00
1100	2024-11-08 16:05:36.114922	2024-11-08 16:05:36.114922	2024-12-22 06:00:00	2024-12-22 00:00:00	MD-LKH	DL004	210.00
1096	2024-11-08 16:05:09.820181	2024-11-08 16:05:09.820181	2024-12-22 12:45:00	2024-12-22 05:00:00	MD-LKH	LV001	650.00
1179	2024-11-08 16:14:14.911231	2024-11-08 16:14:14.911231	2024-12-18 06:15:00	2024-12-17 22:30:00	MD-PBNTR	LV002	450.00
1014	2024-11-08 15:56:13.948203	2024-11-08 15:56:13.948203	2024-12-16 07:44:00	2024-12-16 05:00:00	VT-BXMD	PT012	135.00
1056	2024-11-08 16:00:48.727804	2024-11-08 16:00:48.727804	2024-12-16 02:30:00	2024-12-16 00:00:00	MD-PTH	AA004	320.00
1218	2024-11-08 16:18:30.690933	2024-11-08 16:18:30.690933	2024-12-20 18:30:00	2024-12-20 08:00:00	MD-PBNTR	LH006	220.00
1229	2024-11-08 16:19:42.921103	2024-11-08 16:19:42.921103	2024-12-21 18:00:00	2024-12-21 07:30:00	MD-PBNTR	LH004	220.00
1203	2024-11-08 16:16:52.196175	2024-11-08 16:16:52.196175	2024-12-20 06:15:00	2024-12-19 22:30:00	MD-PBNTR	LV002	450.00
1181	2024-11-08 16:14:27.962451	2024-11-08 16:14:27.962451	2024-12-17 18:00:00	2024-12-17 07:30:00	MD-PBNTR	LH004	220.00
1004	2024-11-08 15:55:08.392607	2024-11-08 15:55:08.392607	2024-12-16 18:30:00	2024-12-16 08:00:00	MD-PBNTR	LH006	220.00
1016	2024-11-08 15:56:26.928697	2024-11-08 15:56:26.928697	2024-12-16 11:44:00	2024-12-16 09:00:00	VT-BXMD	PT020	135.00
1019	2024-11-08 15:56:46.621785	2024-11-08 15:56:46.621785	2024-12-16 04:30:00	2024-12-16 01:00:00	MD-PTH	CL005	160.00
1005	2024-11-08 15:55:15.057913	2024-11-08 15:55:15.057913	2024-12-17 06:15:00	2024-12-16 22:30:00	MD-PBNTR	LV002	450.00
1135	2024-11-08 16:09:26.329634	2024-11-08 16:09:26.329634	2024-12-19 13:00:00	2024-12-19 08:30:00	MD-VTAU	PT010	135.00
1006	2024-11-08 15:55:21.610043	2024-11-08 15:55:21.610043	2024-12-16 17:30:00	2024-12-16 06:00:00	PBNT-MDO	LH001	220.00
1025	2024-11-08 15:57:25.84949	2024-11-08 15:57:25.84949	2024-12-16 18:00:00	2024-12-16 07:30:00	MD-PBNTR	LH004	220.00
1026	2024-11-08 15:57:32.381374	2024-11-08 15:57:32.381374	2024-12-16 08:00:00	2024-12-16 04:00:00	MD-PTH	CL009	160.00
1225	2024-11-08 16:19:16.719184	2024-11-08 16:19:16.719184	2024-12-21 00:30:00	2024-12-20 14:00:00	PBNT-MDO	LH007	220.00
992	2024-11-08 15:53:49.941824	2024-11-08 15:53:49.941824	2024-12-16 06:00:00	2024-12-16 00:00:00	MD-LKH	DL004	210.00
1082	2024-11-08 16:03:38.349471	2024-11-08 16:03:38.349471	2024-12-20 22:45:00	2024-12-20 16:35:00	LK-MDONG	DL009	210.00
1294	2024-11-08 16:26:52.959975	2024-11-08 16:26:52.959975	2024-12-20 08:00:00	2024-12-20 04:00:00	MD-PTH	CL009	160.00
1106	2024-11-08 16:06:16.893199	2024-11-08 16:06:16.893199	2024-12-22 05:20:00	2024-12-22 00:00:00	LK-MDONG	DL010	250.00
1224	2024-11-08 16:19:10.205142	2024-11-08 16:19:10.205142	2024-12-20 22:30:00	2024-12-20 13:00:00	PBNT-MDO	LH005	220.00
1094	2024-11-08 16:04:56.683992	2024-11-08 16:04:56.683992	2024-12-21 22:45:00	2024-12-21 16:35:00	LK-MDONG	DL009	210.00
1122	2024-11-08 16:08:01.637454	2024-11-08 16:08:01.637454	2024-12-18 12:00:00	2024-12-18 07:30:00	MD-VTAU	PT008	135.00
1205	2024-11-08 16:17:05.229642	2024-11-08 16:17:05.229642	2024-12-19 18:00:00	2024-12-19 07:30:00	MD-PBNTR	LH004	220.00
1180	2024-11-08 16:14:21.44476	2024-11-08 16:14:21.44476	2024-12-17 17:30:00	2024-12-17 07:30:00	MD-PBNTR	LH002	220.00
1198	2024-11-08 16:16:19.149654	2024-11-08 16:16:19.149654	2024-12-18 17:30:00	2024-12-18 06:00:00	PBNT-MDO	LH001	220.00
1269	2024-11-08 16:24:09.772545	2024-11-08 16:24:09.772545	2024-12-18 07:30:00	2024-12-18 03:30:00	MD-PTH	CL007	160.00
1128	2024-11-08 16:08:40.713686	2024-11-08 16:08:40.713686	2024-12-18 10:44:00	2024-12-18 08:00:00	VT-BXMD	PT018	135.00
1300	2024-11-08 16:27:32.026393	2024-11-08 16:27:32.026393	2024-12-21 15:30:00	2024-12-21 12:30:00	PT-BXMD	CL010	160.00
1239	2024-11-08 16:20:49.771482	2024-11-08 16:20:49.771482	2024-12-22 17:30:00	2024-12-22 07:30:00	MD-PBNTR	LH002	220.00
1252	2024-11-08 16:22:18.604702	2024-11-08 16:22:18.604702	2024-12-17 15:30:00	2024-12-17 12:30:00	PT-BXMD	CL010	160.00
1127	2024-11-08 16:08:34.192026	2024-11-08 16:08:34.192026	2024-12-18 08:44:00	2024-12-18 06:00:00	VT-BXMD	PT016	135.00
1091	2024-11-08 16:04:37.021129	2024-11-08 16:04:37.021129	2024-12-21 05:50:00	2024-12-21 01:00:00	LK-MDONG	DL006	210.00
1093	2024-11-08 16:04:50.146439	2024-11-08 16:04:50.146439	2024-12-21 13:35:00	2024-12-21 07:00:00	LK-MDONG	DL008	250.00
1139	2024-11-08 16:09:52.718386	2024-11-08 16:09:52.718386	2024-12-19 08:44:00	2024-12-19 06:00:00	VT-BXMD	PT016	135.00
1308	2024-11-08 16:28:23.832845	2024-11-08 16:28:23.832845	2024-12-22 12:30:00	2024-12-22 10:30:00	PT-BXMD	CL002	160.00
1287	2024-11-08 16:26:07.30242	2024-11-08 16:26:07.30242	2024-12-20 14:30:00	2024-12-20 11:30:00	PT-BXMD	CL008	160.00
1260	2024-11-08 16:23:10.945758	2024-11-08 16:23:10.945758	2024-12-18 12:30:00	2024-12-18 10:30:00	PT-BXMD	CL002	160.00
1002	2024-11-08 15:54:55.310078	2024-11-08 15:54:55.310078	2024-12-16 14:30:00	2024-12-16 11:30:00	PT-BXMD	CL006	160.00
1209	2024-11-08 16:17:31.657339	2024-11-08 16:17:31.657339	2024-12-20 08:30:00	2024-12-19 22:00:00	PBNT-MDO	LV004	310.00
1020	2024-11-08 15:56:53.139883	2024-11-08 15:56:53.139883	2024-12-16 15:30:00	2024-12-16 12:30:00	PT-BXMD	CL010	160.00
1285	2024-11-08 16:25:54.325929	2024-11-08 16:25:54.325929	2024-12-20 12:30:00	2024-12-20 10:30:00	PT-BXMD	CL004	160.00
1288	2024-11-08 16:26:13.82998	2024-11-08 16:26:13.82998	2024-12-20 15:30:00	2024-12-20 12:30:00	PT-BXMD	CL010	160.00
1113	2024-11-08 16:07:02.71004	2024-11-08 16:07:02.71004	2024-12-17 07:44:00	2024-12-17 05:00:00	VT-BXMD	PT012	135.00
1027	2024-11-08 15:57:38.899753	2024-11-08 15:57:38.899753	2024-12-16 10:44:00	2024-12-16 08:00:00	VT-BXMD	PT018	135.00
1207	2024-11-08 16:17:18.450424	2024-11-08 16:17:18.450424	2024-12-19 18:30:00	2024-12-19 08:30:00	MD-PBNTR	LH008	220.00
1248	2024-11-08 16:21:52.366813	2024-11-08 16:21:52.366813	2024-12-17 12:30:00	2024-12-17 10:30:00	PT-BXMD	CL002	160.00
1024	2024-11-08 15:57:19.291608	2024-11-08 15:57:19.291608	2024-12-16 12:30:00	2024-12-16 10:30:00	PT-BXMD	CL004	160.00
1233	2024-11-08 16:20:09.116508	2024-11-08 16:20:09.116508	2024-12-22 08:30:00	2024-12-21 22:00:00	PBNT-MDO	LV004	310.00
1031	2024-11-08 15:58:05.11075	2024-11-08 15:58:05.11075	2024-12-16 09:44:00	2024-12-16 07:00:00	VT-BXMD	PT014	135.00
1321	2024-11-26 00:15:31	2024-11-26 00:15:32	2024-12-20 11:15:00	2024-12-20 07:15:00	PTT-HTB	MH1311	200.00
1312	2024-11-08 16:28:49.968986	2024-11-08 16:28:49.968986	2024-12-22 15:30:00	2024-12-22 12:30:00	PT-BXMD	CL010	160.00
1022	2024-11-08 15:57:06.20917	2024-11-08 15:57:06.20917	2024-12-16 20:00:00	2024-12-16 09:00:00	MD-PBNTR	LH010	220.00
1060	2024-11-08 16:01:14.812289	2024-11-08 16:01:14.812289	2024-12-19 12:45:00	2024-12-19 05:00:00	MD-LKH	LV001	650.00
1099	2024-11-08 16:05:29.546832	2024-11-08 16:05:29.546832	2024-12-22 06:00:00	2024-12-22 00:00:00	MD-LKH	DL003	210.00
1111	2024-11-08 16:06:49.611595	2024-11-08 16:06:49.611595	2024-12-17 13:00:00	2024-12-17 08:30:00	MD-VTAU	PT010	135.00
1204	2024-11-08 16:16:58.680311	2024-11-08 16:16:58.680311	2024-12-19 17:30:00	2024-12-19 07:30:00	MD-PBNTR	LH002	220.00
1170	2024-11-08 16:13:15.220903	2024-11-08 16:13:15.220903	2024-12-22 12:00:00	2024-12-22 07:30:00	MD-VTAU	PT008	135.00
1104	2024-11-08 16:06:03.635963	2024-11-08 16:06:03.635963	2024-12-22 13:35:00	2024-12-22 07:00:00	LK-MDONG	DL008	250.00
1202	2024-11-08 16:16:45.680714	2024-11-08 16:16:45.680714	2024-12-19 01:30:00	2024-12-18 15:00:00	PBNT-MDO	LH009	220.00
1132	2024-11-08 16:09:06.833118	2024-11-08 16:09:06.833118	2024-12-19 10:30:00	2024-12-19 06:00:00	MD-VTAU	PT004	135.00
1316	2024-11-08 16:29:16.001091	2024-11-08 16:29:16.001091	2024-12-22 04:30:00	2024-12-22 01:00:00	MD-PTH	CL005	160.00
1310	2024-11-08 16:28:36.937286	2024-11-08 16:28:36.937286	2024-12-22 14:30:00	2024-12-22 11:30:00	PT-BXMD	CL006	160.00
1238	2024-11-08 16:20:42.074803	2024-11-08 16:20:42.074803	2024-12-22 01:30:00	2024-12-21 15:00:00	PBNT-MDO	LH009	220.00
1189	2024-11-08 16:15:20.220078	2024-11-08 16:15:20.220078	2024-12-18 00:30:00	2024-12-17 14:00:00	PBNT-MDO	LH007	220.00
1049	2024-11-08 16:00:03.022238	2024-11-08 16:00:03.022238	2024-12-18 06:40:00	2024-12-18 00:00:00	MD-LKH	DL002	250.00
1011	2024-11-08 15:55:54.351633	2024-11-08 15:55:54.351633	2024-12-16 22:30:00	2024-12-16 13:00:00	PBNT-MDO	LH005	220.00
1042	2024-11-08 15:59:16.918566	2024-11-08 15:59:16.918566	2024-12-17 05:50:00	2024-12-17 01:00:00	LK-MDONG	DL006	210.00
1265	2024-11-08 16:23:43.652339	2024-11-08 16:23:43.652339	2024-12-18 02:30:00	2024-12-18 00:00:00	MD-PTH	AA004	320.00
1306	2024-11-08 16:28:10.872026	2024-11-08 16:28:10.872026	2024-12-21 08:00:00	2024-12-21 04:00:00	MD-PTH	CL009	160.00
1052	2024-11-08 16:00:22.716375	2024-11-08 16:00:22.716375	2024-12-18 06:00:00	2024-12-18 00:00:00	MD-LKH	DL005	210.00
1084	2024-11-08 16:03:51.408355	2024-11-08 16:03:51.408355	2024-12-21 12:45:00	2024-12-21 05:00:00	MD-LKH	LV001	650.00
1303	2024-11-08 16:27:51.431561	2024-11-08 16:27:51.431561	2024-12-21 04:00:00	2024-12-21 00:30:00	MD-PTH	CL003	160.00
1043	2024-11-08 15:59:23.540701	2024-11-08 15:59:23.540701	2024-12-17 23:30:00	2024-12-17 16:15:00	LK-MDONG	DL007	240.00
998	2024-11-08 15:54:29.060444	2024-11-08 15:54:29.060444	2024-12-16 05:20:00	2024-12-16 00:00:00	LK-MDONG	DL010	250.00
1050	2024-11-08 16:00:09.616889	2024-11-08 16:00:09.616889	2024-12-18 06:00:00	2024-12-18 00:00:00	MD-LKH	DL003	210.00
1028	2024-11-08 15:57:45.414679	2024-11-08 15:57:45.414679	2024-12-16 04:00:00	2024-12-16 00:30:00	MD-PTH	CL001	160.00
1144	2024-11-08 16:10:25.414056	2024-11-08 16:10:25.414056	2024-12-20 10:30:00	2024-12-20 06:00:00	MD-VTAU	PT004	135.00
1038	2024-11-08 15:58:50.936645	2024-11-08 15:58:50.936645	2024-12-17 06:00:00	2024-12-17 00:00:00	MD-LKH	DL003	210.00
1154	2024-11-08 16:11:30.817497	2024-11-08 16:11:30.817497	2024-12-20 15:44:00	2024-12-20 13:00:00	VT-BXMD	PT003	350.00
1236	2024-11-08 16:20:28.872802	2024-11-08 16:20:28.872802	2024-12-21 22:30:00	2024-12-21 13:00:00	PBNT-MDO	LH005	220.00
1211	2024-11-08 16:17:44.837869	2024-11-08 16:17:44.837869	2024-12-19 18:00:00	2024-12-19 07:15:00	PBNT-MDO	LH003	220.00
1150	2024-11-08 16:11:04.709637	2024-11-08 16:11:04.709637	2024-12-20 09:44:00	2024-12-20 07:00:00	VT-BXMD	PT014	135.00
1124	2024-11-08 16:08:14.66431	2024-11-08 16:08:14.66431	2024-12-18 13:00:00	2024-12-18 09:00:00	MD-VTAU	PT001	350.00
1103	2024-11-08 16:05:56.986715	2024-11-08 16:05:56.986715	2024-12-22 23:30:00	2024-12-22 16:15:00	LK-MDONG	DL007	240.00
1064	2024-11-08 16:01:40.939173	2024-11-08 16:01:40.939173	2024-12-19 06:00:00	2024-12-19 00:00:00	MD-LKH	DL004	210.00
1171	2024-11-08 16:13:21.89134	2024-11-08 16:13:21.89134	2024-12-22 13:00:00	2024-12-22 08:30:00	MD-VTAU	PT010	135.00
1161	2024-11-08 16:12:16.399579	2024-11-08 16:12:16.399579	2024-12-21 07:44:00	2024-12-21 05:00:00	VT-BXMD	PT012	135.00
1175	2024-11-08 16:13:48.489031	2024-11-08 16:13:48.489031	2024-12-22 08:44:00	2024-12-22 06:00:00	VT-BXMD	PT016	135.00
1199	2024-11-08 16:16:25.718445	2024-11-08 16:16:25.718445	2024-12-18 18:00:00	2024-12-18 07:15:00	PBNT-MDO	LH003	220.00
1086	2024-11-08 16:04:04.495647	2024-11-08 16:04:04.495647	2024-12-21 06:40:00	2024-12-21 00:00:00	MD-LKH	DL002	250.00
1116	2024-11-08 16:07:22.341084	2024-11-08 16:07:22.341084	2024-12-17 10:44:00	2024-12-17 08:00:00	VT-BXMD	PT018	135.00
1120	2024-11-08 16:07:48.542511	2024-11-08 16:07:48.542511	2024-12-18 10:30:00	2024-12-18 06:00:00	MD-VTAU	PT004	135.00
1063	2024-11-08 16:01:34.409946	2024-11-08 16:01:34.409946	2024-12-19 06:00:00	2024-12-19 00:00:00	MD-LKH	DL003	210.00
1130	2024-11-08 16:08:53.781839	2024-11-08 16:08:53.781839	2024-12-18 15:44:00	2024-12-18 13:00:00	VT-BXMD	PT003	350.00
1275	2024-11-08 16:24:48.883198	2024-11-08 16:24:48.883198	2024-12-19 14:30:00	2024-12-19 11:30:00	PT-BXMD	CL008	160.00
1057	2024-11-08 16:00:55.300151	2024-11-08 16:00:55.300151	2024-12-18 13:35:00	2024-12-18 07:00:00	LK-MDONG	DL008	250.00
1173	2024-11-08 16:13:35.053255	2024-11-08 16:13:35.053255	2024-12-22 07:44:00	2024-12-22 05:00:00	VT-BXMD	PT012	135.00
1066	2024-11-08 16:01:53.936866	2024-11-08 16:01:53.936866	2024-12-20 07:15:00	2024-12-19 23:30:00	LK-MDONG	LV003	450.00
1072	2024-11-08 16:02:32.995531	2024-11-08 16:02:32.995531	2024-12-20 12:45:00	2024-12-20 05:00:00	MD-LKH	LV001	650.00
1080	2024-11-08 16:03:25.341388	2024-11-08 16:03:25.341388	2024-12-20 23:30:00	2024-12-20 16:15:00	LK-MDONG	DL007	240.00
1133	2024-11-08 16:09:13.347444	2024-11-08 16:09:13.347444	2024-12-19 11:00:00	2024-12-19 06:30:00	MD-VTAU	PT006	135.00
1163	2024-11-08 16:12:29.400831	2024-11-08 16:12:29.400831	2024-12-21 08:44:00	2024-12-21 06:00:00	VT-BXMD	PT016	135.00
1073	2024-11-08 16:02:39.514618	2024-11-08 16:02:39.514618	2024-12-20 21:45:00	2024-12-20 17:15:00	MD-LKH	DL001	210.00
11000	2024-12-15 18:25:06	2024-12-15 18:25:07	2024-12-20 11:15:00	2024-12-20 07:15:37	LX-QN	HN002	300.00
11001	2024-12-15 18:28:33	2024-12-15 18:28:34	2024-12-22 06:25:00	2024-12-22 02:45:00	QN-LX	BD001	280.00
1320	\N	2024-11-12 22:11:21.412249	2024-12-03 12:45:00	2024-12-03 05:00:00	MD-LKH	LV002	600.00
1176	2024-11-08 16:13:55.043148	2024-11-08 16:13:55.043148	2024-12-22 10:44:00	2024-12-22 08:00:00	VT-BXMD	PT018	135.00
1152	2024-11-08 16:11:17.760221	2024-11-08 16:11:17.760221	2024-12-20 10:44:00	2024-12-20 08:00:00	VT-BXMD	PT018	135.00
1228	2024-11-08 16:19:36.332753	2024-11-08 16:19:36.332753	2024-12-21 17:30:00	2024-12-21 07:30:00	MD-PBNTR	LH002	220.00
1230	2024-11-08 16:19:49.46502	2024-11-08 16:19:49.46502	2024-12-21 18:30:00	2024-12-21 08:00:00	MD-PBNTR	LH006	220.00
1126	2024-11-08 16:08:27.716539	2024-11-08 16:08:27.716539	2024-12-18 09:44:00	2024-12-18 07:00:00	VT-BXMD	PT014	135.00
1242	2024-11-08 16:21:09.527285	2024-11-08 16:21:09.527285	2024-12-22 18:30:00	2024-12-22 08:30:00	MD-PBNTR	LH008	220.00
1118	2024-11-08 16:07:35.459604	2024-11-08 16:07:35.459604	2024-12-17 15:44:00	2024-12-17 13:00:00	VT-BXMD	PT003	350.00
1208	2024-11-08 16:17:25.092954	2024-11-08 16:17:25.092954	2024-12-19 20:00:00	2024-12-19 09:00:00	MD-PBNTR	LH010	220.00
1149	2024-11-08 16:10:58.193827	2024-11-08 16:10:58.193827	2024-12-20 07:44:00	2024-12-20 05:00:00	VT-BXMD	PT012	135.00
1114	2024-11-08 16:07:09.215669	2024-11-08 16:07:09.215669	2024-12-17 09:44:00	2024-12-17 07:00:00	VT-BXMD	PT014	135.00
1221	2024-11-08 16:18:50.541662	2024-11-08 16:18:50.541662	2024-12-21 08:30:00	2024-12-20 22:00:00	PBNT-MDO	LV004	310.00
1186	2024-11-08 16:15:00.665879	2024-11-08 16:15:00.665879	2024-12-17 17:30:00	2024-12-17 06:00:00	PBNT-MDO	LH001	220.00
1178	2024-11-08 16:14:08.363133	2024-11-08 16:14:08.363133	2024-12-22 15:44:00	2024-12-22 13:00:00	VT-BXMD	PT003	350.00
1246	2024-11-08 16:21:37.004286	2024-11-08 16:21:37.004286	2024-12-22 22:30:00	2024-12-22 13:00:00	PBNT-MDO	LH005	220.00
1117	2024-11-08 16:07:28.924399	2024-11-08 16:07:28.924399	2024-12-17 11:44:00	2024-12-17 09:00:00	VT-BXMD	PT020	135.00
1115	2024-11-08 16:07:15.793527	2024-11-08 16:07:15.793527	2024-12-17 08:44:00	2024-12-17 06:00:00	VT-BXMD	PT016	135.00
1153	2024-11-08 16:11:24.317087	2024-11-08 16:11:24.317087	2024-12-20 11:44:00	2024-12-20 09:00:00	VT-BXMD	PT020	135.00
1251	2024-11-08 16:22:12.033474	2024-11-08 16:22:12.033474	2024-12-17 14:30:00	2024-12-17 11:30:00	PT-BXMD	CL008	160.00
1166	2024-11-08 16:12:49.101119	2024-11-08 16:12:49.101119	2024-12-21 15:44:00	2024-12-21 13:00:00	VT-BXMD	PT003	350.00
1177	2024-11-08 16:14:01.614518	2024-11-08 16:14:01.614518	2024-12-22 11:44:00	2024-12-22 09:00:00	VT-BXMD	PT020	135.00
1212	2024-11-08 16:17:51.430419	2024-11-08 16:17:51.430419	2024-12-19 22:30:00	2024-12-19 13:00:00	PBNT-MDO	LH005	220.00
1232	2024-11-08 16:20:02.511296	2024-11-08 16:20:02.511296	2024-12-21 20:00:00	2024-12-21 09:00:00	MD-PBNTR	LH010	220.00
1162	2024-11-08 16:12:22.884382	2024-11-08 16:12:22.884382	2024-12-21 09:44:00	2024-12-21 07:00:00	VT-BXMD	PT014	135.00
1244	2024-11-08 16:21:23.787029	2024-11-08 16:21:23.787029	2024-12-22 17:30:00	2024-12-22 06:00:00	PBNT-MDO	LH001	220.00
1250	2024-11-08 16:22:05.457176	2024-11-08 16:22:05.457176	2024-12-17 14:30:00	2024-12-17 11:30:00	PT-BXMD	CL006	160.00
1200	2024-11-08 16:16:32.397896	2024-11-08 16:16:32.397896	2024-12-18 22:30:00	2024-12-18 13:00:00	PBNT-MDO	LH005	220.00
1237	2024-11-08 16:20:35.500009	2024-11-08 16:20:35.500009	2024-12-22 00:30:00	2024-12-21 14:00:00	PBNT-MDO	LH007	220.00
1138	2024-11-08 16:09:46.140304	2024-11-08 16:09:46.140304	2024-12-19 09:44:00	2024-12-19 07:00:00	VT-BXMD	PT014	135.00
1164	2024-11-08 16:12:36.045357	2024-11-08 16:12:36.045357	2024-12-21 10:44:00	2024-12-21 08:00:00	VT-BXMD	PT018	135.00
1140	2024-11-08 16:09:59.240213	2024-11-08 16:09:59.240213	2024-12-19 10:44:00	2024-12-19 08:00:00	VT-BXMD	PT018	135.00
1129	2024-11-08 16:08:47.199043	2024-11-08 16:08:47.199043	2024-12-18 11:44:00	2024-12-18 09:00:00	VT-BXMD	PT020	135.00
1249	2024-11-08 16:21:58.85769	2024-11-08 16:21:58.85769	2024-12-17 12:30:00	2024-12-17 10:30:00	PT-BXMD	CL004	160.00
1036	2024-11-08 15:58:37.865814	2024-11-08 15:58:37.865814	2024-12-17 21:45:00	2024-12-17 17:15:00	MD-LKH	DL001	210.00
1266	2024-11-08 16:23:50.266367	2024-11-08 16:23:50.266367	2024-12-18 04:00:00	2024-12-18 00:30:00	MD-PTH	CL001	160.00
1087	2024-11-08 16:04:11.015802	2024-11-08 16:04:11.015802	2024-12-21 06:00:00	2024-12-21 00:00:00	MD-LKH	DL003	210.00
1048	2024-11-08 15:59:56.494837	2024-11-08 15:59:56.494837	2024-12-18 21:45:00	2024-12-18 17:15:00	MD-LKH	DL001	210.00
1278	2024-11-08 16:25:08.461396	2024-11-08 16:25:08.461396	2024-12-19 04:00:00	2024-12-19 00:30:00	MD-PTH	CL001	160.00
1309	2024-11-08 16:28:30.415863	2024-11-08 16:28:30.415863	2024-12-22 12:30:00	2024-12-22 10:30:00	PT-BXMD	CL004	160.00
1307	2024-11-08 16:28:17.339911	2024-11-08 16:28:17.339911	2024-12-22 23:00:00	2024-12-22 20:00:00	PT-BXMD	AA002	320.00
1095	2024-11-08 16:05:03.288642	2024-11-08 16:05:03.288642	2024-12-21 05:20:00	2024-12-21 00:00:00	LK-MDONG	DL010	250.00
1088	2024-11-08 16:04:17.493205	2024-11-08 16:04:17.493205	2024-12-21 06:00:00	2024-12-21 00:00:00	MD-LKH	DL004	210.00
1047	2024-11-08 15:59:49.96273	2024-11-08 15:59:49.96273	2024-12-18 12:45:00	2024-12-18 05:00:00	MD-LKH	LV001	650.00
1015	2024-11-08 15:56:20.470618	2024-11-08 15:56:20.470618	2024-12-16 11:00:00	2024-12-16 06:30:00	MD-VTAU	PT006	135.00
1151	2024-11-08 16:11:11.287653	2024-11-08 16:11:11.287653	2024-12-20 08:44:00	2024-12-20 06:00:00	VT-BXMD	PT016	135.00
996	2024-11-08 15:54:16.115803	2024-11-08 15:54:16.115803	2024-12-16 13:35:00	2024-12-16 07:00:00	LK-MDONG	DL008	250.00
1213	2024-11-08 16:17:57.979383	2024-11-08 16:17:57.979383	2024-12-20 00:30:00	2024-12-19 14:00:00	PBNT-MDO	LH007	220.00
1322	2024-11-26 00:24:01	2024-11-26 00:24:02	2024-12-22 06:25:00	2024-12-22 02:45:00	HTB-PTT	MH1311	100.00
1007	2024-11-08 15:55:28.132505	2024-11-08 15:55:28.132505	2024-12-16 18:00:00	2024-12-16 07:15:00	PBNT-MDO	LH003	220.00
1051	2024-11-08 16:00:16.174141	2024-11-08 16:00:16.174141	2024-12-18 06:00:00	2024-12-18 00:00:00	MD-LKH	DL004	210.00
1053	2024-11-08 16:00:29.243793	2024-11-08 16:00:29.243793	2024-12-19 07:15:00	2024-12-18 23:30:00	LK-MDONG	LV003	450.00
1247	2024-11-08 16:21:45.779027	2024-11-08 16:21:45.779027	2024-12-17 23:00:00	2024-12-17 20:00:00	PT-BXMD	AA002	320.00
1197	2024-11-08 16:16:12.623196	2024-11-08 16:16:12.623196	2024-12-19 08:30:00	2024-12-18 22:00:00	PBNT-MDO	LV004	310.00
1040	2024-11-08 15:59:03.921226	2024-11-08 15:59:03.921226	2024-12-17 06:00:00	2024-12-17 00:00:00	MD-LKH	DL005	210.00
1065	2024-11-08 16:01:47.462405	2024-11-08 16:01:47.462405	2024-12-19 06:00:00	2024-12-19 00:00:00	MD-LKH	DL005	210.00
1035	2024-11-08 15:58:31.198026	2024-11-08 15:58:31.198026	2024-12-17 12:45:00	2024-12-17 05:00:00	MD-LKH	LV001	650.00
1226	2024-11-08 16:19:23.268998	2024-11-08 16:19:23.268998	2024-12-21 01:30:00	2024-12-20 15:00:00	PBNT-MDO	LH009	220.00
1256	2024-11-08 16:22:44.667495	2024-11-08 16:22:44.667495	2024-12-17 04:30:00	2024-12-17 01:00:00	MD-PTH	CL005	160.00
1071	2024-11-08 16:02:26.506075	2024-11-08 16:02:26.506075	2024-12-19 05:20:00	2024-12-19 00:00:00	LK-MDONG	DL010	250.00
1059	2024-11-08 16:01:08.31535	2024-11-08 16:01:08.31535	2024-12-18 05:20:00	2024-12-18 00:00:00	LK-MDONG	DL010	250.00
1290	2024-11-08 16:26:26.875248	2024-11-08 16:26:26.875248	2024-12-20 04:00:00	2024-12-20 00:30:00	MD-PTH	CL001	160.00
1319	2024-11-08 21:53:06.955571	2024-11-08 21:53:06.955571	2024-12-12 09:00:00	2024-12-12 08:00:00	LX-QN	PT001	99.00
1190	2024-11-08 16:15:26.78917	2024-11-08 16:15:26.78917	2024-12-18 01:30:00	2024-12-17 15:00:00	PBNT-MDO	LH009	220.00
1223	2024-11-08 16:19:03.673722	2024-11-08 16:19:03.673722	2024-12-20 18:00:00	2024-12-20 07:15:00	PBNT-MDO	LH003	220.00
1185	2024-11-08 16:14:54.162254	2024-11-08 16:14:54.162254	2024-12-18 08:30:00	2024-12-17 22:00:00	PBNT-MDO	LV004	310.00
1302	2024-11-08 16:27:44.983751	2024-11-08 16:27:44.983751	2024-12-21 04:00:00	2024-12-21 00:30:00	MD-PTH	CL001	160.00
1257	2024-11-08 16:22:51.185822	2024-11-08 16:22:51.185822	2024-12-17 07:30:00	2024-12-17 03:30:00	MD-PTH	CL007	160.00
1075	2024-11-08 16:02:52.674784	2024-11-08 16:02:52.674784	2024-12-20 06:00:00	2024-12-20 00:00:00	MD-LKH	DL003	210.00
1000	2024-11-08 15:54:42.221026	2024-11-08 15:54:42.221026	2024-12-17 07:15:00	2024-12-16 23:30:00	LK-MDONG	LV003	450.00
1289	2024-11-08 16:26:20.324208	2024-11-08 16:26:20.324208	2024-12-20 02:30:00	2024-12-20 00:00:00	MD-PTH	AA004	320.00
1210	2024-11-08 16:17:38.25949	2024-11-08 16:17:38.25949	2024-12-19 17:30:00	2024-12-19 06:00:00	PBNT-MDO	LH001	220.00
989	2024-11-08 15:53:30.219405	2024-11-08 15:53:30.219405	2024-12-16 21:45:00	2024-12-16 17:15:00	MD-LKH	DL001	210.00
1069	2024-11-08 16:02:13.493189	2024-11-08 16:02:13.493189	2024-12-19 13:35:00	2024-12-19 07:00:00	LK-MDONG	DL008	250.00
1254	2024-11-08 16:22:31.674257	2024-11-08 16:22:31.674257	2024-12-17 04:00:00	2024-12-17 00:30:00	MD-PTH	CL001	160.00
995	2024-11-08 15:54:09.5808	2024-11-08 15:54:09.5808	2024-12-16 23:30:00	2024-12-16 16:15:00	LK-MDONG	DL007	240.00
1045	2024-11-08 15:59:36.896644	2024-11-08 15:59:36.896644	2024-12-17 22:45:00	2024-12-17 16:35:00	LK-MDONG	DL009	210.00
1222	2024-11-08 16:18:57.141886	2024-11-08 16:18:57.141886	2024-12-20 17:30:00	2024-12-20 06:00:00	PBNT-MDO	LH001	220.00
990	2024-11-08 15:53:36.853285	2024-11-08 15:53:36.853285	2024-12-16 06:40:00	2024-12-16 00:00:00	MD-LKH	DL002	250.00
1195	2024-11-08 16:15:59.62269	2024-11-08 16:15:59.62269	2024-12-18 18:30:00	2024-12-18 08:30:00	MD-PBNTR	LH008	220.00
1156	2024-11-08 16:11:44.007961	2024-11-08 16:11:44.007961	2024-12-21 10:30:00	2024-12-21 06:00:00	MD-VTAU	PT004	135.00
1283	2024-11-08 16:25:41.235286	2024-11-08 16:25:41.235286	2024-12-20 23:00:00	2024-12-20 20:00:00	PT-BXMD	AA002	320.00
1125	2024-11-08 16:08:21.179793	2024-11-08 16:08:21.179793	2024-12-18 07:44:00	2024-12-18 05:00:00	VT-BXMD	PT012	135.00
1081	2024-11-08 16:03:31.823525	2024-11-08 16:03:31.823525	2024-12-20 13:35:00	2024-12-20 07:00:00	LK-MDONG	DL008	250.00
1141	2024-11-08 16:10:05.813107	2024-11-08 16:10:05.813107	2024-12-19 11:44:00	2024-12-19 09:00:00	VT-BXMD	PT020	135.00
1217	2024-11-08 16:18:24.146801	2024-11-08 16:18:24.146801	2024-12-20 18:00:00	2024-12-20 07:30:00	MD-PBNTR	LH004	220.00
1037	2024-11-08 15:58:44.413267	2024-11-08 15:58:44.413267	2024-12-17 06:40:00	2024-12-17 00:00:00	MD-LKH	DL002	250.00
1142	2024-11-08 16:10:12.358122	2024-11-08 16:10:12.358122	2024-12-19 15:44:00	2024-12-19 13:00:00	VT-BXMD	PT003	350.00
1182	2024-11-08 16:14:34.548663	2024-11-08 16:14:34.548663	2024-12-17 18:30:00	2024-12-17 08:00:00	MD-PBNTR	LH006	220.00
1234	2024-11-08 16:20:15.639086	2024-11-08 16:20:15.639086	2024-12-21 17:30:00	2024-12-21 06:00:00	PBNT-MDO	LH001	220.00
1068	2024-11-08 16:02:06.949696	2024-11-08 16:02:06.949696	2024-12-19 23:30:00	2024-12-19 16:15:00	LK-MDONG	DL007	240.00
1107	2024-11-08 16:06:23.423899	2024-11-08 16:06:23.423899	2024-12-17 10:00:00	2024-12-17 05:30:00	MD-VTAU	PT002	135.00
1206	2024-11-08 16:17:11.817106	2024-11-08 16:17:11.817106	2024-12-19 18:30:00	2024-12-19 08:00:00	MD-PBNTR	LH006	220.00
1041	2024-11-08 15:59:10.461524	2024-11-08 15:59:10.461524	2024-12-18 07:15:00	2024-12-17 23:30:00	LK-MDONG	LV003	450.00
1157	2024-11-08 16:11:50.458084	2024-11-08 16:11:50.458084	2024-12-21 11:00:00	2024-12-21 06:30:00	MD-VTAU	PT006	135.00
1143	2024-11-08 16:10:18.876354	2024-11-08 16:10:18.876354	2024-12-20 10:00:00	2024-12-20 05:30:00	MD-VTAU	PT002	135.00
1012	2024-11-08 15:56:00.890771	2024-11-08 15:56:00.890771	2024-12-16 17:30:00	2024-12-16 07:30:00	MD-PBNTR	LH002	220.00
1273	2024-11-08 16:24:35.858379	2024-11-08 16:24:35.858379	2024-12-19 12:30:00	2024-12-19 10:30:00	PT-BXMD	CL004	160.00
1318	2024-11-08 16:29:28.991259	2024-11-08 16:29:28.991259	2024-12-22 08:00:00	2024-12-22 04:00:00	MD-PTH	CL009	160.00
1286	2024-11-08 16:26:00.824474	2024-11-08 16:26:00.824474	2024-12-20 14:30:00	2024-12-20 11:30:00	PT-BXMD	CL006	160.00
1077	2024-11-08 16:03:05.710519	2024-11-08 16:03:05.710519	2024-12-20 06:00:00	2024-12-20 00:00:00	MD-LKH	DL005	210.00
1299	2024-11-08 16:27:25.572369	2024-11-08 16:27:25.572369	2024-12-21 14:30:00	2024-12-21 11:30:00	PT-BXMD	CL008	160.00
1262	2024-11-08 16:23:24.052474	2024-11-08 16:23:24.052474	2024-12-18 14:30:00	2024-12-18 11:30:00	PT-BXMD	CL006	160.00
988	2024-11-08 15:51:12.741866	2024-11-08 15:51:12.741866	2024-12-16 12:45:00	2024-12-16 05:00:00	MD-LKH	LV001	650.00
1313	2024-11-08 16:28:56.484493	2024-11-08 16:28:56.484493	2024-12-22 02:30:00	2024-12-22 00:00:00	MD-PTH	AA004	320.00
1301	2024-11-08 16:27:38.50724	2024-11-08 16:27:38.50724	2024-12-21 02:30:00	2024-12-21 00:00:00	MD-PTH	AA004	320.00
1279	2024-11-08 16:25:15.057097	2024-11-08 16:25:15.057097	2024-12-19 04:00:00	2024-12-19 00:30:00	MD-PTH	CL003	160.00
1046	2024-11-08 15:59:43.440392	2024-11-08 15:59:43.440392	2024-12-17 05:20:00	2024-12-17 00:00:00	LK-MDONG	DL010	250.00
1044	2024-11-08 15:59:30.249894	2024-11-08 15:59:30.249894	2024-12-17 13:35:00	2024-12-17 07:00:00	LK-MDONG	DL008	250.00
1110	2024-11-08 16:06:43.127266	2024-11-08 16:06:43.127266	2024-12-17 12:00:00	2024-12-17 07:30:00	MD-VTAU	PT008	135.00
1054	2024-11-08 16:00:35.68862	2024-11-08 16:00:35.68862	2024-12-18 05:50:00	2024-12-18 01:00:00	LK-MDONG	DL006	210.00
1155	2024-11-08 16:11:37.414353	2024-11-08 16:11:37.414353	2024-12-21 10:00:00	2024-12-21 05:30:00	MD-VTAU	PT002	135.00
1070	2024-11-08 16:02:20.002851	2024-11-08 16:02:20.002851	2024-12-19 22:45:00	2024-12-19 16:35:00	LK-MDONG	DL009	210.00
1282	2024-11-08 16:25:34.654767	2024-11-08 16:25:34.654767	2024-12-19 08:00:00	2024-12-19 04:00:00	MD-PTH	CL009	160.00
1172	2024-11-08 16:13:28.530882	2024-11-08 16:13:28.530882	2024-12-22 13:00:00	2024-12-22 09:00:00	MD-VTAU	PT001	350.00
1315	2024-11-08 16:29:09.536373	2024-11-08 16:29:09.536373	2024-12-22 04:00:00	2024-12-22 00:30:00	MD-PTH	CL003	160.00
1159	2024-11-08 16:12:03.468855	2024-11-08 16:12:03.468855	2024-12-21 13:00:00	2024-12-21 08:30:00	MD-VTAU	PT010	135.00
1267	2024-11-08 16:23:56.738233	2024-11-08 16:23:56.738233	2024-12-18 04:00:00	2024-12-18 00:30:00	MD-PTH	CL003	160.00
1131	2024-11-08 16:09:00.346119	2024-11-08 16:09:00.346119	2024-12-19 10:00:00	2024-12-19 05:30:00	MD-VTAU	PT002	135.00
1293	2024-11-08 16:26:46.371071	2024-11-08 16:26:46.371071	2024-12-20 07:30:00	2024-12-20 03:30:00	MD-PTH	CL007	160.00
1109	2024-11-08 16:06:36.554733	2024-11-08 16:06:36.554733	2024-12-17 11:00:00	2024-12-17 06:30:00	MD-VTAU	PT006	135.00
1268	2024-11-08 16:24:03.271781	2024-11-08 16:24:03.271781	2024-12-18 04:30:00	2024-12-18 01:00:00	MD-PTH	CL005	160.00
1305	2024-11-08 16:28:04.404711	2024-11-08 16:28:04.404711	2024-12-21 07:30:00	2024-12-21 03:30:00	MD-PTH	CL007	160.00
1108	2024-11-08 16:06:29.968447	2024-11-08 16:06:29.968447	2024-12-17 10:30:00	2024-12-17 06:00:00	MD-VTAU	PT004	135.00
1292	2024-11-08 16:26:39.853006	2024-11-08 16:26:39.853006	2024-12-20 04:30:00	2024-12-20 01:00:00	MD-PTH	CL005	160.00
1018	2024-11-08 15:56:40.039535	2024-11-08 15:56:40.039535	2024-12-16 13:00:00	2024-12-16 08:30:00	MD-VTAU	PT010	135.00
1174	2024-11-08 16:13:41.788981	2024-11-08 16:13:41.788981	2024-12-22 09:44:00	2024-12-22 07:00:00	VT-BXMD	PT014	135.00
1010	2024-11-08 15:55:47.817965	2024-11-08 15:55:47.817965	2024-12-16 13:00:00	2024-12-16 09:00:00	MD-VTAU	PT001	350.00
1281	2024-11-08 16:25:28.149109	2024-11-08 16:25:28.149109	2024-12-19 07:30:00	2024-12-19 03:30:00	MD-PTH	CL007	160.00
1121	2024-11-08 16:07:55.10408	2024-11-08 16:07:55.10408	2024-12-18 11:00:00	2024-12-18 06:30:00	MD-VTAU	PT006	135.00
993	2024-11-08 15:53:56.46299	2024-11-08 15:53:56.46299	2024-12-16 06:00:00	2024-12-16 00:00:00	MD-LKH	DL005	210.00
1253	2024-11-08 16:22:25.095097	2024-11-08 16:22:25.095097	2024-12-17 02:30:00	2024-12-17 00:00:00	MD-PTH	AA004	320.00
1008	2024-11-08 15:55:34.712367	2024-11-08 15:55:34.712367	2024-12-16 10:30:00	2024-12-16 06:00:00	MD-VTAU	PT004	135.00
1314	2024-11-08 16:29:02.98147	2024-11-08 16:29:02.98147	2024-12-22 04:00:00	2024-12-22 00:30:00	MD-PTH	CL001	160.00
1160	2024-11-08 16:12:09.905389	2024-11-08 16:12:09.905389	2024-12-21 13:00:00	2024-12-21 09:00:00	MD-VTAU	PT001	350.00
1062	2024-11-08 16:01:27.877932	2024-11-08 16:01:27.877932	2024-12-19 06:40:00	2024-12-19 00:00:00	MD-LKH	DL002	250.00
1168	2024-11-08 16:13:02.098681	2024-11-08 16:13:02.098681	2024-12-22 10:30:00	2024-12-22 06:00:00	MD-VTAU	PT004	135.00
1258	2024-11-08 16:22:57.842887	2024-11-08 16:22:57.842887	2024-12-17 08:00:00	2024-12-17 04:00:00	MD-PTH	CL009	160.00
1291	2024-11-08 16:26:33.403107	2024-11-08 16:26:33.403107	2024-12-20 04:00:00	2024-12-20 00:30:00	MD-PTH	CL003	160.00
1317	2024-11-08 16:29:22.507669	2024-11-08 16:29:22.507669	2024-12-22 07:30:00	2024-12-22 03:30:00	MD-PTH	CL007	160.00
999	2024-11-08 15:54:35.621372	2024-11-08 15:54:35.621372	2024-12-16 12:00:00	2024-12-16 07:30:00	MD-VTAU	PT008	135.00
1165	2024-11-08 16:12:42.526931	2024-11-08 16:12:42.526931	2024-12-21 11:44:00	2024-12-21 09:00:00	VT-BXMD	PT020	135.00
1255	2024-11-08 16:22:38.120212	2024-11-08 16:22:38.120212	2024-12-17 04:00:00	2024-12-17 00:30:00	MD-PTH	CL003	160.00
1304	2024-11-08 16:27:57.885682	2024-11-08 16:27:57.885682	2024-12-21 04:30:00	2024-12-21 01:00:00	MD-PTH	CL005	160.00
1058	2024-11-08 16:01:01.737505	2024-11-08 16:01:01.737505	2024-12-18 22:45:00	2024-12-18 16:35:00	LK-MDONG	DL009	210.00
1297	2024-11-08 16:27:12.438644	2024-11-08 16:27:12.438644	2024-12-21 12:30:00	2024-12-21 10:30:00	PT-BXMD	CL004	160.00
1009	2024-11-08 15:55:41.246563	2024-11-08 15:55:41.246563	2024-12-16 18:30:00	2024-12-16 08:30:00	MD-PBNTR	LH008	220.00
1123	2024-11-08 16:08:08.141404	2024-11-08 16:08:08.141404	2024-12-18 13:00:00	2024-12-18 08:30:00	MD-VTAU	PT010	135.00
1136	2024-11-08 16:09:33.039642	2024-11-08 16:09:33.039642	2024-12-19 13:00:00	2024-12-19 09:00:00	MD-VTAU	PT001	350.00
1074	2024-11-08 16:02:46.05112	2024-11-08 16:02:46.05112	2024-12-20 06:40:00	2024-12-20 00:00:00	MD-LKH	DL002	250.00
1280	2024-11-08 16:25:21.638769	2024-11-08 16:25:21.638769	2024-12-19 04:30:00	2024-12-19 01:00:00	MD-PTH	CL005	160.00
1039	2024-11-08 15:58:57.481121	2024-11-08 15:58:57.481121	2024-12-17 06:00:00	2024-12-17 00:00:00	MD-LKH	DL004	210.00
1061	2024-11-08 16:01:21.35674	2024-11-08 16:01:21.35674	2024-12-19 21:45:00	2024-12-19 17:15:00	MD-LKH	DL001	210.00
1055	2024-11-08 16:00:42.21946	2024-11-08 16:00:42.21946	2024-12-18 23:30:00	2024-12-18 16:15:00	LK-MDONG	DL007	240.00
1277	2024-11-08 16:25:01.935114	2024-11-08 16:25:01.935114	2024-12-19 02:30:00	2024-12-19 00:00:00	MD-PTH	AA004	320.00
1259	2024-11-08 16:23:04.431284	2024-11-08 16:23:04.43229	2024-12-18 23:00:00	2024-12-18 20:00:00	PT-BXMD	AA002	320.00
1298	2024-11-08 16:27:18.962628	2024-11-08 16:27:18.962628	2024-12-21 14:30:00	2024-12-21 11:30:00	PT-BXMD	CL006	160.00
1264	2024-11-08 16:23:37.125927	2024-11-08 16:23:37.125927	2024-12-18 15:30:00	2024-12-18 12:30:00	PT-BXMD	CL010	160.00
1167	2024-11-08 16:12:55.599832	2024-11-08 16:12:55.599832	2024-12-22 10:00:00	2024-12-22 05:30:00	MD-VTAU	PT002	135.00
1188	2024-11-08 16:15:13.684727	2024-11-08 16:15:13.684727	2024-12-17 22:30:00	2024-12-17 13:00:00	PBNT-MDO	LH005	220.00
1089	2024-11-08 16:04:24.051896	2024-11-08 16:04:24.051896	2024-12-21 06:00:00	2024-12-21 00:00:00	MD-LKH	DL005	210.00
9998	2024-11-24 00:21:50	2024-11-23 00:21:59	2024-12-20 11:15:00	2024-12-20 07:15:00	PTT-TPG	MH1311	200.00
1090	2024-11-08 16:04:30.515032	2024-11-08 16:04:30.515032	2024-12-22 07:15:00	2024-12-21 23:30:00	LK-MDONG	LV003	450.00
1148	2024-11-08 16:10:51.660769	2024-11-08 16:10:51.660769	2024-12-20 13:00:00	2024-12-20 09:00:00	MD-VTAU	PT001	350.00
1243	2024-11-08 16:21:16.099233	2024-11-08 16:21:16.099233	2024-12-22 20:00:00	2024-12-22 09:00:00	MD-PBNTR	LH010	220.00
1201	2024-11-08 16:16:38.978286	2024-11-08 16:16:38.978286	2024-12-19 00:30:00	2024-12-18 14:00:00	PBNT-MDO	LH007	220.00
1184	2024-11-08 16:14:47.628613	2024-11-08 16:14:47.628613	2024-12-17 20:00:00	2024-12-17 09:00:00	MD-PBNTR	LH010	220.00
1192	2024-11-08 16:15:39.9318	2024-11-08 16:15:39.9318	2024-12-18 17:30:00	2024-12-18 07:30:00	MD-PBNTR	LH002	220.00
1235	2024-11-08 16:20:22.187039	2024-11-08 16:20:22.187039	2024-12-21 18:00:00	2024-12-21 07:15:00	PBNT-MDO	LH003	220.00
1085	2024-11-08 16:03:57.883655	2024-11-08 16:03:57.883655	2024-12-21 21:45:00	2024-12-21 17:15:00	MD-LKH	DL001	210.00
1083	2024-11-08 16:03:44.875865	2024-11-08 16:03:44.875865	2024-12-20 05:20:00	2024-12-20 00:00:00	LK-MDONG	DL010	250.00
1146	2024-11-08 16:10:38.451992	2024-11-08 16:10:38.451992	2024-12-20 12:00:00	2024-12-20 07:30:00	MD-VTAU	PT008	135.00
1119	2024-11-08 16:07:41.965359	2024-11-08 16:07:41.965359	2024-12-18 10:00:00	2024-12-18 05:30:00	MD-VTAU	PT002	135.00
1183	2024-11-08 16:14:41.099786	2024-11-08 16:14:41.099786	2024-12-17 18:30:00	2024-12-17 08:30:00	MD-PBNTR	LH008	220.00
1323	2024-12-04 21:27:51	2024-12-04 21:27:57	2024-12-04 21:28:03	2024-12-05 01:28:14	PTT-TPG	MH1311	200.00
1324	2024-12-06 09:27:51	2024-12-06 09:27:57	2024-12-06 09:28:03	2024-12-06 13:28:14	TPG-PTT	MH1311	200.00
1325	2024-12-06 08:00:00	2024-12-06 08:00:10	2024-12-06 08:00:20	2024-12-06 12:00:30	PTT-TPG	MH1311	200.00
1326	2024-12-07 20:00:00	2024-12-07 20:00:10	2024-12-07 20:00:20	2024-12-08 00:00:30	TPG-PTT	MH1311	200.00
1327	2024-12-07 09:00:00	2024-12-07 09:00:10	2024-12-07 09:00:20	2024-12-07 13:00:30	PTT-TPG	MH1311	200.00
1328	2024-12-08 21:00:00	2024-12-08 21:00:10	2024-12-08 21:00:20	2024-12-09 01:00:30	TPG-PTT	MH1311	200.00
1329	2024-12-08 06:00:00	2024-12-08 06:00:10	2024-12-08 06:00:20	2024-12-08 10:00:30	PTT-TPG	MH1311	200.00
1330	2024-12-09 18:00:00	2024-12-09 18:00:10	2024-12-09 18:00:20	2024-12-09 22:00:30	TPG-PTT	MH1311	200.00
1331	2024-12-09 07:30:00	2024-12-09 07:30:10	2024-12-09 07:30:20	2024-12-09 11:30:30	PTT-TPG	MH1311	200.00
1332	2024-12-10 19:30:00	2024-12-10 19:30:10	2024-12-10 19:30:20	2024-12-10 23:30:30	TPG-PTT	MH1311	200.00
1333	2024-12-10 12:00:00	2024-12-10 12:00:10	2024-12-10 12:00:20	2024-12-10 16:00:30	PTT-TPG	MH1311	200.00
1334	2024-12-11 00:00:00	2024-12-11 00:00:10	2024-12-11 00:00:20	2024-12-11 04:00:30	TPG-PTT	MH1311	200.00
1335	2024-12-11 14:15:00	2024-12-11 14:15:10	2024-12-11 14:15:20	2024-12-11 18:15:30	PTT-TPG	MH1311	200.00
1336	2024-12-12 02:15:00	2024-12-12 02:15:10	2024-12-12 02:15:20	2024-12-12 06:15:30	TPG-PTT	MH1311	200.00
9999	2024-11-22 23:50:26	2024-11-22 23:50:28	2024-12-22 06:25:00	2024-12-22 02:45:00	TPG-PTT	MH1311	200.00
1276	2024-11-08 16:24:55.422406	2024-11-08 16:24:55.422406	2024-12-19 15:30:00	2024-12-19 12:30:00	PT-BXMD	CL010	160.00
1271	2024-11-08 16:24:22.78758	2024-11-08 16:24:22.78758	2024-12-19 23:00:00	2024-12-19 20:00:00	PT-BXMD	AA002	320.00
1187	2024-11-08 16:15:07.203833	2024-11-08 16:15:07.203833	2024-12-17 18:00:00	2024-12-17 07:15:00	PBNT-MDO	LH003	220.00
1145	2024-11-08 16:10:31.971392	2024-11-08 16:10:31.971392	2024-12-20 11:00:00	2024-12-20 06:30:00	MD-VTAU	PT006	135.00
1284	2024-11-08 16:25:47.756395	2024-11-08 16:25:47.756395	2024-12-20 12:30:00	2024-12-20 10:30:00	PT-BXMD	CL002	160.00
1270	2024-11-08 16:24:16.268813	2024-11-08 16:24:16.268813	2024-12-18 08:00:00	2024-12-18 04:00:00	MD-PTH	CL009	160.00
1240	2024-11-08 16:20:56.310059	2024-11-08 16:20:56.310059	2024-12-22 18:00:00	2024-12-22 07:30:00	MD-PBNTR	LH004	220.00
1272	2024-11-08 16:24:29.396204	2024-11-08 16:24:29.396204	2024-12-19 12:30:00	2024-12-19 10:30:00	PT-BXMD	CL002	160.00
1076	2024-11-08 16:02:59.153158	2024-11-08 16:02:59.153158	2024-12-20 06:00:00	2024-12-20 00:00:00	MD-LKH	DL004	210.00
1158	2024-11-08 16:11:56.970733	2024-11-08 16:11:56.970733	2024-12-21 12:00:00	2024-12-21 07:30:00	MD-VTAU	PT008	135.00
1263	2024-11-08 16:23:30.622132	2024-11-08 16:23:30.622132	2024-12-18 14:30:00	2024-12-18 11:30:00	PT-BXMD	CL008	160.00
1098	2024-11-08 16:05:22.944442	2024-11-08 16:05:22.944442	2024-12-22 06:40:00	2024-12-22 00:00:00	MD-LKH	DL002	250.00
1147	2024-11-08 16:10:45.113882	2024-11-08 16:10:45.113882	2024-12-20 13:00:00	2024-12-20 08:30:00	MD-VTAU	PT010	135.00
1105	2024-11-08 16:06:10.301595	2024-11-08 16:06:10.301595	2024-12-22 22:45:00	2024-12-22 16:35:00	LK-MDONG	DL009	210.00
1078	2024-11-08 16:03:12.241339	2024-11-08 16:03:12.241339	2024-12-21 07:15:00	2024-12-20 23:30:00	LK-MDONG	LV003	450.00
1092	2024-11-08 16:04:43.638208	2024-11-08 16:04:43.638208	2024-12-21 23:30:00	2024-12-21 16:15:00	LK-MDONG	DL007	240.00
1231	2024-11-08 16:19:56.005484	2024-11-08 16:19:56.005484	2024-12-21 18:30:00	2024-12-21 08:30:00	MD-PBNTR	LH008	220.00
1134	2024-11-08 16:09:19.804779	2024-11-08 16:09:19.804779	2024-12-19 12:00:00	2024-12-19 07:30:00	MD-VTAU	PT008	135.00
1102	2024-11-08 16:05:50.451042	2024-11-08 16:05:50.451042	2024-12-22 05:50:00	2024-12-22 01:00:00	LK-MDONG	DL006	210.00
1034	2024-11-08 15:58:24.678252	2024-11-08 15:58:24.678252	2024-12-16 04:00:00	2024-12-16 00:30:00	MD-PTH	CL003	160.00
1194	2024-11-08 16:15:53.032624	2024-11-08 16:15:53.032624	2024-12-18 18:30:00	2024-12-18 08:00:00	MD-PBNTR	LH006	220.00
1137	2024-11-08 16:09:39.581293	2024-11-08 16:09:39.581293	2024-12-19 07:44:00	2024-12-19 05:00:00	VT-BXMD	PT012	135.00
\.


--
-- Data for Name: seats; Type: TABLE DATA; Schema: public; Owner: postgres
--

COPY public.seats (id, seat_number, status_seat, vehicle_code) FROM stdin;
2	A01	Empty	PT001
3	A02	Empty	PT001
4	A03	Empty	PT001
5	A04	Empty	PT001
6	A05	Empty	PT001
7	B01	Empty	PT001
8	B02	Empty	PT001
9	B03	Empty	PT001
10	B04	Empty	PT001
11	B05	Empty	PT001
12	A01	Empty	PT002
13	A02	Empty	PT002
14	A03	Empty	PT002
15	A04	Empty	PT002
16	A05	Empty	PT002
17	B01	Empty	PT002
18	B02	Empty	PT002
19	B03	Empty	PT002
20	B04	Empty	PT002
21	B05	Empty	PT002
22	A01	Empty	PT003
23	A02	Empty	PT003
24	A03	Empty	PT003
25	A04	Empty	PT003
26	A05	Empty	PT003
27	B01	Empty	PT003
28	B02	Empty	PT003
29	B03	Empty	PT003
30	B04	Empty	PT003
31	B05	Empty	PT003
32	A01	Empty	PT004
33	A02	Empty	PT004
34	A03	Empty	PT004
35	A04	Empty	PT004
36	A05	Empty	PT004
37	B01	Empty	PT004
38	B02	Empty	PT004
39	B03	Empty	PT004
40	B04	Empty	PT004
41	B05	Empty	PT004
42	A01	Empty	PT006
43	A02	Empty	PT006
44	A03	Empty	PT006
45	A04	Empty	PT006
46	A05	Empty	PT006
47	B01	Empty	PT006
48	B02	Empty	PT006
49	B03	Empty	PT006
50	B04	Empty	PT006
51	B05	Empty	PT006
52	A01	Empty	PT008
53	A02	Empty	PT008
54	A03	Empty	PT008
55	A04	Empty	PT008
56	A05	Empty	PT008
57	B01	Empty	PT008
58	B02	Empty	PT008
59	B03	Empty	PT008
60	B04	Empty	PT008
61	B05	Empty	PT008
62	A01	Empty	PT010
63	A02	Empty	PT010
64	A03	Empty	PT010
65	A04	Empty	PT010
66	A05	Empty	PT010
67	B01	Empty	PT010
68	B02	Empty	PT010
69	B03	Empty	PT010
70	B04	Empty	PT010
71	B05	Empty	PT010
72	A01	Empty	PT012
73	A02	Empty	PT012
74	A03	Empty	PT012
75	A04	Empty	PT012
76	A05	Empty	PT012
77	B01	Empty	PT012
78	B02	Empty	PT012
79	B03	Empty	PT012
80	B04	Empty	PT012
81	B05	Empty	PT012
82	A01	Empty	PT014
83	A02	Empty	PT014
84	A03	Empty	PT014
85	A04	Empty	PT014
86	A05	Empty	PT014
87	B01	Empty	PT014
88	B02	Empty	PT014
89	B03	Empty	PT014
90	B04	Empty	PT014
91	B05	Empty	PT014
92	A01	Empty	PT016
93	A02	Empty	PT016
94	A03	Empty	PT016
95	A04	Empty	PT016
96	A05	Empty	PT016
97	B01	Empty	PT016
98	B02	Empty	PT016
99	B03	Empty	PT016
100	B04	Empty	PT016
101	B05	Empty	PT016
102	A01	Empty	PT018
103	A02	Empty	PT018
104	A03	Empty	PT018
105	A04	Empty	PT018
106	A05	Empty	PT018
107	B01	Empty	PT018
108	B02	Empty	PT018
109	B03	Empty	PT018
110	B04	Empty	PT018
111	B05	Empty	PT018
112	A01	Empty	PT020
113	A02	Empty	PT020
114	A03	Empty	PT020
115	A04	Empty	PT020
116	A05	Empty	PT020
117	B01	Empty	PT020
118	B02	Empty	PT020
119	B03	Empty	PT020
120	B04	Empty	PT020
121	B05	Empty	PT020
142	A01	Empty	CL001
143	A02	Empty	CL001
144	A03	Empty	CL001
145	A04	Empty	CL001
146	A05	Empty	CL001
147	B01	Empty	CL001
148	B02	Empty	CL001
149	B03	Empty	CL001
150	B04	Empty	CL001
151	B05	Empty	CL001
152	A01	Empty	CL002
153	A02	Empty	CL002
154	A03	Empty	CL002
155	A04	Empty	CL002
156	A05	Empty	CL002
157	B01	Empty	CL002
125	A04	Full	AA002
158	B02	Empty	CL002
159	B03	Empty	CL002
160	B04	Empty	CL002
161	B05	Empty	CL002
162	A01	Empty	CL003
163	A02	Empty	CL003
164	A03	Empty	CL003
165	A04	Empty	CL003
166	A05	Empty	CL003
167	B01	Empty	CL003
168	B02	Empty	CL003
169	B03	Empty	CL003
170	B04	Empty	CL003
171	B05	Empty	CL003
172	A01	Empty	CL004
173	A02	Empty	CL004
174	A03	Empty	CL004
175	A04	Empty	CL004
176	A05	Empty	CL004
177	B01	Empty	CL004
178	B02	Empty	CL004
179	B03	Empty	CL004
180	B04	Empty	CL004
181	B05	Empty	CL004
182	A01	Empty	CL005
183	A02	Empty	CL005
184	A03	Empty	CL005
185	A04	Empty	CL005
186	A05	Empty	CL005
187	B01	Empty	CL005
188	B02	Empty	CL005
189	B03	Empty	CL005
190	B04	Empty	CL005
191	B05	Empty	CL005
192	A01	Empty	CL006
193	A02	Empty	CL006
194	A03	Empty	CL006
195	A04	Empty	CL006
196	A05	Empty	CL006
197	B01	Empty	CL006
198	B02	Empty	CL006
199	B03	Empty	CL006
200	B04	Empty	CL006
201	B05	Empty	CL006
202	A01	Empty	CL007
203	A02	Empty	CL007
204	A03	Empty	CL007
205	A04	Empty	CL007
206	A05	Empty	CL007
207	B01	Empty	CL007
208	B02	Empty	CL007
209	B03	Empty	CL007
210	B04	Empty	CL007
211	B05	Empty	CL007
212	A01	Empty	CL008
213	A02	Empty	CL008
214	A03	Empty	CL008
215	A04	Empty	CL008
216	A05	Empty	CL008
217	B01	Empty	CL008
218	B02	Empty	CL008
219	B03	Empty	CL008
220	B04	Empty	CL008
221	B05	Empty	CL008
222	A01	Empty	CL009
223	A02	Empty	CL009
224	A03	Empty	CL009
225	A04	Empty	CL009
226	A05	Empty	CL009
227	B01	Empty	CL009
228	B02	Empty	CL009
229	B03	Empty	CL009
230	B04	Empty	CL009
231	B05	Empty	CL009
232	A01	Empty	CL010
233	A02	Empty	CL010
234	A03	Empty	CL010
235	A04	Empty	CL010
236	A05	Empty	CL010
237	B01	Empty	CL010
238	B02	Empty	CL010
239	B03	Empty	CL010
240	B04	Empty	CL010
241	B05	Empty	CL010
242	A01	Empty	LV002
243	A02	Empty	LV002
244	A03	Empty	LV002
245	A04	Empty	LV002
246	A05	Empty	LV002
247	B01	Empty	LV002
248	B02	Empty	LV002
249	B03	Empty	LV002
250	B04	Empty	LV002
251	B05	Empty	LV002
252	A01	Empty	LV004
253	A02	Empty	LV004
254	A03	Empty	LV004
255	A04	Empty	LV004
256	A05	Empty	LV004
257	B01	Empty	LV004
258	B02	Empty	LV004
259	B03	Empty	LV004
260	B04	Empty	LV004
261	B05	Empty	LV004
262	A01	Empty	LH001
263	A02	Empty	LH001
264	A03	Empty	LH001
265	A04	Empty	LH001
266	A05	Empty	LH001
267	B01	Empty	LH001
268	B02	Empty	LH001
269	B03	Empty	LH001
270	B04	Empty	LH001
271	B05	Empty	LH001
272	A01	Empty	LH002
273	A02	Empty	LH002
274	A03	Empty	LH002
275	A04	Empty	LH002
276	A05	Empty	LH002
277	B01	Empty	LH002
278	B02	Empty	LH002
279	B03	Empty	LH002
280	B04	Empty	LH002
281	B05	Empty	LH002
282	A01	Empty	LH003
283	A02	Empty	LH003
284	A03	Empty	LH003
285	A04	Empty	LH003
286	A05	Empty	LH003
287	B01	Empty	LH003
288	B02	Empty	LH003
289	B03	Empty	LH003
290	B04	Empty	LH003
291	B05	Empty	LH003
292	A01	Empty	LH004
293	A02	Empty	LH004
294	A03	Empty	LH004
295	A04	Empty	LH004
296	A05	Empty	LH004
297	B01	Empty	LH004
298	B02	Empty	LH004
299	B03	Empty	LH004
300	B04	Empty	LH004
301	B05	Empty	LH004
302	A01	Empty	LH005
303	A02	Empty	LH005
304	A03	Empty	LH005
305	A04	Empty	LH005
306	A05	Empty	LH005
307	B01	Empty	LH005
308	B02	Empty	LH005
309	B03	Empty	LH005
310	B04	Empty	LH005
311	B05	Empty	LH005
312	A01	Empty	LH006
313	A02	Empty	LH006
314	A03	Empty	LH006
315	A04	Empty	LH006
316	A05	Empty	LH006
317	B01	Empty	LH006
318	B02	Empty	LH006
319	B03	Empty	LH006
320	B04	Empty	LH006
321	B05	Empty	LH006
322	A01	Empty	LH007
323	A02	Empty	LH007
324	A03	Empty	LH007
325	A04	Empty	LH007
326	A05	Empty	LH007
327	B01	Empty	LH007
328	B02	Empty	LH007
329	B03	Empty	LH007
330	B04	Empty	LH007
331	B05	Empty	LH007
332	A01	Empty	LH008
333	A02	Empty	LH008
334	A03	Empty	LH008
335	A04	Empty	LH008
336	A05	Empty	LH008
337	B01	Empty	LH008
338	B02	Empty	LH008
339	B03	Empty	LH008
340	B04	Empty	LH008
341	B05	Empty	LH008
342	A01	Empty	LH009
343	A02	Empty	LH009
344	A03	Empty	LH009
345	A04	Empty	LH009
346	A05	Empty	LH009
347	B01	Empty	LH009
348	B02	Empty	LH009
349	B03	Empty	LH009
350	B04	Empty	LH009
351	B05	Empty	LH009
352	A01	Empty	LH010
353	A02	Empty	LH010
354	A03	Empty	LH010
355	A04	Empty	LH010
356	A05	Empty	LH010
357	B01	Empty	LH010
358	B02	Empty	LH010
359	B03	Empty	LH010
360	B04	Empty	LH010
361	B05	Empty	LH010
362	A01	Empty	LV001
363	A02	Empty	LV001
364	A03	Empty	LV001
365	A04	Empty	LV001
366	A05	Empty	LV001
367	B01	Empty	LV001
368	B02	Empty	LV001
369	B03	Empty	LV001
370	B04	Empty	LV001
371	B05	Empty	LV001
372	A01	Empty	LV003
373	A02	Empty	LV003
374	A03	Empty	LV003
375	A04	Empty	LV003
376	A05	Empty	LV003
377	B01	Empty	LV003
378	B02	Empty	LV003
379	B03	Empty	LV003
380	B04	Empty	LV003
381	B05	Empty	LV003
382	A01	Empty	DL001
383	A02	Empty	DL001
384	A03	Empty	DL001
385	A04	Empty	DL001
386	A05	Empty	DL001
387	B01	Empty	DL001
388	B02	Empty	DL001
389	B03	Empty	DL001
390	B04	Empty	DL001
391	B05	Empty	DL001
392	A01	Empty	DL002
393	A02	Empty	DL002
394	A03	Empty	DL002
395	A04	Empty	DL002
396	A05	Empty	DL002
397	B01	Empty	DL002
398	B02	Empty	DL002
399	B03	Empty	DL002
400	B04	Empty	DL002
401	B05	Empty	DL002
402	A01	Empty	DL003
403	A02	Empty	DL003
404	A03	Empty	DL003
405	A04	Empty	DL003
406	A05	Empty	DL003
407	B01	Empty	DL003
408	B02	Empty	DL003
409	B03	Empty	DL003
410	B04	Empty	DL003
411	B05	Empty	DL003
412	A01	Empty	DL004
413	A02	Empty	DL004
414	A03	Empty	DL004
415	A04	Empty	DL004
416	A05	Empty	DL004
417	B01	Empty	DL004
418	B02	Empty	DL004
419	B03	Empty	DL004
420	B04	Empty	DL004
421	B05	Empty	DL004
422	A01	Empty	DL005
423	A02	Empty	DL005
424	A03	Empty	DL005
425	A04	Empty	DL005
426	A05	Empty	DL005
427	B01	Empty	DL005
428	B02	Empty	DL005
429	B03	Empty	DL005
430	B04	Empty	DL005
431	B05	Empty	DL005
432	A01	Empty	DL006
433	A02	Empty	DL006
434	A03	Empty	DL006
435	A04	Empty	DL006
436	A05	Empty	DL006
437	B01	Empty	DL006
438	B02	Empty	DL006
439	B03	Empty	DL006
440	B04	Empty	DL006
441	B05	Empty	DL006
442	A01	Empty	DL007
443	A02	Empty	DL007
444	A03	Empty	DL007
445	A04	Empty	DL007
446	A05	Empty	DL007
447	B01	Empty	DL007
448	B02	Empty	DL007
449	B03	Empty	DL007
450	B04	Empty	DL007
451	B05	Empty	DL007
452	A01	Empty	DL008
453	A02	Empty	DL008
454	A03	Empty	DL008
455	A04	Empty	DL008
456	A05	Empty	DL008
457	B01	Empty	DL008
458	B02	Empty	DL008
459	B03	Empty	DL008
460	B04	Empty	DL008
461	B05	Empty	DL008
462	A01	Empty	DL009
463	A02	Empty	DL009
464	A03	Empty	DL009
465	A04	Empty	DL009
466	A05	Empty	DL009
467	B01	Empty	DL009
468	B02	Empty	DL009
469	B03	Empty	DL009
470	B04	Empty	DL009
471	B05	Empty	DL009
472	A01	Empty	DL010
473	A02	Empty	DL010
474	A03	Empty	DL010
475	A04	Empty	DL010
476	A05	Empty	DL010
477	B01	Empty	DL010
478	B02	Empty	DL010
479	B03	Empty	DL010
480	B04	Empty	DL010
481	B05	Empty	DL010
482	A1	Empty	MH1311
483	A2	Empty	MH1311
484	B1	Empty	MH1311
485	B2	Empty	MH1311
486	C1	Empty	MH1311
487	C2	Empty	MH1311
122	A01	Full	AA002
127	B01	Full	AA002
140	B04	Full	AA004
123	A02	Full	AA002
139	B03	Full	AA004
137	B01	Full	AA004
132	A01	Full	AA004
131	B05	Full	AA002
130	B04	Full	AA002
128	B02	Full	AA002
134	A03	Full	AA004
129	B03	Full	AA002
126	A05	Full	AA002
124	A03	Full	AA002
136	A05	Full	AA004
133	A02	Full	AA004
135	A04	Full	AA004
138	B02	Full	AA004
141	B05	Full	AA004
11000	A1 	Empty	HN002
11001	A2	Empty	HN002
11002	A3	Empty	HN002
11003	A4	Empty	HN002
11004	A5	Empty	HN002
11005	A6	Empty	HN002
11006	A7	Empty	HN002
11007	A8	Empty	HN002
11008	A9	Empty	HN002
11009	A10	Empty	HN002
11010	A11	Empty	HN002
11011	A12	Empty	HN002
11012	A13	Empty	HN002
11013	A14	Empty	HN002
11014	A15	Empty	HN002
11015	A16	Empty	HN002
11016	A17	Empty	HN002
11017	A18	Empty	HN002
11018	A19	Empty	HN002
11019	A20	Empty	HN002
11020	A21	Empty	HN002
11021	A22	Empty	HN002
11022	A23	Empty	HN002
11023	A24	Empty	HN002
11024	A25	Empty	HN002
11025	A26	Empty	HN002
11026	A27	Empty	HN002
11027	A28	Empty	HN002
11028	A29	Empty	HN002
11029	A30	Empty	HN002
11030	A31	Empty	HN002
11031	A32	Empty	HN002
11032	A33	Empty	HN002
11033	A34	Empty	HN002
11034	A35	Empty	HN002
11035	A1	Empty	BD001
11036	A2	Empty	BD001
11037	A3	Empty	BD001
11038	A4	Empty	BD001
11039	A5	Empty	BD001
11040	A6	Empty	BD001
11041	A7	Empty	BD001
11042	A8	Empty	BD001
11043	A9	Empty	BD001
11044	A10	Empty	BD001
11045	B1	Empty	BD001
11046	B2	Empty	BD001
11047	B3	Empty	BD001
11048	B4	Empty	BD001
11049	B5	Empty	BD001
11050	B6	Empty	BD001
11051	B7	Empty	BD001
11052	B8	Empty	BD001
11053	B9	Empty	BD001
11054	B10	Empty	BD001
11055	C1	Empty	BD001
11056	C2	Empty	BD001
11057	C3	Empty	BD001
11058	C4	Empty	BD001
11059	C5	Empty	BD001
11060	C6	Empty	BD001
11061	C7	Empty	BD001
11062	C8	Empty	BD001
11063	C9	Empty	BD001
11064	C10	Empty	BD001
11065	D1	Empty	BD001
11066	D2	Empty	BD001
11067	D3	Empty	BD001
11068	D4	Empty	BD001
11069	D5	Empty	BD001
\.


--
-- Data for Name: social_accounts; Type: TABLE DATA; Schema: public; Owner: postgres
--

COPY public.social_accounts (id, provider, provider_id, user_id) FROM stdin;
\.


--
-- Data for Name: stations; Type: TABLE DATA; Schema: public; Owner: postgres
--

COPY public.stations (id, city_id, country, name, city) FROM stdin;
1	AG296	Việt Nam	Bến xe khách Long Xuyên	\N
2	AG296	Việt Nam	Bến xe khách Châu Đốc	\N
3	AG296	Việt Nam	Bến xe khách Tân Châu	\N
4	AG296	Việt Nam	Bến xe khách Phú Tân	\N
5	BD256	Việt Nam	Bến xe khách Quy Nhơn	\N
6	BD256	Việt Nam	Bến xe khách Phù Mỹ	\N
7	BD256	Việt Nam	Bến xe khách An Nhơn	\N
8	BD256	Việt Nam	Bến xe khách Hoài Nhơn (Tam Quan)	\N
9	BD274	Việt Nam	Bến xe khách Bình Dương	\N
10	BD274	Việt Nam	Bến xe khách Bến Cát	\N
11	BD274	Việt Nam	Bến xe khách Dĩ An	\N
12	BD274	Việt Nam	Bến xe khách Tân Uyên	\N
13	BG204	Việt Nam	Bến xe khách Bắc Giang	\N
14	BG204	Việt Nam	Bến xe khách Lục Nam	\N
15	BG204	Việt Nam	Bến xe khách Hiệp Hòa	\N
16	BG204	Việt Nam	Bến xe khách Lục Ngạn	\N
17	BH254	Việt Nam	Bến xe khách Bình Phước	\N
18	BH254	Việt Nam	Bến xe khách Bù Đăng	\N
19	BH254	Việt Nam	Bến xe khách Chơn Thành	\N
20	BH254	Việt Nam	Bến xe khách Phước Long	\N
21	BK209	Việt Nam	Bến xe khách Bắc Kạn	\N
22	BK209	Việt Nam	Bến xe khách Chợ Đồn	\N
23	BK209	Việt Nam	Bến xe khách Chợ Mới	\N
24	BK209	Việt Nam	Bến xe khách Na Rì	\N
25	BL291	Việt Nam	Bến xe khách Bạc Liêu	\N
26	BL291	Việt Nam	Bến xe khách Hồng Dân	\N
27	BL291	Việt Nam	Bến xe khách Phước Long	\N
28	BL291	Việt Nam	Bến xe khách Giá Rai	\N
29	BN222	Việt Nam	Bến xe khách Bắc Ninh	\N
30	BN222	Việt Nam	Bến xe khách Thuận Thành	\N
31	BN222	Việt Nam	Bến xe khách Quế Võ	\N
32	BN222	Việt Nam	Bến xe khách Gia Bình	\N
33	BR254	Việt Nam	Bến xe khách Vũng Tàu	\N
34	BR254	Việt Nam	Bến xe khách Bà Rịa	\N
35	BR254	Việt Nam	Bến xe khách Long Điền	\N
36	BR254	Việt Nam	Bến xe khách Phú Mỹ	\N
37	BT252	Việt Nam	Bến xe khách Phan Thiết	\N
38	BT252	Việt Nam	Bến xe khách La Gi	\N
39	BT252	Việt Nam	Bến xe khách Tuy Phong	\N
40	BT252	Việt Nam	Bến xe khách Hàm Tân	\N
41	BT275	Việt Nam	Bến xe khách Bến Tre	\N
42	BT275	Việt Nam	Bến xe khách Châu Thành	\N
43	BT275	Việt Nam	Bến xe khách Bình Đại	\N
44	BT275	Việt Nam	Bến xe khách Mỏ Cày Nam	\N
45	CB206	Việt Nam	Bến xe khách Cao Bằng	\N
46	CB206	Việt Nam	Bến xe khách Trùng Khánh	\N
47	CB206	Việt Nam	Bến xe khách Thạch An	\N
48	CB206	Việt Nam	Bến xe khách Nguyên Bình	\N
49	CM290	Việt Nam	Bến xe khách Cà Mau	\N
50	CM290	Việt Nam	Bến xe khách Đầm Dơi	\N
51	CM290	Việt Nam	Bến xe khách Thới Bình	\N
52	CM290	Việt Nam	Bến xe khách Năm Căn	\N
53	CT292	Việt Nam	Bến xe khách Cần Thơ	\N
54	CT292	Việt Nam	Bến xe khách Phong Điền	\N
55	CT292	Việt Nam	Bến xe khách Thới Lai	\N
56	CT292	Việt Nam	Bến xe khách Ninh Kiều	\N
57	DB215	Việt Nam	Bến xe khách Điện Biên Phủ	\N
58	DB215	Việt Nam	Bến xe khách Mường Nhé	\N
59	DB215	Việt Nam	Bến xe khách Điện Biên Đông	\N
60	DB215	Việt Nam	Bến xe khách Tuần Giáo	\N
61	DL262	Việt Nam	Bến xe khách Buôn Ma Thuột	\N
62	DL262	Việt Nam	Bến xe khách Krông Búk	\N
63	DL262	Việt Nam	Bến xe khách Ea Kar	\N
64	DL262	Việt Nam	Bến xe khách Buôn Hồ	\N
65	DN236	Việt Nam	Bến xe khách Đà Nẵng	\N
66	DN236	Việt Nam	Bến xe khách Liên Chiểu	\N
67	DN236	Việt Nam	Bến xe khách Hòa Khánh	\N
68	DN236	Việt Nam	Bến xe khách Thanh Khê	\N
69	DN251	Việt Nam	Bến xe khách Biên Hòa	\N
70	DN251	Việt Nam	Bến xe khách Nhơn Trạch	\N
71	DN251	Việt Nam	Bến xe khách Long Thành	\N
72	DN251	Việt Nam	Bến xe khách Trảng Bom	\N
73	DN261	Việt Nam	Bến xe khách Gia Nghĩa	\N
74	DN261	Việt Nam	Bến xe khách Đắk Mil	\N
75	DN261	Việt Nam	Bến xe khách Đắk Glong	\N
76	DN261	Việt Nam	Bến xe khách Tuy Đức	\N
77	DT277	Việt Nam	Bến xe khách Đồng Tháp	\N
78	DT277	Việt Nam	Bến xe khách Sa Đéc	\N
79	DT277	Việt Nam	Bến xe khách Hồng Ngự	\N
80	DT277	Việt Nam	Bến xe khách Thanh Bình	\N
81	GL269	Việt Nam	Bến xe khách Pleiku	\N
82	GL269	Việt Nam	Bến xe khách Ayun Pa	\N
83	GL269	Việt Nam	Bến xe khách Đức Cơ	\N
84	GL269	Việt Nam	Bến xe khách Chư Sê	\N
85	HB218	Việt Nam	Bến xe khách Hòa Bình	\N
86	HB218	Việt Nam	Bến xe khách Mai Châu	\N
87	HB218	Việt Nam	Bến xe khách Cao Phong	\N
88	HB218	Việt Nam	Bến xe khách Lạc Sơn	\N
89	HCM28	Việt Nam	Bến xe miền Đông	\N
90	HCM28	Việt Nam	Bến xe miền Tây	\N
91	HCM28	Việt Nam	Bến xe An Sương	\N
92	HCM28	Việt Nam	Bến xe Chợ Lớn	\N
93	HCM28	Việt Nam	Bến xe Nước Ngầm (xe khách liên tỉnh)	\N
94	HD220	Việt Nam	Bến xe khách Hải Dương	\N
95	HD220	Việt Nam	Bến xe khách Kim Thành	\N
96	HD220	Việt Nam	Bến xe khách Chí Linh	\N
97	HD220	Việt Nam	Bến xe khách Thanh Hà	\N
98	HG219	Việt Nam	Bến xe khách Hà Giang	\N
99	HG219	Việt Nam	Bến xe khách Quản Bạ	\N
100	HG219	Việt Nam	Bến xe khách Yên Minh	\N
101	HG219	Việt Nam	Bến xe khách Đồng Văn	\N
102	HG293	Việt Nam	Bến xe khách Vị Thanh	\N
103	HG293	Việt Nam	Bến xe khách Long Mỹ	\N
104	HG293	Việt Nam	Bến xe khách Châu Thành	\N
105	HG293	Việt Nam	Bến xe khách Ngã Bảy	\N
106	HN226	Việt Nam	Bến xe khách Hà Nam	\N
107	HN226	Việt Nam	Bến xe khách Lý Nhân	\N
108	HN226	Việt Nam	Bến xe khách Duy Tiên	\N
109	HN226	Việt Nam	Bến xe khách Kim Bảng	\N
110	HN24	Việt Nam	Bến xe Mỹ Đình	\N
111	HN24	Việt Nam	Bến xe Giáp Bát	\N
112	HN24	Việt Nam	Bến xe Nước Ngầm	\N
113	HN24	Việt Nam	Bến xe Lương Yên	\N
114	HN24	Việt Nam	Bến xe Pháp Vân	\N
115	HP225	Việt Nam	Bến xe khách Hải Phòng (Bến xe Lạc Long)	\N
116	HP225	Việt Nam	Bến xe Nguyễn Bus	\N
117	HP225	Việt Nam	Bến xe khách Đình Vũ	\N
118	HP225	Việt Nam	Bến xe Thượng Lý	\N
119	HT239	Việt Nam	Bến xe khách Hà Tĩnh	\N
120	HT239	Việt Nam	Bến xe Vũ Quang	\N
121	HT239	Việt Nam	Bến xe Thạch Hà	\N
122	HT239	Việt Nam	Bến xe Kỳ Anh	\N
123	HY221	Việt Nam	Bến xe khách Hưng Yên	\N
124	HY221	Việt Nam	Bến xe khách Văn Lâm	\N
125	HY221	Việt Nam	Bến xe khách Khoái Châu	\N
126	HY221	Việt Nam	Bến xe khách Ân Thi	\N
127	KG297	Việt Nam	Bến xe khách Rạch Giá	\N
128	KG297	Việt Nam	Bến xe khách Hà Tiên	\N
129	KG297	Việt Nam	Bến xe khách Phú Quốc	\N
130	KG297	Việt Nam	Bến xe khách An Biên	\N
131	KH258	Việt Nam	Bến xe Phía Bắc Nha Trang	\N
132	KH258	Việt Nam	Bến xe Nha Trang	\N
133	KH258	Việt Nam	Bến xe Phía Nam Nha Trang	\N
134	KH258	Việt Nam	Bến xe Cam Ranh	\N
135	KT260	Việt Nam	Bến xe khách Kon Tum	\N
136	KT260	Việt Nam	Bến xe Đăk Hà	\N
137	KT260	Việt Nam	Bến xe Sa Thầy	\N
138	KT260	Việt Nam	Bến xe Ngọc Hồi	\N
139	LA272	Việt Nam	Bến xe khách Long An	\N
140	LA272	Việt Nam	Bến xe Tân An	\N
141	LA272	Việt Nam	Bến xe Bến Lức	\N
142	LA272	Việt Nam	Bến xe Thủ Thừa	\N
143	LA272	Việt Nam	Bến xe Đức Hòa	\N
144	LC213	Việt Nam	Bến xe khách Lai Châu	\N
145	LC213	Việt Nam	Bến xe khách Tam Đường	\N
146	LC213	Việt Nam	Bến xe Phong Thổ	\N
147	LC213	Việt Nam	Bến xe Mường Tè	\N
148	LC214	Việt Nam	Bến xe khách Lào Cai	\N
149	LC214	Việt Nam	Bến xe khách Sapa	\N
150	LC214	Việt Nam	Bến xe Bắc Hà	\N
151	LC214	Việt Nam	Bến xe Mường Khương	\N
152	LD263	Việt Nam	Bến xe Liên Khương	\N
153	LD263	Việt Nam	Bến xe Đà Lạt	\N
154	LD263	Việt Nam	Bến xe Đức Trọng	\N
155	LD263	Việt Nam	Bến xe Lạc Dương	\N
156	LS205	Việt Nam	Bến xe khách Lạng Sơn	\N
157	LS205	Việt Nam	Bến xe Bắc Sơn	\N
158	LS205	Việt Nam	Bến xe Văn Lãng	\N
159	LS205	Việt Nam	Bến xe Chi Lăng	\N
160	NA238	Việt Nam	Bến xe Vinh	\N
161	NA238	Việt Nam	Bến xe Nghệ An	\N
162	NA238	Việt Nam	Bến xe Diễn Châu	\N
163	NA238	Việt Nam	Bến xe Quỳnh Lưu	\N
164	NA238	Việt Nam	Bến xe Tân Kỳ	\N
165	NB229	Việt Nam	Bến xe Ninh Bình	\N
166	NB229	Việt Nam	Bến xe Kim Sơn	\N
167	NB229	Việt Nam	Bến xe Yên Khánh	\N
168	NB229	Việt Nam	Bến xe Gia Viễn	\N
169	NB229	Việt Nam	Bến xe Tam Điệp	\N
170	ND228	Việt Nam	Bến xe khách Nam Định	\N
171	ND228	Việt Nam	Bến xe Mỹ Lộc	\N
172	ND228	Việt Nam	Bến xe Nam Trực	\N
173	ND228	Việt Nam	Bến xe Xuân Trường	\N
174	ND228	Việt Nam	Bến xe Trực Ninh	\N
175	NT259	Việt Nam	Bến xe Phan Rang - Tháp Chàm	\N
176	NT259	Việt Nam	Bến xe Ninh Sơn	\N
177	NT259	Việt Nam	Bến xe Thuận Bắc	\N
178	NT259	Việt Nam	Bến xe Bác Ái	\N
179	PT210	Việt Nam	Bến xe khách Phú Thọ	\N
180	PT210	Việt Nam	Bến xe Việt Trì	\N
181	PT210	Việt Nam	Bến xe Đoan Hùng	\N
182	PT210	Việt Nam	Bến xe Thanh Ba	\N
183	PT210	Việt Nam	Bến xe Hạ Hòa	\N
184	PY257	Việt Nam	Bến xe Phú Yên (Bến xe Tuy Hòa)	\N
185	PY257	Việt Nam	Bến xe Đông Hòa	\N
186	PY257	Việt Nam	Bến xe Sông Cầu	\N
187	PY257	Việt Nam	Bến xe Tây Hòa	\N
188	PY257	Việt Nam	Bến xe Phú Hòa	\N
189	QB232	Việt Nam	Bến xe Đồng Hới	\N
190	QB232	Việt Nam	Bến xe Quảng Trạch	\N
191	QB232	Việt Nam	Bến xe Ba Đồn	\N
192	QB232	Việt Nam	Bến xe Tuyên Hóa	\N
193	QB232	Việt Nam	Bến xe Lệ Thủy	\N
194	QN203	Việt Nam	Bến xe Bãi Cháy	\N
195	QN203	Việt Nam	Bến xe Móng Cái	\N
196	QN203	Việt Nam	Bến xe Cẩm Phả	\N
197	QN203	Việt Nam	Bến xe Uông Bí	\N
198	QN203	Việt Nam	Bến xe Đông Triều	\N
199	QN235	Việt Nam	Bến xe Tam Kỳ	\N
200	QN235	Việt Nam	Bến xe Hội An	\N
201	QN235	Việt Nam	Bến xe Núi Thành	\N
202	QN235	Việt Nam	Bến xe Phú Ninh	\N
203	QN235	Việt Nam	Bến xe Điện Bàn	\N
204	QN255	Việt Nam	Bến xe Quảng Ngãi	\N
205	QN255	Việt Nam	Bến xe Đức Phổ	\N
206	QN255	Việt Nam	Bến xe Tư Nghĩa	\N
207	QN255	Việt Nam	Bến xe Bình Sơn	\N
208	QN255	Việt Nam	Bến xe Nghĩa Hành	\N
209	QT233	Việt Nam	Bến xe Đông Hà	\N
210	QT233	Việt Nam	Bến xe Quảng Trị	\N
211	QT233	Việt Nam	Bến xe Gio Linh	\N
212	QT233	Việt Nam	Bến xe Cam Lộ	\N
213	QT233	Việt Nam	Bến xe Triệu Phong	\N
214	SL212	Việt Nam	Bến xe Sơn La	\N
215	SL212	Việt Nam	Bến xe Mộc Châu	\N
216	SL212	Việt Nam	Bến xe Phù Yên	\N
217	SL212	Việt Nam	Bến xe Bắc Yên	\N
218	SL212	Việt Nam	Bến xe Quỳnh Nhai	\N
219	ST299	Việt Nam	Bến xe Sóc Trăng	\N
220	ST299	Việt Nam	Bến xe Châu Thành	\N
221	ST299	Việt Nam	Bến xe Kế Sách	\N
222	ST299	Việt Nam	Bến xe Mỹ Tú	\N
223	ST299	Việt Nam	Bến xe Long Phú	\N
224	TB227	Việt Nam	Bến xe Thái Bình	\N
225	TB227	Việt Nam	Bến xe Tiền Hải	\N
226	TB227	Việt Nam	Bến xe Quỳnh Phụ	\N
227	TB227	Việt Nam	Bến xe Hưng Hà	\N
228	TB227	Việt Nam	Bến xe Đông Hưng	\N
229	TG273	Việt Nam	Bến xe Mỹ Tho	\N
230	TG273	Việt Nam	Bến xe Gò Công	\N
231	TG273	Việt Nam	Bến xe Cai Lậy	\N
232	TG273	Việt Nam	Bến xe Châu Thành	\N
233	TG273	Việt Nam	Bến xe Tân Phước	\N
234	TH237	Việt Nam	Bến xe Thanh Hóa	\N
235	TH237	Việt Nam	Bến xe Bỉm Sơn	\N
236	TH237	Việt Nam	Bến xe Hoằng Hóa	\N
237	TH237	Việt Nam	Bến xe Tĩnh Gia	\N
238	TH237	Việt Nam	Bến xe Ngọc Lặc	\N
239	TN208	Việt Nam	Bến xe Thái Nguyên	\N
240	TN208	Việt Nam	Bến xe Phổ Yên	\N
241	TN208	Việt Nam	Bến xe Định Hóa	\N
242	TN208	Việt Nam	Bến xe Đại Từ	\N
243	TN208	Việt Nam	Bến xe Võ Nhai	\N
244	TN276	Việt Nam	Bến xe Tây Ninh	\N
245	TN276	Việt Nam	Bến xe Trảng Bàng	\N
246	TN276	Việt Nam	Bến xe Bến Cầu	\N
247	TN276	Việt Nam	Bến xe Hòa Thành	\N
248	TN276	Việt Nam	Bến xe Dương Minh Châu	\N
249	TQ207	Việt Nam	Bến xe Tuyên Quang	\N
250	TQ207	Việt Nam	Bến xe Sơn Dương	\N
251	TQ207	Việt Nam	Bến xe Yên Sơn	\N
252	TQ207	Việt Nam	Bến xe Hàm Yên	\N
253	TQ207	Việt Nam	Bến xe Chiêm Hóa	\N
254	TTH234	Việt Nam	Bến xe Phía Bắc Huế	\N
255	TTH234	Việt Nam	Bến xe Huế	\N
256	TTH234	Việt Nam	Bến xe Hương Thủy	\N
257	TTH234	Việt Nam	Bến xe Phú Lộc	\N
258	TTH234	Việt Nam	Bến xe A Lưới	\N
259	TV294	Việt Nam	Bến xe Trà Vinh	\N
260	TV294	Việt Nam	Bến xe Cầu Kè	\N
261	TV294	Việt Nam	Bến xe Tiểu Cần	\N
262	TV294	Việt Nam	Bến xe Duyên Hải	\N
263	TV294	Việt Nam	Bến xe Châu Thành	\N
264	VL270	Việt Nam	Bến xe Vĩnh Long	\N
265	VL270	Việt Nam	Bến xe Mang Thít	\N
266	VL270	Việt Nam	Bến xe Bình Minh	\N
267	VL270	Việt Nam	Bến xe Vũng Liêm	\N
268	VL270	Việt Nam	Bến xe Trà Ôn	\N
269	VP211	Việt Nam	Bến xe Vĩnh Phúc	\N
270	VP211	Việt Nam	Bến xe Phúc Yên	\N
271	VP211	Việt Nam	Bến xe Lập Thạch	\N
272	VP211	Việt Nam	Bến xe Bình Xuyên	\N
273	VP211	Việt Nam	Bến xe Tam Đảo	\N
274	YB216	Việt Nam	Bến xe Yên Bái	\N
275	YB216	Việt Nam	Bến xe Văn Yên	\N
276	YB216	Việt Nam	Bến xe Trấn Yên	\N
277	YB216	Việt Nam	Bến xe Lục Yên	\N
278	YB216	Việt Nam	Bến xe Mù Cang Chải	\N
279	BT252	Việt Nam	Bến xe Phan Rí Cửa	\N
280	BT252	Việt Nam	Bến xe Liên Hương	\N
281	BT252	Việt Nam	Bến xe La Gi (Bến xe Bình Tân - La Gi)	\N
282	BT252	Việt Nam	Cảng Phú Quý (cảng tàu)	\N
283	BT252	Việt Nam	Bến xe Đức Linh	\N
284	BT252	Việt Nam	Bến xe Tánh Linh	\N
285	BT252	Việt Nam	Huyện Bắc Bình	\N
286	BT252	Việt Nam	Bến xe Hàm Thuận Nam	\N
\.


--
-- Data for Name: tags; Type: TABLE DATA; Schema: public; Owner: postgres
--

COPY public.tags (id, description, name) FROM stdin;
1	Test tag	test
2	Vui nhon	vuinhon
3	Tinh cam	tinhcam
4	Cap doi	capdoi
5	Du lich	dulich
6	Trai Nghiem	trainghiem
7	Di Phuot	diphuot
8	Khám phá	khampha
9	Biển	bien
\.


--
-- Data for Name: ticket_coupons; Type: TABLE DATA; Schema: public; Owner: postgres
--

COPY public.ticket_coupons (ticket_id, coupon_id) FROM stdin;
2	7
3	7
4	7
5	7
6	7
\.


--
-- Data for Name: ticket_seats; Type: TABLE DATA; Schema: public; Owner: postgres
--

COPY public.ticket_seats (ticket_id, seat_id) FROM stdin;
1	362
1	363
2	382
2	383
3	442
3	443
4	382
4	383
5	442
5	443
6	382
6	383
7	384
7	385
8	442
8	443
9	393
9	396
10	444
10	445
11	242
11	243
11	244
12	322
12	323
12	324
13	242
13	243
13	244
13	245
14	322
14	323
14	324
14	325
\.


--
-- Data for Name: tickets; Type: TABLE DATA; Schema: public; Owner: postgres
--

COPY public.tickets (id, create_at, update_at, status, total_price, payment_id, schedule_id, user_id) FROM stdin;
3	2024-11-21 01:25:18.550127	2024-11-23 00:00:00.573218	Cancelled	336000.00	3	1092	1
4	2024-11-21 02:25:27.33767	2024-11-23 00:00:00.573218	Cancelled	294000.00	3	1048	1
5	2024-11-21 02:25:32.65482	2024-11-23 00:00:00.573218	Cancelled	336000.00	3	1092	1
6	2024-11-21 03:01:32.446996	2024-11-23 00:00:00.573218	Cancelled	294000.00	3	1073	1
1	2024-11-16 15:05:41.648293	2024-11-23 18:25:11.407743	Complete	100000.00	1	988	1
2	2024-11-21 01:25:13.148621	2024-11-23 18:25:12.151407	Complete	294000.00	3	1048	1
7	2024-11-26 20:48:54.301684	2024-11-27 23:59:59.911098	Cancelled	420.00	3	1048	1
8	2024-11-26 20:48:59.232612	2024-11-28 00:00:00.106473	Cancelled	480.00	3	1080	1
9	2024-12-13 22:13:53.423533	2024-12-13 22:15:39.215999	Complete	500000.00	3	1049	1
10	2024-12-13 22:13:58.157035	2024-12-13 22:15:39.216502	Complete	480000.00	3	1080	1
11	2024-12-14 23:48:07.884972	2024-12-14 23:50:59.235352	Complete	1350000.00	3	1203	7
12	2024-12-14 23:48:12.666679	2024-12-14 23:50:59.236356	Complete	660000.00	3	1237	7
13	2024-12-15 23:33:14.741387	2024-12-15 23:34:23.653068	Complete	1800000.00	3	1005	7
14	2024-12-15 23:33:20.680007	2024-12-15 23:34:23.653068	Complete	880000.00	3	1213	7
\.


--
-- Data for Name: tour_tag; Type: TABLE DATA; Schema: public; Owner: postgres
--

COPY public.tour_tag (tour_id, tag_id) FROM stdin;
1	1
1	2
1	3
1	4
2	5
2	6
2	7
9	5
9	6
9	8
9	9
\.


--
-- Data for Name: tours; Type: TABLE DATA; Schema: public; Owner: postgres
--

COPY public.tours (id, create_at, update_at, day, description, is_active, night, note, number_people, rating, title, total_price, admin_id, car_company_id, checkin_id, hotel_id, route_id) FROM stdin;
1	2024-11-24 11:11:46	2024-11-24 11:11:47	1	Khám phá vẻ đẹp hoang sơ và bình yên của vùng biển Phan Thiết và Tuy Phong, nơi bạn có cơ hội trải nghiệm những bãi biển tuyệt đẹp, những cồn cát mênh mông và không gian thiên nhiên đầy hấp dẫn. Tour du lịch này sẽ đưa bạn đến với các điểm đến nổi tiếng như đồi cát Mũi Né, biển Lagi, và các danh thắng khác tại Tuy Phong, nơi có những khung cảnh tuyệt vời cho những ai yêu thích sự tĩnh lặng và sự hòa mình vào thiên nhiên.\n\nTrong hành trình này, bạn sẽ được tham gia vào các hoạt động như tham quan các địa điểm di tích văn hóa, nghỉ dưỡng trên bãi biển, thưởng thức ẩm thực đặc sản địa phương, và tham gia vào các trò chơi thể thao dưới nước. Đây là một tour lý tưởng cho những ai muốn kết hợp giữa thư giãn và khám phá thiên nhiên hoang sơ của vùng biển Bình Thuận.	t	2	Hãy bảo vệ môi trường và không xả rác khi tham quan các bãi biển, đồi cát, và các khu vực thiên nhiên khác. Việc giữ gìn sạch sẽ giúp bảo vệ vẻ đẹp tự nhiên của các điểm du lịch.\n\n	3	8.6	Tour Khám Phá Phan Thiết – Tuy Phong 2 Ngày 1 Đêm	8888	1	1	3	1	PTT-TPG
12	2024-12-15 18:13:17	2024-12-15 18:13:18	1	mo ta	t	2	note	4	8	Title	9999	1	1	3	1	PTT-TPG
11	2024-12-15 16:52:08	2024-12-15 16:52:06	1	Chuyến đi từ Long Xuyên đến Vũng Tàu là một hành trình đầy thú vị, đưa bạn từ vùng đồng bằng sông Cửu Long trù phú đến với bãi biển xanh mát và sôi động của miền Đông Nam Bộ. Khởi hành từ Long Xuyên, bạn sẽ trải qua quãng đường dài với những cánh đồng lúa bát ngát, những dòng sông hiền hòa đặc trưng của miền Tây.	t	2	Trên đường đi, có thể dừng tại TP. Mỹ Tho hoặc Biên Hòa để nghỉ ngơi.	5	9.2	Tour Long Xuyên - Vũng Tàu	7000	1	20	108	278	LX-QN
2	2024-11-25 23:22:49	2024-11-25 23:22:57	1	Tour này sẽ mang đến cho bạn những phút giây thư giãn tuyệt vời bên bãi biển trong lành của Phan Thiết và Hàm Thuận Bắc. Bạn sẽ được tham gia các hoạt động thể thao dưới nước, thăm các điểm du lịch nổi tiếng như Đồi Cát Bay, Tháp Chàm Poshanư, và tận hưởng sự yên bình của thiên nhiên nơi đây.	t	1	Mang theo kem chống nắng, mũ, kính râm, và đồ bơi để tham gia các hoạt động ngoài trời.	4	8.5	Tour Du Lịch Phan Thiết – Hàm Thuận Bắc: Kỳ Nghỉ Tuyệt Vời Bên Bãi Biển	6742	1	1	3	278	PTT-HTB
9	2024-12-14 17:02:51	\N	3	Tour Nha Trang 3 Ngày 2 Đêm được tổng hợp bởi Plan for Trips. Du khách có dịp tham quan và khám phá: Làng yến Mai Sinh, Chùa Long Sơn, khám phá chương trình du thuyền 4 đảo, tắm biển Bãi Tranh, tham dự chương trình Bar trên biển và đặc biệt du khách có dịp thưởng thức tiệc BBQ hải sản với gần 150 món đầy hấp dẫn và thưởng thức bia tươi thả ga.	t	2	Mang theo kem chống nắng, mũ, kính râm, và đồ bơi để tham gia các hoạt động ngoài trời.	4	9.5	Tour Biển Nha Trang - 3N2D	8000	1	13	553	1	MD-PBNTR
\.


--
-- Data for Name: tours_images; Type: TABLE DATA; Schema: public; Owner: postgres
--

COPY public.tours_images (tour_id, images_id) FROM stdin;
2	431
1	361
1	362
1	363
1	364
1	365
1	429
1	430
9	1124
9	1125
9	1126
\.


--
-- Data for Name: tours_user_used; Type: TABLE DATA; Schema: public; Owner: postgres
--

COPY public.tours_user_used (tour_id, user_used_id) FROM stdin;
1	9
\.


--
-- Data for Name: type_enterprise_details; Type: TABLE DATA; Schema: public; Owner: postgres
--

COPY public.type_enterprise_details (id, description, name, id_type_enterprise) FROM stdin;
1	Các loại xe khách từ VIP - Nomal	Xe khách	1
2	Các điểm check-in tham quan du lịch về quang cảnh thiên nhiên	Điểm tham quan thiên nhiên	3
3	Các điểm check-in liên quan đến lịch sử đất nước	Điểm tham quan lịch sử	3
4	Nơi nghỉ dưỡng liên quan đến khách sạn	Khách sạn	2
5	Nơi nghỉ dưỡng riêng tư	Homestay	2
6	Nơi nghỉ dưỡng đầy đủ tiện nghi, sang trọng	Resort	2
\.


--
-- Data for Name: type_enterprises; Type: TABLE DATA; Schema: public; Owner: postgres
--

COPY public.type_enterprises (id, description, name_type) FROM stdin;
1	Các phương tiện vận chuyển hành khách như Máy bay, Xe khách, Tàu hỏa,...	Phương tiện
2	Các nơi ở, nghỉ dưỡng, homestay, hotel, resort,...	Nghỉ ngơi
3	Các điểm check-in tham quan	Tham quan - Du lịch
\.


--
-- Data for Name: users; Type: TABLE DATA; Schema: public; Owner: postgres
--

COPY public.users (id, create_at, update_at, address, birthdate, email, fullname, gender, is_active, facebook_account_id, google_account_id, password, phonenumber, username, image_id, role_id, facebook_id, google_id) FROM stdin;
9	2024-10-14 23:03:26	2024-11-26 22:32:33.788632	\N	2004-01-01	nguyenanhtai@gmail.com	Nguyễn Anh Tài	Nam	t	0	0	$2a$12$ptPnmHaCS9IC0SVcgyy9hO0GPa7S1l7/Wx1gmRbtUMWphwS3uYiSK	+75321488965	anhtai	\N	1	\N	\N
7	2024-10-14 23:03:26	2024-12-15 01:26:25.926856	\N	2004-01-01	huynhhaonam1204@gmail.com	Huỳnh Hạo Nam	Nam	t	0	0	$2a$12$N3CNhr4asxafaclM4u5kUuQAJnysdjD4sNjRtMqsR/CjnCD5TcIv2	+84741258963	haonam	1127	1	\N	\N
1	2024-10-14 09:03:26	2024-11-11 04:10:31.48355	\N	2004-01-01	ductien.mt26@gmail.com	Đinh Tăng Đức Tiến	Nam	t	0	0	$2a$12$MjlaJUdrPX/tO6GvRBHVG.gNAKZotbFWOx9fNwYYtFjSlbF1ll43C	+84789456123	ductien	325	1	\N	\N
6	2024-10-14 23:03:26	2024-11-16 04:40:14.584413	\N	2004-01-01	huynhanhquan@gmail.com	Huỳnh Anh Quân	Nam	t	0	0	$2a$12$v6tWv/.Zc.vXYHvEU57ejeRBfV1abBarJ3ET9QKaLzmI0q7gf8zx2	+84753698525	anhquan	341	1	\N	\N
8	2024-10-14 23:03:26	2024-11-16 14:40:13.313185	\N	2004-01-01	hominhnhut@gmail.com	Hồ Minh Nhựt	Nam	t	0	0	$2a$12$KbAMBRBGc6bvvHa/mVocEuoUmSZFfKIqSsXP43d0RDgSMwxYz473u	+84456789123	minhnhut	316	1	\N	\N
10	2024-11-23 22:01:48.965767	2024-11-23 22:01:48.965767	\N	2004-11-18	ductien.aaa@gmail.com	Đinh Tăng Đức Tiến	Nam	t	\N	\N	$2a$12$sVDjASdeagYtEY3nbUVOaODPRBk8K8214wIYdIEB5OW6B3Hx6AEzO	0911201827	ductien123	\N	1	\N	\N
2	2024-10-15 06:03:26	2024-11-16 21:39:12	\N	2004-01-01	dangthanhhung@gmail.com	Đặng Thành Hùng	Nam	t	0	0	$2a$12$NoiWZb0LWd8Bm1ogm0jHve55D1f1ZYs264HqzRRig1m6P72CStBAy	+84789963123	hung	\N	1	\N	\N
\.


--
-- Data for Name: vehicles; Type: TABLE DATA; Schema: public; Owner: postgres
--

COPY public.vehicles (code, capacity, driver_name, driver_phone, plate_number, type_vehicle, car_company_id) FROM stdin;
PT001	34	Lê Thanh Nhàn	0967364859	50H-736.64	Vip	1
PT002	34	Nguyễn Văn Tín	0912345678	50H-123.45	Standard	1
PT003	34	Trần Văn Thanh	0987654321	50H-234.56	Vip	1
PT004	34	Phạm Minh Phong	0901122334	50H-345.67	Standard	1
PT005	34	Lê Văn Duy	0933445566	50H-456.78	Vip	1
PT006	34	Hoàng Ngọc Em	0966557788	50H-567.89	Standard	1
PT007	34	Bùi Quốc Phúc	0977889900	50H-678.90	Vip	1
PT008	34	Ngô Xuân Giang	0911223344	50H-789.01	Standard	1
PT009	34	Vũ Thị Hương	0944556677	50H-890.12	Vip	1
PT010	34	Phạm Đình In	0933667788	50H-901.23	Standard	1
PT011	34	Lê Hồng Kha	0988776655	50H-012.34	Vip	1
PT012	34	Nguyễn Văn Lang	0909988776	50H-123.45	Standard	1
PT013	34	Trần Thị Minh	0977665544	50H-234.56	Vip	1
PT014	34	Phạm Văn Nam	0966443322	50H-345.67	Standard	1
PT015	34	Hoàng Minh Ong	0911335577	50H-456.78	Vip	1
PT016	34	Vũ Ngọc Phụng	0901445678	50H-567.89	Standard	1
PT017	34	Nguyễn Thị Quyên	0932556677	50H-678.90	Vip	1
PT018	34	Phạm Quốc Quốc	0944667788	50H-789.01	Standard	1
PT019	34	Lê Xuân Son	0901778899	50H-890.12	Vip	1
PT020	34	Nguyễn Đình Thái	0966223344	50H-901.23	Standard	1
PT021	34	Trần Quốc Ưu	0931445566	50H-012.34	Vip	1
PT022	34	Hoàng Văn Vũ	0978556677	50H-123.45	Standard	1
PT023	34	Ngô Văn Quốc	0944778899	50H-234.56	Vip	1
PT024	34	Phạm Văn Xưu	0911998765	50H-345.67	Standard	1
PT025	34	Nguyễn Đình Y	0902334455	50H-456.78	Vip	1
PT026	34	Lê Quốc Việt	0966887766	50H-567.89	Standard	1
PT027	34	Vũ Ngọc Ân	0945112233	50H-678.90	Vip	1
PT028	34	Nguyễn Văn Bảo	0933224455	50H-789.01	Standard	1
PT029	34	Phạm Quốc Cừ	0977778899	50H-890.12	Vip	1
PT030	34	Hoàng Minh Minh	0901445566	50H-901.23	Standard	1
PT031	34	Nguyễn Quốc Tèo	0935667788	50H-012.34	Vip	1
PT032	34	Trần Quốc Phong	0912334455	50H-123.45	Standard	1
PT033	34	Lê Minh Giang	0966332233	50H-234.56	Vip	1
PT034	34	Ngô Văn Hậu	0901667788	50H-345.67	Standard	1
PT035	34	Nguyễn Văn Ý	0944556677	50H-456.78	Vip	1
PT036	34	Hoàng Quốc Khoa	0933998877	50H-567.89	Standard	1
PT037	34	Phạm Quốc Kha	0911778899	50H-678.90	Vip	1
PT038	34	Nguyễn Minh Lan	0977556677	50H-789.01	Standard	1
PT039	34	Hoàng Đình Minh	0901667788	50H-890.12	Vip	1
PT040	34	Trần Quốc Nam	0966112233	50H-901.23	Standard	1
PT041	34	Ngô Minh Mẫn	0911999988	50H-012.34	Vip	1
PT042	34	Lê Văn Phượng	0934556677	50H-123.45	Standard	1
PT043	34	Nguyễn Thị Quân	0977776655	50H-234.56	Vip	1
PT044	34	Hoàng Đình Pha	0902998877	50H-345.67	Standard	1
PT045	34	Phạm Minh Sơn	0945778899	50H-456.78	Vip	1
PT046	34	Lê Văn Thái	0911223344	50H-567.89	Standard	1
PT047	34	Nguyễn Đình Vũ	0901556677	50H-678.90	Vip	1
PT048	34	Trần Thị Vy	0977998866	50H-789.01	Standard	1
PT049	34	Phạm Quốc Việt	0934445566	50H-890.12	Vip	1
PT050	34	Hoàng Minh Xuân	0912334455	50H-901.23	Standard	1
AA001	44	Lê Thanh Tùng	0965835684	49H-736.64	Standard	2
AA002	34	Huỳnh Văn Phong	0965673748	49H-764.98	Vip	2
AA003	44	Nguyễn Văn An	0912345678	49H-123.45	Standard	2
AA004	34	Trần Văn Bùi	0987654321	49H-234.56	Vip	2
AA005	44	Phạm Minh Cường	0901122334	49H-345.67	Standard	2
AA006	34	Lê Văn Duy	0933445566	49H-456.78	Vip	2
AA007	44	Hoàng Ngọc Em	0966557788	49H-567.89	Standard	2
AA008	34	Bùi Quốc An	0977889900	49H-678.90	Vip	2
AA009	44	Ngô Xuân G	0911223344	49H-789.01	Standard	2
AA010	34	Vũ Thị Hân	0944556677	49H-890.12	Vip	2
AA011	44	Phạm Đình Tâm	0933667788	49H-901.23	Standard	2
AA012	34	Lê Hồng Khoa	0988776655	49H-012.34	Vip	2
DL001	36	Lê Tùng Núi	0864738291	29H-297.11	Standard	3
DL002	36	Nguyễn Văn Khang	0912345679	29H-123.45	Standard	3
DL003	36	Trần Văn Bưởi	0987654322	29H-234.56	Standard	3
DL004	36	Phạm Minh Cừu	0901122336	29H-345.67	Standard	3
DL005	36	Lê Văn Dương	0933445561	29H-456.78	Standard	3
DL006	36	Hoàng Ngọc Vân	0966557738	29H-567.89	Standard	3
DL007	36	Bùi Quốc Khang	0977889120	29H-678.90	Standard	3
DL008	36	Ngô Xuân Giang	0911223124	29H-789.01	Standard	3
DL009	36	Vũ Thị Hoài	0944556671	29H-890.12	Standard	3
DL010	36	Phạm Đình Tâm	0931267788	29H-901.23	Standard	3
DL011	36	Lê Hồng Tín	0988778655	29H-012.34	Standard	3
LV001	22	Huỳnh Thành Tân	0967728219	48H-999.99	Vip	5
LV002	22	Nguyễn Văn Phu	0912786789	48H-123.45	Vip	5
LV003	22	Trần Văn Bo	0987123566	48H-234.56	Vip	5
LV004	22	Phạm Minh Công	0901453344	48H-345.67	Vip	5
LV005	22	Lê Văn Dược	0933445236	48H-456.78	Vip	5
LV006	22	Hoàng Ngọc Én	0966523788	48H-567.89	Vip	5
LV007	22	Bùi Quốc Lâm	0977886400	48H-678.90	Vip	5
LV008	22	Ngô Xuân Gần	0911221244	48H-789.01	Vip	5
LV009	22	Vũ Thị Hoa	0944556676	48H-890.12	Vip	5
LV010	22	Phạm Đình Long	0933007788	48H-901.23	Vip	5
LV011	22	Lê Hồng Phát	0988773455	48H-012.34	Vip	5
TN001	44	Lê Kim Huỳnh	0937589830	70H-012.34	Standard	4
TN003	44	Nguyễn Văn Lâm	0912565678	70H-123.45	Standard	4
TN005	44	Phạm Minh Cúp	0901126934	70H-345.67	Standard	4
MH1311	6	Hồ Minh Nhựt	0348308951	86H-013.11	Standard	1
TN007	44	Hoàng Ngọc Phùng	0966557788	70H-567.89	Standard	4
TN009	44	Ngô Xuân Tách	0911223344	70H-789.01	Standard	4
TN011	44	Phạm Đình Tài	0933667788	70H-901.23	Standard	4
AQ002	44	Nguyễn Thanh Hạnh	0967480878	50H-162.00	Standard	6
AQ004	44	Lê Văn Châu	0966240879	50H-164.00	Standard	6
AQ006	44	Vũ Khánh Khang	0921529767	50H-166.00	Standard	6
AQ008	44	Nguyễn Hoàng Bình	0926501525	50H-168.00	Standard	6
AQ010	44	Hồ Minh Nghĩa	0939135980	50H-170.00	Standard	6
HH002	44	Đặng Thanh An	0973714894	50H-172.00	Standard	7
HH004	44	Đặng Minh Khang	0917172383	50H-174.00	Standard	7
HH006	44	Vũ Thị Bình	0929949686	50H-176.00	Standard	7
HH008	44	Đặng Khánh Phúc	0994546365	50H-178.00	Standard	7
HH010	44	Trần Hoàng Châu	0944975474	50H-180.00	Standard	7
BT002	44	Vũ Hữu Bình	0947835229	50H-182.00	Standard	8
BT004	44	Trần Khánh Bình	0911610567	50H-184.00	Standard	8
BT006	44	Vũ Khánh Dũng	0958422419	50H-186.00	Standard	8
BT008	44	Bùi Thị Hạnh	0921880617	50H-188.00	Standard	8
BT010	44	Đặng Khánh Nghĩa	0951738421	50H-190.00	Standard	8
HM002	44	Đỗ Văn Mai	0942510238	50H-192.00	Standard	9
HM004	44	Đặng Hoàng Lan	0945187173	50H-194.00	Standard	9
HM006	44	Phạm Kim Lan	0916432163	50H-196.00	Standard	9
HM008	44	Phan Thanh Phúc	0984393596	50H-198.00	Standard	9
HM010	44	Nguyễn Xuân Lan	0915658227	50H-200.00	Standard	9
CN002	44	Lê Xuân Bình	0921213981	50H-202.00	Standard	10
CN004	44	Bùi Văn Lan	0933104221	50H-204.00	Standard	10
CN006	44	Bùi Văn Mai	0935521726	50H-206.00	Standard	10
CN008	44	Bùi Xuân Châu	0933372531	50H-208.00	Standard	10
CN010	44	Phạm Văn Bình	0928374838	50H-210.00	Standard	10
CL002	44	Phạm Kim Bình	0948017367	50H-212.00	Standard	11
CL004	44	Phan Văn Nghĩa	0921985502	50H-214.00	Standard	11
CL006	44	Vũ Văn Phúc	0911042745	50H-216.00	Standard	11
CL008	44	Bùi Hoàng Khang	0985652831	50H-218.00	Standard	11
CL010	44	Đặng Hoàng An	0966808582	50H-220.00	Standard	11
CT002	44	Phan Minh Nghĩa	0992683018	50H-222.00	Standard	12
CT004	44	Hồ Thanh Khang	0965570362	50H-224.00	Standard	12
CT006	44	Nguyễn Thị Dũng	0932021314	50H-226.00	Standard	12
CT008	44	Bùi Thanh Dũng	0933406146	50H-228.00	Standard	12
CT010	44	Đặng Thanh Mai	0945256265	50H-230.00	Standard	12
LH002	44	Phan Hữu Khang	0956312162	50H-232.00	Standard	13
LH004	44	Đỗ Tuấn Lan	0978091696	50H-234.00	Standard	13
LH006	44	Trần Kim Hạnh	0999427384	50H-236.00	Standard	13
LH008	44	Vũ Khánh Lan	0937663497	50H-238.00	Standard	13
LH010	44	Phan Thanh Bình	0958300811	50H-240.00	Standard	13
TK002	44	Vũ Kim Lan	0918925258	50H-242.00	Standard	14
TK004	44	Hồ Hữu An	0952397343	50H-244.00	Standard	14
TK006	44	Hồ Văn Châu	0996344033	50H-246.00	Standard	14
TK008	44	Nguyễn Kim Bình	0956003985	50H-248.00	Standard	14
TK010	44	Nguyễn Khánh An	0918124635	50H-250.00	Standard	14
DD002	44	Đặng Thanh Bình	0972515169	50H-252.00	Standard	15
DD004	44	Nguyễn Hoàng Lan	0997185537	50H-254.00	Standard	15
DD006	44	Đặng Kim Khang	0923369393	50H-256.00	Standard	15
AN004	34	Nguyễn Thị Lan	0988776346	70H-129.87	Standard	4
DD008	44	Vũ Hoàng Bình	0957365118	50H-258.00	Standard	15
BN758	34	Lê Minh Tuấn	0988776625	70H-356.72	Standard	6
DD010	44	Trần Xuân Hạnh	0987240777	50H-260.00	Standard	15
AC983	34	Trần Bi La	0988776611	70H-481.19	Standard	4
CH002	44	Trần Khánh Châu	0916882142	50H-262.00	Standard	16
KN321	34	Phạm Thị Mai	0988776634	70H-962.30	Standard	4
CH004	44	Đỗ Thanh Phúc	0941935787	50H-264.00	Standard	16
MN471	34	Vũ Thanh An	0988776645	70H-234.81	Standard	6
CH006	44	Nguyễn Khánh Hạnh	0937590584	50H-266.00	Standard	16
MT645	34	Nguyễn Thị Thu	0988776656	70H-019.58	Standard	4
CH008	44	Lê Khánh Mai	0952433409	50H-268.00	Standard	16
TN732	34	Trần Hữu Hoàng	0988776667	70H-372.44	Standard	4
CH010	44	Trần Văn Nghĩa	0966443164	50H-270.00	Standard	16
CT589	34	Đoàn Minh Chiến	0988776678	70H-753.10	Standard	6
DQ002	44	Lê Thị Hạnh	0994509430	50H-272.00	Standard	17
TN132	34	Lê Thị Kim	0988776689	70H-874.25	Standard	4
DQ004	44	Đỗ Hữu Hạnh	0946385373	50H-274.00	Standard	17
TN845	34	Phan Hương Nhu	0988776690	70H-051.29	Standard	4
DQ006	44	Lê Thị Dũng	0998897000	50H-276.00	Standard	17
DQ008	44	Bùi Hữu Mai	0955879858	50H-278.00	Standard	17
DQ010	44	Đặng Hoàng Dũng	0939003974	50H-280.00	Standard	17
TH002	44	Bùi Khánh Hạnh	0965491628	50H-282.00	Standard	18
TH004	44	Bùi Xuân Nghĩa	0932915382	50H-284.00	Standard	18
TH006	44	Lê Xuân Hạnh	0962536351	50H-286.00	Standard	18
TH008	44	Lê Minh Dũng	0944735774	50H-288.00	Standard	18
TH010	44	Phạm Văn An	0932418602	50H-290.00	Standard	18
VL002	44	Hồ Tuấn Khang	0991585124	50H-292.00	Standard	19
VL004	44	Bùi Thị Bình	0982493646	50H-294.00	Standard	19
VL006	44	Đỗ Minh Lan	0972293990	50H-296.00	Standard	19
VL008	44	Trần Hữu Dũng	0929458917	50H-298.00	Standard	19
VL010	44	Bùi Kim Nghĩa	0988019090	50H-300.00	Standard	19
HN002	44	Đặng Xuân Dũng	0926493536	50H-302.00	Standard	20
HN004	44	Hồ Minh Bình	0915782169	50H-304.00	Standard	20
HN006	44	Trần Thị Mai	0963564855	50H-306.00	Standard	20
HN008	44	Nguyễn Thị Hạnh	0978461740	50H-308.00	Standard	20
HN010	44	Phạm Thanh Hạnh	0932049843	50H-310.00	Standard	20
TTH002	44	Phan Văn An	0935187416	50H-312.00	Standard	21
TTH004	44	Phạm Hoàng Bình	0972473180	50H-314.00	Standard	21
TTH006	44	Đỗ Minh Mai	0941431797	50H-316.00	Standard	21
TTH008	44	Bùi Thị Phúc	0911092334	50H-318.00	Standard	21
TTH010	44	Phan Thị Khang	0967071640	50H-320.00	Standard	21
KH002	44	Nguyễn Thị Châu	0954069191	50H-332.00	Standard	23
KH004	44	Lê Hữu Phúc	0932371081	50H-334.00	Standard	23
KH006	44	Vũ Khánh An	0983122027	50H-336.00	Standard	23
KH008	44	Lê Khánh Hạnh	0924250354	50H-338.00	Standard	23
KH010	44	Vũ Xuân Châu	0998343274	50H-340.00	Standard	23
HS002	44	Vũ Văn Lan	0992496057	50H-342.00	Standard	24
HS004	44	Bùi Hoàng Hạnh	0947964209	50H-344.00	Standard	24
HS006	44	Trần Hữu Phúc	0954952675	50H-346.00	Standard	24
HS008	44	Vũ Hoàng Nghĩa	0945020625	50H-348.00	Standard	24
HS010	44	Trần Kim Dũng	0951118526	50H-350.00	Standard	24
MT002	44	Nguyễn Minh Bình	0968480798	50H-352.00	Standard	25
MT004	44	Vũ Hoàng Phúc	0982916879	50H-354.00	Standard	25
MT006	44	Bùi Thanh Lan	0939350494	50H-356.00	Standard	25
MT008	44	Bùi Xuân Khang	0938526524	50H-358.00	Standard	25
MT010	44	Lê Hoàng Lan	0941602928	50H-360.00	Standard	25
TT002	44	Vũ Khánh Châu	0955015863	50H-362.00	Standard	26
TT004	44	Nguyễn Hoàng Mai	0945714935	50H-364.00	Standard	26
TT006	44	Trần Văn Mai	0941243201	50H-366.00	Standard	26
TT008	44	Phan Văn Dũng	0935212124	50H-368.00	Standard	26
TT010	44	Đặng Hoàng Châu	0963572829	50H-370.00	Standard	26
AH002	44	Lê Xuân An	0984231990	50H-372.00	Standard	27
AH004	44	Nguyễn Thanh Châu	0963149486	50H-374.00	Standard	27
AH006	44	Lê Xuân Châu	0925013413	50H-376.00	Standard	27
AH008	44	Lê Thị Dũng	0963507172	50H-378.00	Standard	27
AH010	44	Bùi Hữu Lan	0927503170	50H-380.00	Standard	27
HA002	44	Bùi Văn Khang	0941966030	50H-382.00	Standard	28
HA004	44	Nguyễn Kim Châu	0983913367	50H-384.00	Standard	28
HA006	44	Phạm Thị An	0991365055	50H-386.00	Standard	28
HA008	44	Lê Hoàng Lan	0915235997	50H-388.00	Standard	28
HA010	44	Hồ Thị Lan	0931214896	50H-390.00	Standard	28
HP002	44	Đỗ Văn Phúc	0959698776	50H-392.00	Standard	29
HP004	44	Lê Thị Hạnh	0949031160	50H-394.00	Standard	29
HP006	44	Đỗ Khánh Nghĩa	0932309644	50H-396.00	Standard	29
HP008	44	Phan Tuấn An	0943969365	50H-398.00	Standard	29
HP010	44	Bùi Tuấn Mai	0943199163	50H-400.00	Standard	29
HA001	34	Hồ Thanh Châu	0942953332	50H-381.00	Standard	28
CH003	34	Đặng Minh Khang	0951924937	50H-263.00	Standard	16
HM009	34	Đỗ Minh Phúc	0986842576	50H-199.00	Standard	9
KH001	34	Nguyễn Thanh Phúc	0943566552	50H-331.00	Standard	23
MT005	34	Bùi Văn An	0951688095	50H-355.00	Standard	25
DQ001	34	Trần Tuấn Lan	0994079185	50H-271.00	Standard	17
LH009	34	Phạm Xuân Nghĩa	0957568008	50H-239.00	Standard	13
CH005	34	Nguyễn Xuân Dũng	0999308176	50H-265.00	Standard	16
HP005	34	Bùi Khánh Phúc	0959533539	50H-395.00	Standard	29
HP003	34	Đỗ Xuân Lan	0921931330	50H-393.00	Standard	29
HS003	34	Vũ Thanh Châu	0996713197	50H-343.00	Standard	24
MT003	34	Đỗ Văn Khang	0968664507	50H-353.00	Standard	25
HS005	34	Đặng Thanh Lan	0921364155	50H-345.00	Standard	24
DQ003	34	Hồ Hoàng Khang	0962033012	50H-273.00	Standard	17
TTH009	34	Bùi Hoàng Bình	0979383002	50H-319.00	Standard	21
CT001	34	Nguyễn Văn Phúc	0938496648	50H-221.00	Standard	12
TT009	34	Hồ Xuân An	0936041301	50H-369.00	Standard	26
CN003	34	Bùi Thị Dũng	0967587757	50H-203.00	Standard	10
CH001	34	Đỗ Văn Nghĩa	0974825020	50H-261.00	Standard	16
BT009	34	Bùi Hữu Bình	0969967977	50H-189.00	Standard	8
HM007	34	Đỗ Tuấn Mai	0999821689	50H-197.00	Standard	9
HH001	34	Đặng Thị Nghĩa	0943682818	50H-171.00	Standard	7
HH003	34	Vũ Văn Mai	0911986613	50H-173.00	Standard	7
HH005	34	Vũ Văn Phúc	0961139806	50H-175.00	Standard	7
AH009	34	Trần Kim Khang	0953778161	50H-379.00	Standard	27
DD005	34	Phan Văn Nghĩa	0999323131	50H-255.00	Standard	15
AH007	34	Bùi Văn Phúc	0956208080	50H-377.00	Standard	27
TT007	34	Phạm Hữu Mai	0922551956	50H-367.00	Standard	26
DD003	34	Phạm Kim Dũng	0921456996	50H-253.00	Standard	15
CN005	34	Lê Tuấn Khang	0972084399	50H-205.00	Standard	10
TK003	34	Trần Tuấn An	0912833111	50H-243.00	Standard	14
DD001	34	Đặng Thanh Bình	0929829050	50H-251.00	Standard	15
CT003	34	Nguyễn Minh Khang	0926293928	50H-223.00	Standard	12
HN003	34	Đỗ Minh Mai	0939022191	50H-303.00	Standard	20
HS001	34	Đặng Hoàng Châu	0934577718	50H-341.00	Standard	24
TT003	34	Hồ Xuân Dũng	0937230058	50H-363.00	Standard	26
BT003	34	Phạm Thị Phúc	0988516379	50H-183.00	Standard	8
TK009	34	Vũ Minh Mai	0951931078	50H-249.00	Standard	14
HM005	34	Hồ Xuân Dũng	0956336245	50H-195.00	Standard	9
CH009	34	Hồ Thanh Nghĩa	0987519644	50H-269.00	Standard	16
CH007	34	Hồ Kim Mai	0946716976	50H-267.00	Standard	16
HS009	34	Phạm Kim Phúc	0966474712	50H-349.00	Standard	24
TH007	34	Phan Tuấn Hạnh	0952497614	50H-287.00	Standard	18
TT001	34	Đỗ Xuân Châu	0978803625	50H-361.00	Standard	26
VL005	34	Hồ Kim Lan	0947982630	50H-295.00	Standard	19
HS007	34	Vũ Xuân Phúc	0917481419	50H-347.00	Standard	24
MT001	34	Hồ Tuấn Phúc	0955908407	50H-351.00	Standard	25
HN005	34	Vũ Thanh Phúc	0913530246	50H-305.00	Standard	20
TK001	34	Bùi Tuấn Nghĩa	0921756759	50H-241.00	Standard	14
HN001	34	Trần Minh Nghĩa	0978498143	50H-301.00	Standard	20
VL003	34	Lê Khánh Lan	0922953038	50H-293.00	Standard	19
TT005	34	Nguyễn Thị Hạnh	0948613560	50H-365.00	Standard	26
DD007	34	Lê Kim Bình	0936651849	50H-257.00	Standard	15
HH007	34	Đỗ Minh Hạnh	0968695220	50H-177.00	Standard	7
CN001	34	Trần Tuấn Châu	0983236923	50H-201.00	Standard	10
TH005	34	Hồ Minh Châu	0978064282	50H-285.00	Standard	18
TK005	34	Nguyễn Tuấn Khang	0935584298	50H-245.00	Standard	14
CT007	34	Phạm Hữu Dũng	0963489285	50H-227.00	Standard	12
TN004	34	Trần Văn Bóp	09876549021	70H-234.56	Standard	4
TN002	34	Lê Thanh Tâm	0956343499	70H-019.09	Standard	4
TN006	34	Lê Văn Di	0933445566	70H-456.78	Standard	4
BT005	34	Bùi Kim Bình	0961999609	50H-185.00	Standard	8
BT007	34	Đỗ Minh Dũng	0947946707	50H-187.00	Standard	8
MT009	34	Phan Tuấn Khang	0972607279	50H-359.00	Standard	25
MT007	34	Hồ Văn Bình	0972778568	50H-357.00	Standard	25
TN008	34	Bùi Quốc Sinh	0977889900	70H-678.90	Standard	4
VL001	34	Nguyễn Kim Mai	0948648464	50H-291.00	Standard	19
CL005	34	Phạm Tuấn An	0941101185	50H-215.00	Standard	11
DD009	34	Nguyễn Văn Khang	0993023092	50H-259.00	Standard	15
AQ005	34	Nguyễn Thị An	0933324204	50H-165.00	Standard	6
KH009	34	Lê Hoàng Mai	0922603844	50H-339.00	Standard	23
HM001	34	Đỗ Xuân Dũng	0993565014	50H-191.00	Standard	9
CN009	34	Bùi Xuân Lan	0997861434	50H-209.00	Standard	10
HH009	34	Phan Kim Hạnh	0943517075	50H-179.00	Standard	7
TH009	34	Nguyễn Thị Mai	0917054170	50H-289.00	Standard	18
AQ007	34	Nguyễn Khánh Bình	0987508511	50H-167.00	Standard	6
AH001	34	Lê Minh Lan	0961721813	50H-371.00	Standard	27
CN007	34	Đỗ Kim Bình	0998132077	50H-207.00	Standard	10
DQ009	34	Phạm Kim Lan	0947135226	50H-279.00	Standard	17
TN010	34	Vũ Thị Trà Mi	0944556677	70H-890.12	Standard	4
CT005	34	Đặng Văn Dũng	0994413146	50H-225.00	Standard	12
HM003	34	Đỗ Thanh Mai	0972955177	50H-193.00	Standard	9
CT009	34	Hồ Khánh Dũng	0992913479	50H-229.00	Standard	12
AQ003	34	Nguyễn Thị Châu	0942376617	50H-163.00	Standard	6
HA009	34	Đỗ Khánh Phúc	0969317011	50H-389.00	Standard	28
TK007	34	Hồ Văn Khang	0917955231	50H-247.00	Standard	14
BT001	34	Trần Tuấn Phúc	0961738442	50H-181.00	Standard	8
LH003	34	Phạm Minh Phúc	0962908941	50H-233.00	Standard	13
HN007	34	Phan Thanh Hạnh	0948723346	50H-307.00	Standard	20
HN009	34	Trần Hữu Mai	0997220550	50H-309.00	Standard	20
AQ009	34	Đặng Hoàng Mai	0974955332	50H-169.00	Standard	6
HP009	34	Phạm Xuân Dũng	0916154425	50H-399.00	Standard	29
CL009	34	Phạm Khánh Dũng	0996097455	50H-219.00	Standard	11
CL001	34	Hồ Khánh Lan	0973295995	50H-211.00	Standard	11
TTH007	34	Vũ Xuân Nghĩa	0912411848	50H-317.00	Standard	21
HA005	34	Đặng Thanh Phúc	0922255090	50H-385.00	Standard	28
TH003	34	Trần Tuấn Bình	0939043252	50H-283.00	Standard	18
AH005	34	Hồ Văn Hạnh	0932133505	50H-375.00	Standard	27
LH005	34	Đặng Kim Hạnh	0962655905	50H-235.00	Standard	13
TH001	34	Lê Minh Nghĩa	0993246331	50H-281.00	Standard	18
LH007	34	Đỗ Thị Châu	0954190921	50H-237.00	Standard	13
DQ005	34	Đặng Kim Mai	0937346395	50H-275.00	Standard	17
VL007	34	Nguyễn Kim An	0997717583	50H-297.00	Standard	19
HP001	34	Lê Hữu An	0943950330	50H-391.00	Standard	29
AQ001	34	Đặng Thị Lan	0927395249	50H-161.00	Standard	6
DQ007	34	Hồ Kim Khang	0932719206	50H-277.00	Standard	17
AH003	34	Vũ Khánh Mai	0964004863	50H-373.00	Standard	27
VL009	34	Đặng Kim Mai	0963361835	50H-299.00	Standard	19
CL007	34	Phan Xuân Mai	0957056230	50H-217.00	Standard	11
CL003	34	Hồ Văn Hạnh	0927492900	50H-213.00	Standard	11
KH003	34	Phạm Hoàng Lan	0962882918	50H-333.00	Standard	23
HA007	34	Đỗ Khánh Khang	0985049354	50H-387.00	Standard	28
HP007	34	Vũ Kim Lan	0945319386	50H-397.00	Standard	29
LH001	34	Hồ Hữu Phúc	0948659622	50H-231.00	Standard	13
HA003	34	Nguyễn Thanh Lan	0961389133	50H-383.00	Standard	28
TTH005	34	Đỗ Minh Phúc	0983796172	50H-315.00	Standard	21
TTH003	34	Đặng Kim Phúc	0922689996	50H-313.00	Standard	21
KH007	34	Vũ Văn Lan	0955891489	50H-337.00	Standard	23
KH005	34	Hồ Kim Hạnh	0987752989	50H-335.00	Standard	23
TTH001	34	Bùi Minh Mai	0969552066	50H-311.00	Standard	21
TN012	34	Lê Hồng Khiêm	0988776655	70H-012.34	Standard	4
BD001	35	NGUYEN BINH	03387621	88:H01234	Vip	30
\.


--
-- Name: account_enterprises_id_seq; Type: SEQUENCE SET; Schema: public; Owner: postgres
--

SELECT pg_catalog.setval('public.account_enterprises_id_seq', 640, true);


--
-- Name: admins_id_seq; Type: SEQUENCE SET; Schema: public; Owner: postgres
--

SELECT pg_catalog.setval('public.admins_id_seq', 2, true);


--
-- Name: banner_id_seq; Type: SEQUENCE SET; Schema: public; Owner: postgres
--

SELECT pg_catalog.setval('public.banner_id_seq', 1, false);


--
-- Name: booking_hotels_id_seq; Type: SEQUENCE SET; Schema: public; Owner: postgres
--

SELECT pg_catalog.setval('public.booking_hotels_id_seq', 20, true);


--
-- Name: car_company_id_seq; Type: SEQUENCE SET; Schema: public; Owner: postgres
--

SELECT pg_catalog.setval('public.car_company_id_seq', 30, true);


--
-- Name: checkin_images_id_seq; Type: SEQUENCE SET; Schema: public; Owner: postgres
--

SELECT pg_catalog.setval('public.checkin_images_id_seq', 632, true);


--
-- Name: checkins_id_seq; Type: SEQUENCE SET; Schema: public; Owner: postgres
--

SELECT pg_catalog.setval('public.checkins_id_seq', 732, true);


--
-- Name: coupon_room_id_seq; Type: SEQUENCE SET; Schema: public; Owner: postgres
--

SELECT pg_catalog.setval('public.coupon_room_id_seq', 1, true);


--
-- Name: coupons_id_seq; Type: SEQUENCE SET; Schema: public; Owner: postgres
--

SELECT pg_catalog.setval('public.coupons_id_seq', 10, true);


--
-- Name: hotel_amenities_id_seq; Type: SEQUENCE SET; Schema: public; Owner: postgres
--

SELECT pg_catalog.setval('public.hotel_amenities_id_seq', 338, true);


--
-- Name: hotel_images_id_seq; Type: SEQUENCE SET; Schema: public; Owner: postgres
--

SELECT pg_catalog.setval('public.hotel_images_id_seq', 226, true);


--
-- Name: hotels_id_seq; Type: SEQUENCE SET; Schema: public; Owner: postgres
--

SELECT pg_catalog.setval('public.hotels_id_seq', 515, true);


--
-- Name: images_id_seq; Type: SEQUENCE SET; Schema: public; Owner: postgres
--

SELECT pg_catalog.setval('public.images_id_seq', 1139, true);


--
-- Name: payments_id_seq; Type: SEQUENCE SET; Schema: public; Owner: postgres
--

SELECT pg_catalog.setval('public.payments_id_seq', 4, true);


--
-- Name: plan_details_id_seq; Type: SEQUENCE SET; Schema: public; Owner: postgres
--

SELECT pg_catalog.setval('public.plan_details_id_seq', 27, true);


--
-- Name: plan_id_seq; Type: SEQUENCE SET; Schema: public; Owner: postgres
--

SELECT pg_catalog.setval('public.plan_id_seq', 13, true);


--
-- Name: roles_id_seq; Type: SEQUENCE SET; Schema: public; Owner: postgres
--

SELECT pg_catalog.setval('public.roles_id_seq', 1, true);


--
-- Name: room_amenities_id_seq; Type: SEQUENCE SET; Schema: public; Owner: postgres
--

SELECT pg_catalog.setval('public.room_amenities_id_seq', 2175, true);


--
-- Name: room_images_id_seq; Type: SEQUENCE SET; Schema: public; Owner: postgres
--

SELECT pg_catalog.setval('public.room_images_id_seq', 170, true);


--
-- Name: rooms_id_seq; Type: SEQUENCE SET; Schema: public; Owner: postgres
--

SELECT pg_catalog.setval('public.rooms_id_seq', 171, true);


--
-- Name: schedule_seats_id_seq; Type: SEQUENCE SET; Schema: public; Owner: postgres
--

SELECT pg_catalog.setval('public.schedule_seats_id_seq', 3452, true);


--
-- Name: schedules_id_seq; Type: SEQUENCE SET; Schema: public; Owner: postgres
--

SELECT pg_catalog.setval('public.schedules_id_seq', 1326, true);


--
-- Name: seats_id_seq; Type: SEQUENCE SET; Schema: public; Owner: postgres
--

SELECT pg_catalog.setval('public.seats_id_seq', 483, true);


--
-- Name: social_accounts_id_seq; Type: SEQUENCE SET; Schema: public; Owner: postgres
--

SELECT pg_catalog.setval('public.social_accounts_id_seq', 1, false);


--
-- Name: stations_id_seq; Type: SEQUENCE SET; Schema: public; Owner: postgres
--

SELECT pg_catalog.setval('public.stations_id_seq', 286, true);


--
-- Name: tags_id_seq; Type: SEQUENCE SET; Schema: public; Owner: postgres
--

SELECT pg_catalog.setval('public.tags_id_seq', 9, true);


--
-- Name: tickets_id_seq; Type: SEQUENCE SET; Schema: public; Owner: postgres
--

SELECT pg_catalog.setval('public.tickets_id_seq', 14, true);


--
-- Name: tours_id_seq; Type: SEQUENCE SET; Schema: public; Owner: postgres
--

SELECT pg_catalog.setval('public.tours_id_seq', 11, true);


--
-- Name: type_enterprise_details_id_seq; Type: SEQUENCE SET; Schema: public; Owner: postgres
--

SELECT pg_catalog.setval('public.type_enterprise_details_id_seq', 6, true);


--
-- Name: type_enterprises_id_seq; Type: SEQUENCE SET; Schema: public; Owner: postgres
--

SELECT pg_catalog.setval('public.type_enterprises_id_seq', 3, true);


--
-- Name: users_id_seq; Type: SEQUENCE SET; Schema: public; Owner: postgres
--

SELECT pg_catalog.setval('public.users_id_seq', 11, true);


--
-- Name: account_enterprises account_enterprises_pkey; Type: CONSTRAINT; Schema: public; Owner: postgres
--

ALTER TABLE ONLY public.account_enterprises
    ADD CONSTRAINT account_enterprises_pkey PRIMARY KEY (id);


--
-- Name: admins admins_pkey; Type: CONSTRAINT; Schema: public; Owner: postgres
--

ALTER TABLE ONLY public.admins
    ADD CONSTRAINT admins_pkey PRIMARY KEY (id);


--
-- Name: areas areas_pkey; Type: CONSTRAINT; Schema: public; Owner: postgres
--

ALTER TABLE ONLY public.areas
    ADD CONSTRAINT areas_pkey PRIMARY KEY (id);


--
-- Name: banner banner_pkey; Type: CONSTRAINT; Schema: public; Owner: postgres
--

ALTER TABLE ONLY public.banner
    ADD CONSTRAINT banner_pkey PRIMARY KEY (id);


--
-- Name: booking_hotels_details booking_hotels_details_pkey; Type: CONSTRAINT; Schema: public; Owner: postgres
--

ALTER TABLE ONLY public.booking_hotels_details
    ADD CONSTRAINT booking_hotels_details_pkey PRIMARY KEY (booking_hotel_detail_id);


--
-- Name: booking_hotels booking_hotels_pkey; Type: CONSTRAINT; Schema: public; Owner: postgres
--

ALTER TABLE ONLY public.booking_hotels
    ADD CONSTRAINT booking_hotels_pkey PRIMARY KEY (id);


--
-- Name: car_company car_company_pkey; Type: CONSTRAINT; Schema: public; Owner: postgres
--

ALTER TABLE ONLY public.car_company
    ADD CONSTRAINT car_company_pkey PRIMARY KEY (id);


--
-- Name: checkin_images checkin_images_pkey; Type: CONSTRAINT; Schema: public; Owner: postgres
--

ALTER TABLE ONLY public.checkin_images
    ADD CONSTRAINT checkin_images_pkey PRIMARY KEY (id);


--
-- Name: checkins checkins_pkey; Type: CONSTRAINT; Schema: public; Owner: postgres
--

ALTER TABLE ONLY public.checkins
    ADD CONSTRAINT checkins_pkey PRIMARY KEY (id);


--
-- Name: cities cities_pkey; Type: CONSTRAINT; Schema: public; Owner: postgres
--

ALTER TABLE ONLY public.cities
    ADD CONSTRAINT cities_pkey PRIMARY KEY (id);


--
-- Name: coupon_room coupon_room_pkey; Type: CONSTRAINT; Schema: public; Owner: postgres
--

ALTER TABLE ONLY public.coupon_room
    ADD CONSTRAINT coupon_room_pkey PRIMARY KEY (id);


--
-- Name: coupons coupons_pkey; Type: CONSTRAINT; Schema: public; Owner: postgres
--

ALTER TABLE ONLY public.coupons
    ADD CONSTRAINT coupons_pkey PRIMARY KEY (id);


--
-- Name: feedbacks feedbacks_pkey; Type: CONSTRAINT; Schema: public; Owner: postgres
--

ALTER TABLE ONLY public.feedbacks
    ADD CONSTRAINT feedbacks_pkey PRIMARY KEY (id);


--
-- Name: hotel_amenities hotel_amenities_pkey; Type: CONSTRAINT; Schema: public; Owner: postgres
--

ALTER TABLE ONLY public.hotel_amenities
    ADD CONSTRAINT hotel_amenities_pkey PRIMARY KEY (id);


--
-- Name: hotel_images hotel_images_pkey; Type: CONSTRAINT; Schema: public; Owner: postgres
--

ALTER TABLE ONLY public.hotel_images
    ADD CONSTRAINT hotel_images_pkey PRIMARY KEY (id);


--
-- Name: hotels hotels_pkey; Type: CONSTRAINT; Schema: public; Owner: postgres
--

ALTER TABLE ONLY public.hotels
    ADD CONSTRAINT hotels_pkey PRIMARY KEY (id);


--
-- Name: images images_pkey; Type: CONSTRAINT; Schema: public; Owner: postgres
--

ALTER TABLE ONLY public.images
    ADD CONSTRAINT images_pkey PRIMARY KEY (id);


--
-- Name: payments payments_pkey; Type: CONSTRAINT; Schema: public; Owner: postgres
--

ALTER TABLE ONLY public.payments
    ADD CONSTRAINT payments_pkey PRIMARY KEY (id);


--
-- Name: plan_details plan_details_pkey; Type: CONSTRAINT; Schema: public; Owner: postgres
--

ALTER TABLE ONLY public.plan_details
    ADD CONSTRAINT plan_details_pkey PRIMARY KEY (id);


--
-- Name: plan plan_pkey; Type: CONSTRAINT; Schema: public; Owner: postgres
--

ALTER TABLE ONLY public.plan
    ADD CONSTRAINT plan_pkey PRIMARY KEY (id);


--
-- Name: roles roles_pkey; Type: CONSTRAINT; Schema: public; Owner: postgres
--

ALTER TABLE ONLY public.roles
    ADD CONSTRAINT roles_pkey PRIMARY KEY (id);


--
-- Name: room_amenities room_amenities_pkey; Type: CONSTRAINT; Schema: public; Owner: postgres
--

ALTER TABLE ONLY public.room_amenities
    ADD CONSTRAINT room_amenities_pkey PRIMARY KEY (id);


--
-- Name: room_images room_images_pkey; Type: CONSTRAINT; Schema: public; Owner: postgres
--

ALTER TABLE ONLY public.room_images
    ADD CONSTRAINT room_images_pkey PRIMARY KEY (id);


--
-- Name: rooms rooms_pkey; Type: CONSTRAINT; Schema: public; Owner: postgres
--

ALTER TABLE ONLY public.rooms
    ADD CONSTRAINT rooms_pkey PRIMARY KEY (id);


--
-- Name: routes routes_pkey; Type: CONSTRAINT; Schema: public; Owner: postgres
--

ALTER TABLE ONLY public.routes
    ADD CONSTRAINT routes_pkey PRIMARY KEY (id);


--
-- Name: schedule_seats schedule_seats_pkey; Type: CONSTRAINT; Schema: public; Owner: postgres
--

ALTER TABLE ONLY public.schedule_seats
    ADD CONSTRAINT schedule_seats_pkey PRIMARY KEY (id);


--
-- Name: schedules schedules_pkey; Type: CONSTRAINT; Schema: public; Owner: postgres
--

ALTER TABLE ONLY public.schedules
    ADD CONSTRAINT schedules_pkey PRIMARY KEY (id);


--
-- Name: seats seats_pkey; Type: CONSTRAINT; Schema: public; Owner: postgres
--

ALTER TABLE ONLY public.seats
    ADD CONSTRAINT seats_pkey PRIMARY KEY (id);


--
-- Name: social_accounts social_accounts_pkey; Type: CONSTRAINT; Schema: public; Owner: postgres
--

ALTER TABLE ONLY public.social_accounts
    ADD CONSTRAINT social_accounts_pkey PRIMARY KEY (id);


--
-- Name: stations stations_pkey; Type: CONSTRAINT; Schema: public; Owner: postgres
--

ALTER TABLE ONLY public.stations
    ADD CONSTRAINT stations_pkey PRIMARY KEY (id);


--
-- Name: tags tags_pkey; Type: CONSTRAINT; Schema: public; Owner: postgres
--

ALTER TABLE ONLY public.tags
    ADD CONSTRAINT tags_pkey PRIMARY KEY (id);


--
-- Name: tickets tickets_pkey; Type: CONSTRAINT; Schema: public; Owner: postgres
--

ALTER TABLE ONLY public.tickets
    ADD CONSTRAINT tickets_pkey PRIMARY KEY (id);


--
-- Name: tours tours_pkey; Type: CONSTRAINT; Schema: public; Owner: postgres
--

ALTER TABLE ONLY public.tours
    ADD CONSTRAINT tours_pkey PRIMARY KEY (id);


--
-- Name: type_enterprise_details type_enterprise_details_pkey; Type: CONSTRAINT; Schema: public; Owner: postgres
--

ALTER TABLE ONLY public.type_enterprise_details
    ADD CONSTRAINT type_enterprise_details_pkey PRIMARY KEY (id);


--
-- Name: type_enterprises type_enterprises_pkey; Type: CONSTRAINT; Schema: public; Owner: postgres
--

ALTER TABLE ONLY public.type_enterprises
    ADD CONSTRAINT type_enterprises_pkey PRIMARY KEY (id);


--
-- Name: social_accounts uk2uty8llwi3lpahqx7ps5lwolh; Type: CONSTRAINT; Schema: public; Owner: postgres
--

ALTER TABLE ONLY public.social_accounts
    ADD CONSTRAINT uk2uty8llwi3lpahqx7ps5lwolh UNIQUE (user_id);


--
-- Name: users uk6dotkott2kjsp8vw4d0m25fb7; Type: CONSTRAINT; Schema: public; Owner: postgres
--

ALTER TABLE ONLY public.users
    ADD CONSTRAINT uk6dotkott2kjsp8vw4d0m25fb7 UNIQUE (email);


--
-- Name: tours_images ukcdl8do9xb3ggyuxnvdjj3k1sg; Type: CONSTRAINT; Schema: public; Owner: postgres
--

ALTER TABLE ONLY public.tours_images
    ADD CONSTRAINT ukcdl8do9xb3ggyuxnvdjj3k1sg UNIQUE (images_id);


--
-- Name: account_enterprises ukdjaen8shihiew56o9k35pm80s; Type: CONSTRAINT; Schema: public; Owner: postgres
--

ALTER TABLE ONLY public.account_enterprises
    ADD CONSTRAINT ukdjaen8shihiew56o9k35pm80s UNIQUE (username);


--
-- Name: account_enterprises ukhu68gat5fopbr1wj7xqi9oodb; Type: CONSTRAINT; Schema: public; Owner: postgres
--

ALTER TABLE ONLY public.account_enterprises
    ADD CONSTRAINT ukhu68gat5fopbr1wj7xqi9oodb UNIQUE (phone_number);


--
-- Name: roles ukofx66keruapi6vyqpv6f2or37; Type: CONSTRAINT; Schema: public; Owner: postgres
--

ALTER TABLE ONLY public.roles
    ADD CONSTRAINT ukofx66keruapi6vyqpv6f2or37 UNIQUE (name);


--
-- Name: account_enterprises ukokl4jol3kylyb9qict85txoyo; Type: CONSTRAINT; Schema: public; Owner: postgres
--

ALTER TABLE ONLY public.account_enterprises
    ADD CONSTRAINT ukokl4jol3kylyb9qict85txoyo UNIQUE (image_id);


--
-- Name: users ukr43af9ap4edm43mmtq01oddj6; Type: CONSTRAINT; Schema: public; Owner: postgres
--

ALTER TABLE ONLY public.users
    ADD CONSTRAINT ukr43af9ap4edm43mmtq01oddj6 UNIQUE (username);


--
-- Name: account_enterprises ukrafmhqve8xepsnjtm46nw857j; Type: CONSTRAINT; Schema: public; Owner: postgres
--

ALTER TABLE ONLY public.account_enterprises
    ADD CONSTRAINT ukrafmhqve8xepsnjtm46nw857j UNIQUE (email);


--
-- Name: users users_pkey; Type: CONSTRAINT; Schema: public; Owner: postgres
--

ALTER TABLE ONLY public.users
    ADD CONSTRAINT users_pkey PRIMARY KEY (id);


--
-- Name: vehicles vehicles_pkey; Type: CONSTRAINT; Schema: public; Owner: postgres
--

ALTER TABLE ONLY public.vehicles
    ADD CONSTRAINT vehicles_pkey PRIMARY KEY (code);


--
-- Name: account_enterprises account_enterprises_roles_id_fk; Type: FK CONSTRAINT; Schema: public; Owner: postgres
--

ALTER TABLE ONLY public.account_enterprises
    ADD CONSTRAINT account_enterprises_roles_id_fk FOREIGN KEY (role_id) REFERENCES public.roles(id);


--
-- Name: admins admins_roles_id_fk; Type: FK CONSTRAINT; Schema: public; Owner: postgres
--

ALTER TABLE ONLY public.admins
    ADD CONSTRAINT admins_roles_id_fk FOREIGN KEY (role_id) REFERENCES public.roles(id);


--
-- Name: checkins checkins_cities_id_fk; Type: FK CONSTRAINT; Schema: public; Owner: postgres
--

ALTER TABLE ONLY public.checkins
    ADD CONSTRAINT checkins_cities_id_fk FOREIGN KEY (city_id) REFERENCES public.cities(id);


--
-- Name: cities cities_images_id_fk; Type: FK CONSTRAINT; Schema: public; Owner: postgres
--

ALTER TABLE ONLY public.cities
    ADD CONSTRAINT cities_images_id_fk FOREIGN KEY (image_id) REFERENCES public.images(id);


--
-- Name: plan fk12gjedcaahnhl3jlqnfp4wvou; Type: FK CONSTRAINT; Schema: public; Owner: postgres
--

ALTER TABLE ONLY public.plan
    ADD CONSTRAINT fk12gjedcaahnhl3jlqnfp4wvou FOREIGN KEY (user_id) REFERENCES public.users(id);


--
-- Name: users fk17herqt2to4hyl5q5r5ogbxk9; Type: FK CONSTRAINT; Schema: public; Owner: postgres
--

ALTER TABLE ONLY public.users
    ADD CONSTRAINT fk17herqt2to4hyl5q5r5ogbxk9 FOREIGN KEY (image_id) REFERENCES public.images(id);


--
-- Name: account_enterprises fk1gra31rrdvrsh4g583l2h14nc; Type: FK CONSTRAINT; Schema: public; Owner: postgres
--

ALTER TABLE ONLY public.account_enterprises
    ADD CONSTRAINT fk1gra31rrdvrsh4g583l2h14nc FOREIGN KEY (city_id) REFERENCES public.cities(id);


--
-- Name: booking_hotels fk1neyyv2pi6ks599id2q6is0ff; Type: FK CONSTRAINT; Schema: public; Owner: postgres
--

ALTER TABLE ONLY public.booking_hotels
    ADD CONSTRAINT fk1neyyv2pi6ks599id2q6is0ff FOREIGN KEY (user_id) REFERENCES public.users(id);


--
-- Name: ticket_seats fk2lqhsnvybynd9txyqu99lhtwf; Type: FK CONSTRAINT; Schema: public; Owner: postgres
--

ALTER TABLE ONLY public.ticket_seats
    ADD CONSTRAINT fk2lqhsnvybynd9txyqu99lhtwf FOREIGN KEY (seat_id) REFERENCES public.seats(id);


--
-- Name: hotel_users fk2uwf8ee9lodmnfhyrmlj3h9e9; Type: FK CONSTRAINT; Schema: public; Owner: postgres
--

ALTER TABLE ONLY public.hotel_users
    ADD CONSTRAINT fk2uwf8ee9lodmnfhyrmlj3h9e9 FOREIGN KEY (user_id) REFERENCES public.users(id);


--
-- Name: booking_hotels_details fk2vpaqpocym42wfs6th7t24vlw; Type: FK CONSTRAINT; Schema: public; Owner: postgres
--

ALTER TABLE ONLY public.booking_hotels_details
    ADD CONSTRAINT fk2vpaqpocym42wfs6th7t24vlw FOREIGN KEY (booking_id) REFERENCES public.booking_hotels(id);


--
-- Name: feedbacks fk312drfl5lquu37mu4trk8jkwx; Type: FK CONSTRAINT; Schema: public; Owner: postgres
--

ALTER TABLE ONLY public.feedbacks
    ADD CONSTRAINT fk312drfl5lquu37mu4trk8jkwx FOREIGN KEY (user_id) REFERENCES public.users(id);


--
-- Name: car_images fk3cbxxeks9y32fs872er4qmqef; Type: FK CONSTRAINT; Schema: public; Owner: postgres
--

ALTER TABLE ONLY public.car_images
    ADD CONSTRAINT fk3cbxxeks9y32fs872er4qmqef FOREIGN KEY (image_id) REFERENCES public.images(id);


--
-- Name: seats fk3dwlsp81s52qd4hjvx8gl53da; Type: FK CONSTRAINT; Schema: public; Owner: postgres
--

ALTER TABLE ONLY public.seats
    ADD CONSTRAINT fk3dwlsp81s52qd4hjvx8gl53da FOREIGN KEY (vehicle_code) REFERENCES public.vehicles(code);


--
-- Name: tours_images fk3tot8pe33onjfyt76j5xlxx5x; Type: FK CONSTRAINT; Schema: public; Owner: postgres
--

ALTER TABLE ONLY public.tours_images
    ADD CONSTRAINT fk3tot8pe33onjfyt76j5xlxx5x FOREIGN KEY (tour_id) REFERENCES public.tours(id);


--
-- Name: tickets fk4eqsebpimnjen0q46ja6fl2hl; Type: FK CONSTRAINT; Schema: public; Owner: postgres
--

ALTER TABLE ONLY public.tickets
    ADD CONSTRAINT fk4eqsebpimnjen0q46ja6fl2hl FOREIGN KEY (user_id) REFERENCES public.users(id);


--
-- Name: plan_details fk4mltoem1fqjhaohbfqwmpmu1s; Type: FK CONSTRAINT; Schema: public; Owner: postgres
--

ALTER TABLE ONLY public.plan_details
    ADD CONSTRAINT fk4mltoem1fqjhaohbfqwmpmu1s FOREIGN KEY (type_ede) REFERENCES public.type_enterprise_details(id);


--
-- Name: checkin_images fk5b0dnyshumgx8cjt0qjufpdkq; Type: FK CONSTRAINT; Schema: public; Owner: postgres
--

ALTER TABLE ONLY public.checkin_images
    ADD CONSTRAINT fk5b0dnyshumgx8cjt0qjufpdkq FOREIGN KEY (checkin_id) REFERENCES public.checkins(id);


--
-- Name: vehicles fk5sdowfvm5d9fk3c2nv9usf4pw; Type: FK CONSTRAINT; Schema: public; Owner: postgres
--

ALTER TABLE ONLY public.vehicles
    ADD CONSTRAINT fk5sdowfvm5d9fk3c2nv9usf4pw FOREIGN KEY (car_company_id) REFERENCES public.car_company(id);


--
-- Name: hotel_amenities fk5v984hm7iyuvyccsgboplo7ii; Type: FK CONSTRAINT; Schema: public; Owner: postgres
--

ALTER TABLE ONLY public.hotel_amenities
    ADD CONSTRAINT fk5v984hm7iyuvyccsgboplo7ii FOREIGN KEY (hotel_id) REFERENCES public.hotels(id);


--
-- Name: social_accounts fk6rmxxiton5yuvu7ph2hcq2xn7; Type: FK CONSTRAINT; Schema: public; Owner: postgres
--

ALTER TABLE ONLY public.social_accounts
    ADD CONSTRAINT fk6rmxxiton5yuvu7ph2hcq2xn7 FOREIGN KEY (user_id) REFERENCES public.users(id);


--
-- Name: ticket_coupons fk7bb5xw26p1idpp9n7nh4eqhbf; Type: FK CONSTRAINT; Schema: public; Owner: postgres
--

ALTER TABLE ONLY public.ticket_coupons
    ADD CONSTRAINT fk7bb5xw26p1idpp9n7nh4eqhbf FOREIGN KEY (coupon_id) REFERENCES public.coupons(id);


--
-- Name: schedules fk7bsliilw0jbaysip696f85pge; Type: FK CONSTRAINT; Schema: public; Owner: postgres
--

ALTER TABLE ONLY public.schedules
    ADD CONSTRAINT fk7bsliilw0jbaysip696f85pge FOREIGN KEY (vehicle_code) REFERENCES public.vehicles(code);


--
-- Name: ticket_coupons fk7ifmjqmy5pmnwqfchkbspt30v; Type: FK CONSTRAINT; Schema: public; Owner: postgres
--

ALTER TABLE ONLY public.ticket_coupons
    ADD CONSTRAINT fk7ifmjqmy5pmnwqfchkbspt30v FOREIGN KEY (ticket_id) REFERENCES public.tickets(id);


--
-- Name: hotel_users fk841kbgfeu1rey3vypceodq42r; Type: FK CONSTRAINT; Schema: public; Owner: postgres
--

ALTER TABLE ONLY public.hotel_users
    ADD CONSTRAINT fk841kbgfeu1rey3vypceodq42r FOREIGN KEY (hotel_id) REFERENCES public.hotels(id);


--
-- Name: schedule_seats fk93fidvg3g0nuu0ftxit9cmon5; Type: FK CONSTRAINT; Schema: public; Owner: postgres
--

ALTER TABLE ONLY public.schedule_seats
    ADD CONSTRAINT fk93fidvg3g0nuu0ftxit9cmon5 FOREIGN KEY (schedule_id) REFERENCES public.schedules(id);


--
-- Name: tickets fk9byj2xh170rnfmlit5sddwhbc; Type: FK CONSTRAINT; Schema: public; Owner: postgres
--

ALTER TABLE ONLY public.tickets
    ADD CONSTRAINT fk9byj2xh170rnfmlit5sddwhbc FOREIGN KEY (schedule_id) REFERENCES public.schedules(id);


--
-- Name: room_images fk9ib7ptf4xwpxd38of6kf6dfma; Type: FK CONSTRAINT; Schema: public; Owner: postgres
--

ALTER TABLE ONLY public.room_images
    ADD CONSTRAINT fk9ib7ptf4xwpxd38of6kf6dfma FOREIGN KEY (image_id) REFERENCES public.images(id);


--
-- Name: type_enterprise_details fk9kboncs1i0nopm3ls7e5pcbha; Type: FK CONSTRAINT; Schema: public; Owner: postgres
--

ALTER TABLE ONLY public.type_enterprise_details
    ADD CONSTRAINT fk9kboncs1i0nopm3ls7e5pcbha FOREIGN KEY (id_type_enterprise) REFERENCES public.type_enterprises(id);


--
-- Name: hotel_amenities fk9lfeq7fpckk8c84qyjasblcr5; Type: FK CONSTRAINT; Schema: public; Owner: postgres
--

ALTER TABLE ONLY public.hotel_amenities
    ADD CONSTRAINT fk9lfeq7fpckk8c84qyjasblcr5 FOREIGN KEY (icon_id) REFERENCES public.images(id);


--
-- Name: hotels fka7i8iqrelnqbwckjpbn8kgn8v; Type: FK CONSTRAINT; Schema: public; Owner: postgres
--

ALTER TABLE ONLY public.hotels
    ADD CONSTRAINT fka7i8iqrelnqbwckjpbn8kgn8v FOREIGN KEY (enterprise_id) REFERENCES public.account_enterprises(id);


--
-- Name: tours fka7vxn7ly8p7wb9e0obefitcu; Type: FK CONSTRAINT; Schema: public; Owner: postgres
--

ALTER TABLE ONLY public.tours
    ADD CONSTRAINT fka7vxn7ly8p7wb9e0obefitcu FOREIGN KEY (car_company_id) REFERENCES public.car_company(id);


--
-- Name: tours fkakrlsyid8o071q0281b20rjpw; Type: FK CONSTRAINT; Schema: public; Owner: postgres
--

ALTER TABLE ONLY public.tours
    ADD CONSTRAINT fkakrlsyid8o071q0281b20rjpw FOREIGN KEY (hotel_id) REFERENCES public.hotels(id);


--
-- Name: tours_user_used fkanio0p6bxpu7gpre0q2f86jrc; Type: FK CONSTRAINT; Schema: public; Owner: postgres
--

ALTER TABLE ONLY public.tours_user_used
    ADD CONSTRAINT fkanio0p6bxpu7gpre0q2f86jrc FOREIGN KEY (user_used_id) REFERENCES public.users(id);


--
-- Name: account_enterprises fkbhuu09y6degjvmtr0h0wiywre; Type: FK CONSTRAINT; Schema: public; Owner: postgres
--

ALTER TABLE ONLY public.account_enterprises
    ADD CONSTRAINT fkbhuu09y6degjvmtr0h0wiywre FOREIGN KEY (image_id) REFERENCES public.images(id);


--
-- Name: schedules fkc29vj8art9umx13trmnv0pqw7; Type: FK CONSTRAINT; Schema: public; Owner: postgres
--

ALTER TABLE ONLY public.schedules
    ADD CONSTRAINT fkc29vj8art9umx13trmnv0pqw7 FOREIGN KEY (route_id) REFERENCES public.routes(id);


--
-- Name: routes fkc8ew1hharsogwom1plr25s789; Type: FK CONSTRAINT; Schema: public; Owner: postgres
--

ALTER TABLE ONLY public.routes
    ADD CONSTRAINT fkc8ew1hharsogwom1plr25s789 FOREIGN KEY (origin_station_id) REFERENCES public.stations(id);


--
-- Name: feedbacks fkd1w2vtl65tm8ghjrdd1cer6lt; Type: FK CONSTRAINT; Schema: public; Owner: postgres
--

ALTER TABLE ONLY public.feedbacks
    ADD CONSTRAINT fkd1w2vtl65tm8ghjrdd1cer6lt FOREIGN KEY (enterprise_id) REFERENCES public.account_enterprises(id);


--
-- Name: tours fkdxw03mwwaltylfysfk1ilxlqr; Type: FK CONSTRAINT; Schema: public; Owner: postgres
--

ALTER TABLE ONLY public.tours
    ADD CONSTRAINT fkdxw03mwwaltylfysfk1ilxlqr FOREIGN KEY (checkin_id) REFERENCES public.checkins(id);


--
-- Name: tour_tag fkeqgdrgwmojaxwcryjcnsqvs3q; Type: FK CONSTRAINT; Schema: public; Owner: postgres
--

ALTER TABLE ONLY public.tour_tag
    ADD CONSTRAINT fkeqgdrgwmojaxwcryjcnsqvs3q FOREIGN KEY (tour_id) REFERENCES public.tours(id);


--
-- Name: cities fkf9exsc7232ka632y7ho6l8rwd; Type: FK CONSTRAINT; Schema: public; Owner: postgres
--

ALTER TABLE ONLY public.cities
    ADD CONSTRAINT fkf9exsc7232ka632y7ho6l8rwd FOREIGN KEY (area_id) REFERENCES public.areas(id);


--
-- Name: tours_images fkftevjxqgkn9ex7thqlrvq9ewj; Type: FK CONSTRAINT; Schema: public; Owner: postgres
--

ALTER TABLE ONLY public.tours_images
    ADD CONSTRAINT fkftevjxqgkn9ex7thqlrvq9ewj FOREIGN KEY (images_id) REFERENCES public.images(id);


--
-- Name: coupon_room fkfupm7wdi69xlmbp9b7tur30jh; Type: FK CONSTRAINT; Schema: public; Owner: postgres
--

ALTER TABLE ONLY public.coupon_room
    ADD CONSTRAINT fkfupm7wdi69xlmbp9b7tur30jh FOREIGN KEY (coupon_id) REFERENCES public.coupons(id);


--
-- Name: tour_tag fkfvm14qav3ksseqi7bb2ilen10; Type: FK CONSTRAINT; Schema: public; Owner: postgres
--

ALTER TABLE ONLY public.tour_tag
    ADD CONSTRAINT fkfvm14qav3ksseqi7bb2ilen10 FOREIGN KEY (tag_id) REFERENCES public.tags(id);


--
-- Name: tours fkfwdwsgr89s71n8go9nf6n9k82; Type: FK CONSTRAINT; Schema: public; Owner: postgres
--

ALTER TABLE ONLY public.tours
    ADD CONSTRAINT fkfwdwsgr89s71n8go9nf6n9k82 FOREIGN KEY (route_id) REFERENCES public.routes(id);


--
-- Name: ticket_seats fkfxdd0rdiannlumvkr87jjkpr0; Type: FK CONSTRAINT; Schema: public; Owner: postgres
--

ALTER TABLE ONLY public.ticket_seats
    ADD CONSTRAINT fkfxdd0rdiannlumvkr87jjkpr0 FOREIGN KEY (ticket_id) REFERENCES public.tickets(id);


--
-- Name: plan_details fkhdflc5x3lat8g4g8rl9qwjccw; Type: FK CONSTRAINT; Schema: public; Owner: postgres
--

ALTER TABLE ONLY public.plan_details
    ADD CONSTRAINT fkhdflc5x3lat8g4g8rl9qwjccw FOREIGN KEY (plan_id) REFERENCES public.plan(id);


--
-- Name: schedule_seats fki18sa1xr3993qqfcjo4rjwj0m; Type: FK CONSTRAINT; Schema: public; Owner: postgres
--

ALTER TABLE ONLY public.schedule_seats
    ADD CONSTRAINT fki18sa1xr3993qqfcjo4rjwj0m FOREIGN KEY (seat_id) REFERENCES public.seats(id);


--
-- Name: booking_hotels_details fkitcf5mtp0xbiy99wpoft65xx9; Type: FK CONSTRAINT; Schema: public; Owner: postgres
--

ALTER TABLE ONLY public.booking_hotels_details
    ADD CONSTRAINT fkitcf5mtp0xbiy99wpoft65xx9 FOREIGN KEY (room_id) REFERENCES public.rooms(id);


--
-- Name: banner fkjwkdjn1nnith6ne1b0tyqy9co; Type: FK CONSTRAINT; Schema: public; Owner: postgres
--

ALTER TABLE ONLY public.banner
    ADD CONSTRAINT fkjwkdjn1nnith6ne1b0tyqy9co FOREIGN KEY (image_id) REFERENCES public.images(id);


--
-- Name: routes fkly70s5iw3o58kq9cmx0vxpwoa; Type: FK CONSTRAINT; Schema: public; Owner: postgres
--

ALTER TABLE ONLY public.routes
    ADD CONSTRAINT fkly70s5iw3o58kq9cmx0vxpwoa FOREIGN KEY (destination_station_id) REFERENCES public.stations(id);


--
-- Name: car_images fkm9po7p6kiom0g5c3lnv8ryke1; Type: FK CONSTRAINT; Schema: public; Owner: postgres
--

ALTER TABLE ONLY public.car_images
    ADD CONSTRAINT fkm9po7p6kiom0g5c3lnv8ryke1 FOREIGN KEY (car_id) REFERENCES public.car_company(id);


--
-- Name: car_company fko02cso0v0m5lvferx7o6la23p; Type: FK CONSTRAINT; Schema: public; Owner: postgres
--

ALTER TABLE ONLY public.car_company
    ADD CONSTRAINT fko02cso0v0m5lvferx7o6la23p FOREIGN KEY (enterprise_id) REFERENCES public.account_enterprises(id);


--
-- Name: coupons fkp1y4nsw44n2h9nlqy0oamb026; Type: FK CONSTRAINT; Schema: public; Owner: postgres
--

ALTER TABLE ONLY public.coupons
    ADD CONSTRAINT fkp1y4nsw44n2h9nlqy0oamb026 FOREIGN KEY (account_enterprise_id) REFERENCES public.account_enterprises(id);


--
-- Name: rooms fkp5lufxy0ghq53ugm93hdc941k; Type: FK CONSTRAINT; Schema: public; Owner: postgres
--

ALTER TABLE ONLY public.rooms
    ADD CONSTRAINT fkp5lufxy0ghq53ugm93hdc941k FOREIGN KEY (hotel_id) REFERENCES public.hotels(id);


--
-- Name: account_enterprises fkpdokcdqsyslaho3d46xxbpjn3; Type: FK CONSTRAINT; Schema: public; Owner: postgres
--

ALTER TABLE ONLY public.account_enterprises
    ADD CONSTRAINT fkpdokcdqsyslaho3d46xxbpjn3 FOREIGN KEY (type_detail_id) REFERENCES public.type_enterprise_details(id);


--
-- Name: tours fkpi2va0qmftsm8s94efu2tu40i; Type: FK CONSTRAINT; Schema: public; Owner: postgres
--

ALTER TABLE ONLY public.tours
    ADD CONSTRAINT fkpi2va0qmftsm8s94efu2tu40i FOREIGN KEY (admin_id) REFERENCES public.admins(id);


--
-- Name: room_amenities fkps6ofup9gxhn8juqvproxbaud; Type: FK CONSTRAINT; Schema: public; Owner: postgres
--

ALTER TABLE ONLY public.room_amenities
    ADD CONSTRAINT fkps6ofup9gxhn8juqvproxbaud FOREIGN KEY (room_id) REFERENCES public.rooms(id);


--
-- Name: booking_hotels fkq2tf73swm3a8532tylns3kwyi; Type: FK CONSTRAINT; Schema: public; Owner: postgres
--

ALTER TABLE ONLY public.booking_hotels
    ADD CONSTRAINT fkq2tf73swm3a8532tylns3kwyi FOREIGN KEY (payment_id) REFERENCES public.payments(id);


--
-- Name: hotel_images fkrj3n45f8oqy1yr996g14j757i; Type: FK CONSTRAINT; Schema: public; Owner: postgres
--

ALTER TABLE ONLY public.hotel_images
    ADD CONSTRAINT fkrj3n45f8oqy1yr996g14j757i FOREIGN KEY (hotel_id) REFERENCES public.hotels(id);


--
-- Name: plan fkrwiavb11v2oa3q40uc6g0o967; Type: FK CONSTRAINT; Schema: public; Owner: postgres
--

ALTER TABLE ONLY public.plan
    ADD CONSTRAINT fkrwiavb11v2oa3q40uc6g0o967 FOREIGN KEY (payment_id) REFERENCES public.payments(id);


--
-- Name: tickets fkryn3ko9bmcvl6ulh796fjsw9m; Type: FK CONSTRAINT; Schema: public; Owner: postgres
--

ALTER TABLE ONLY public.tickets
    ADD CONSTRAINT fkryn3ko9bmcvl6ulh796fjsw9m FOREIGN KEY (payment_id) REFERENCES public.payments(id);


--
-- Name: tours_user_used fks0syhqs6oepwvettei4snrq8e; Type: FK CONSTRAINT; Schema: public; Owner: postgres
--

ALTER TABLE ONLY public.tours_user_used
    ADD CONSTRAINT fks0syhqs6oepwvettei4snrq8e FOREIGN KEY (tour_id) REFERENCES public.tours(id);


--
-- Name: hotel_images fks5hu22l7bhgroj8j1goy1o5g8; Type: FK CONSTRAINT; Schema: public; Owner: postgres
--

ALTER TABLE ONLY public.hotel_images
    ADD CONSTRAINT fks5hu22l7bhgroj8j1goy1o5g8 FOREIGN KEY (image_id) REFERENCES public.images(id);


--
-- Name: coupon_room fkshug2rndea29vnx1olyl4l0yt; Type: FK CONSTRAINT; Schema: public; Owner: postgres
--

ALTER TABLE ONLY public.coupon_room
    ADD CONSTRAINT fkshug2rndea29vnx1olyl4l0yt FOREIGN KEY (room_id) REFERENCES public.rooms(id);


--
-- Name: checkin_images fkt2upqas6gylejte1t1at92y2u; Type: FK CONSTRAINT; Schema: public; Owner: postgres
--

ALTER TABLE ONLY public.checkin_images
    ADD CONSTRAINT fkt2upqas6gylejte1t1at92y2u FOREIGN KEY (image_id) REFERENCES public.images(id);


--
-- Name: room_amenities fktkh006l7mcmyglxj5u7px64pf; Type: FK CONSTRAINT; Schema: public; Owner: postgres
--

ALTER TABLE ONLY public.room_amenities
    ADD CONSTRAINT fktkh006l7mcmyglxj5u7px64pf FOREIGN KEY (icon_id) REFERENCES public.images(id);


--
-- Name: room_images fktky1jnwoh1hv50m263p2vlt0y; Type: FK CONSTRAINT; Schema: public; Owner: postgres
--

ALTER TABLE ONLY public.room_images
    ADD CONSTRAINT fktky1jnwoh1hv50m263p2vlt0y FOREIGN KEY (room_id) REFERENCES public.rooms(id);


--
-- Name: stations stations_cities_id_fk; Type: FK CONSTRAINT; Schema: public; Owner: postgres
--

ALTER TABLE ONLY public.stations
    ADD CONSTRAINT stations_cities_id_fk FOREIGN KEY (city_id) REFERENCES public.cities(id);


--
-- Name: users users_roles_id_fk; Type: FK CONSTRAINT; Schema: public; Owner: postgres
--

ALTER TABLE ONLY public.users
    ADD CONSTRAINT users_roles_id_fk FOREIGN KEY (role_id) REFERENCES public.roles(id);


--
-- PostgreSQL database dump complete
--

